Invoice_ID,Customer_ID,Customer_Name,Customer_Type,Industry,Region,Country,City,Email,Phone,Registration_Date,Account_Status,Payment_Terms,Credit_Limit,Account_Manager,Contract_ID,Service_Type,Plan_Name,Unit_Price,Estimated_Usage,Contract_Price,Discount_Allowed,Tax_Rate,Billing_Cycle,Contract_Duration,SLA_Level,Billing_Month,Billing_Year,Actual_Usage,Billed_Usage,Peak_Usage,OffPeak_Usage,Expected_Amount,Invoice_Date,Due_Date,Currency,Invoice_Status,Payment_Status,Invoice_Version,Tax_Expected,Tax_Billed,Discount_Applied,Discount_Amount,Billed_Amount,Missing_GST,Usage_Mismatch,Extra_Discount,Wrong_Pricing,Missing_Charge,Duplicate_Invoice,Contract_Violation,Late_Billing,Leakage_Type,Leakage_Amount,Leakage,Payment_Term_Days,Customer_Tenure_Days,Customer_Tenure_Years,Usage_Difference,Usage_Billing_Ratio,Amount_Difference,Billing_Ratio,Tax_Difference,Tax_Billing_Ratio,Discount_Difference,Discount_Exceeded,Expected_Unit_Revenue,Actual_Unit_Revenue,Unit_Revenue_Difference,Usage_Utilization,Contract_Amount_Difference,Peak_Usage_Ratio,OffPeak_Usage_Ratio,Invoice_Year,Invoice_Month,Invoice_Day,Invoice_DayOfWeek,Invoice_Quarter,Due_Year,Due_Month,Due_Day,Leakage_Probability,Leakage_Probability_Percentage,Leakage_Prediction,Prediction,Risk_Level,Potential_Leakage
TEST000001,CUST00170,"Rodriguez, Jones and Phillips",Government,Finance,East,USA,Port Williamview,heather69@carrillo-todd.info,+1-279-607-1416x33565,2023-09-16,Suspended,Net 15,712143.0,John Thomas,CON00078,Security,SOC,15.0,2819.0,19410.0,15.0,18.0,Yearly,12.0,Platinum,9.0,2026.0,1294.0,1294.0,1371.0,1217.0,19410.0,2025-09-24,2025-10-24,USD,Generated,Paid,2.0,3493.8,3493.8,15.0,2911.5,19992.3,0,0,0,0,0,0,0,0,,0.0,0,15.0,1063,2.9103353867214237,0.0,1.0,-582.2999999999993,1.03,0.0,1.0,0.0,0,15.0,15.45,-0.4499999999999993,0.4590280241220291,0.0,1.0595054095826892,0.9404945904173106,2025,9,24,2,3,2025,10,24,0.1289,12.89,0,No Revenue Leakage,LOW,0.0
TEST000002,CUST00384,Moore Ltd,Government,Education,East,Australia,Saraborough,herreraapril@robinson.com,905.523.1244,2022-05-18,Inactive,Net 45,154555.0,Rahul Sharma,CON00048,Security,Firewall,15.0,2019.0,23265.0,5.0,18.0,Quarterly,36.0,Gold,1.0,2026.0,1551.0,1551.0,1800.0,1544.0,23265.0,2025-12-11,2026-01-10,INR,Generated,Pending,1.0,4187.7,4187.7,5.0,1163.25,21892.05,0,0,0,0,1,0,0,0,Missing Charge,4397.4,1,45.0,1549,4.240930869267625,0.0,1.0,1372.9500000000007,0.9409864603481625,0.0,1.0,0.0,0,15.0,14.114796905222436,0.8852030947775642,0.7682020802377415,0.0,1.1605415860735009,0.9954867827208252,2025,12,11,3,4,2026,1,10,0.9996,99.96,1,Revenue Leakage Detected,HIGH,1372.9500000000007
TEST000003,CUST00108,Miller Inc,Retail,Logistics,South,Singapore,Port David,bbell@moody-wright.com,589.899.4043,2024-02-10,Active,Net 15,934574.0,Sneha Patel,CON00038,Cloud,Enterprise Cloud,20.0,2384.0,45720.0,5.0,18.0,Quarterly,12.0,Platinum,10.0,2026.0,2286.0,2286.0,2402.0,2239.0,45720.0,2026-02-20,2026-03-22,USD,Generated,Pending,2.0,8229.6,8229.6,5.0,2286.0,51663.6,0,0,0,0,0,0,0,0,,0.0,0,15.0,916,2.507871321013005,0.0,1.0,-5943.5999999999985,1.13,0.0,1.0,0.0,0,20.0,22.599999999999998,-2.599999999999998,0.9588926174496645,0.0,1.0507436570428696,0.9794400699912511,2026,2,20,4,1,2026,3,22,0.0261,2.61,0,No Revenue Leakage,LOW,0.0
TEST000004,CUST00473,"Adams, Cantu and Kennedy",Enterprise,IT,North,Australia,Nathanport,jessica57@coleman-long.biz,5605652740,2023-10-10,Suspended,Net 45,426742.0,Rahul Sharma,CON00114,Voice,Voice Premium,5.0,1506.0,8845.0,10.0,18.0,Quarterly,12.0,Gold,1.0,2026.0,1769.0,1769.0,1772.0,1733.0,8845.0,2026-02-23,2026-03-25,USD,Sent,Pending,1.0,1592.1,1592.1,10.0,884.5,9552.6,0,0,0,0,0,0,0,0,,0.0,0,45.0,1039,2.844626967830253,0.0,1.0,-707.6000000000004,1.08,0.0,1.0,0.0,0,5.0,5.4,-0.40000000000000036,1.1746347941567066,0.0,1.001695873374788,0.9796495195025439,2026,2,23,0,1,2026,3,25,0.0805,8.05,0,No Revenue Leakage,LOW,0.0
TEST000005,CUST00470,"Gill, Woods and Garcia",Enterprise,Manufacturing,South,India,West Kristyland,timothyramos@gonzalez-daniels.com,+1-974-290-9617x399,2023-09-27,Inactive,Net 15,370701.0,John Thomas,CON00002,Voice,Voice Premium,5.0,1939.0,9175.0,0.0,18.0,Yearly,24.0,Silver,4.0,2026.0,1835.0,1835.0,1908.0,1797.0,9175.0,2026-04-17,2026-05-17,INR,Sent,Pending,3.0,1651.5,1651.5,0.0,0.0,10826.5,0,0,0,0,0,0,0,0,,0.0,0,15.0,1052,2.8802190280629705,0.0,1.0,-1651.5,1.18,0.0,1.0,0.0,0,5.0,5.9,-0.9000000000000004,0.9463641052088706,0.0,1.0397820163487739,0.979291553133515,2026,4,17,4,2,2026,5,17,0.0562,5.62,0,No Revenue Leakage,LOW,0.0
TEST000006,CUST00185,"Lopez, Bailey and Oconnor",Government,Telecom,North,Singapore,Mikaylaside,caseymoore@weiss-weaver.info,7863209593,2026-03-07,Inactive,Net 30,310910.0,Sneha Patel,CON00076,Voice,Voice Premium,5.0,1616.0,3195.0,15.0,18.0,Monthly,24.0,Gold,12.0,2026.0,639.0,639.0,653.0,504.0,3195.0,2026-07-08,2026-08-07,INR,Paid,Paid,2.0,575.1,575.1,15.0,479.25,3290.85,0,0,0,0,0,0,0,0,,0.0,0,30.0,160,0.4380561259411362,0.0,1.0,-95.84999999999991,1.03,0.0,1.0,0.0,0,5.0,5.1499999999999995,-0.14999999999999947,0.39542079207920794,0.0,1.021909233176839,0.7887323943661971,2026,7,8,2,3,2026,8,7,0.0672,6.72,0,No Revenue Leakage,LOW,0.0
TEST000007,CUST00188,"Cruz, Lee and Sandoval",Retail,Finance,South,Singapore,New Kara,xreese@ray.biz,922-786-8528,2024-04-11,Active,Net 30,491501.0,John Thomas,CON00181,Cloud,Business Cloud,20.0,738.0,52280.0,0.0,18.0,Monthly,12.0,Bronze,1.0,2026.0,2614.0,2614.0,2657.0,2453.0,52280.0,2025-09-17,2025-10-17,EUR,Generated,Overdue,1.0,9410.4,9410.4,0.0,0.0,61690.4,0,0,0,0,0,0,0,0,,0.0,0,30.0,855,2.3408624229979464,0.0,1.0,-9410.400000000001,1.18,0.0,1.0,0.0,0,20.0,23.6,-3.6000000000000014,3.5420054200542004,0.0,1.0164498852333588,0.9384085692425401,2025,9,17,2,3,2025,10,17,0.0588,5.88,0,No Revenue Leakage,LOW,0.0
TEST000008,CUST00014,Clark-Wright,Enterprise,IT,East,India,West Kimberlychester,sarayoung@cherry.biz,2259634216,2023-06-28,Active,Net 60,183767.0,John Thomas,CON00069,Voice,Voice Basic,5.0,1591.0,7715.0,10.0,18.0,Yearly,12.0,Platinum,3.0,2026.0,1543.0,1543.0,1632.0,1474.0,7715.0,2026-07-18,2026-08-17,USD,Paid,Paid,2.0,1388.7,1388.7,10.0,771.5,8332.2,0,0,0,0,0,0,0,0,,0.0,0,60.0,1143,3.1293634496919918,0.0,1.0,-617.2000000000007,1.08,0.0,1.0,0.0,0,5.0,5.4,-0.40000000000000036,0.9698302954116907,0.0,1.0576798444588464,0.9552819183408944,2026,7,18,5,3,2026,8,17,0.0203,2.03,0,No Revenue Leakage,LOW,0.0
TEST000009,CUST00463,Hudson Group,SMB,Telecom,South,India,West Andrewfurt,melissamartin@sharp-allen.info,001-935-524-1039x773,2023-02-06,Suspended,Net 30,177795.0,Sneha Patel,CON00149,Security,Firewall,15.0,2924.0,10935.0,0.0,18.0,Quarterly,36.0,Silver,12.0,2026.0,729.0,729.0,950.0,584.0,10935.0,2025-11-03,2025-12-03,EUR,Sent,Overdue,2.0,1968.3,1968.3,0.0,0.0,10137.27,0,0,0,1,0,0,0,0,Wrong Pricing,2766.03,1,30.0,1285,3.5181382614647503,0.0,1.0,797.7299999999996,0.927048010973937,0.0,1.0,0.0,0,15.0,13.905720164609054,1.094279835390946,0.24931600547195623,0.0,1.3031550068587106,0.8010973936899863,2025,11,3,0,4,2025,12,3,0.9998,99.98,1,Revenue Leakage Detected,HIGH,797.7299999999996
TEST000010,CUST00458,"Palmer, Dickerson and Sanchez",Enterprise,Manufacturing,South,India,West Ashleyborough,shill@hill.com,+1-662-944-0630x624,2024-04-20,Suspended,Net 45,529926.0,Sneha Patel,CON00064,Security,Endpoint Security,15.0,988.0,24285.0,0.0,18.0,Quarterly,12.0,Silver,5.0,2026.0,1619.0,1619.0,1657.0,1527.0,24285.0,2026-07-22,2026-08-21,EUR,Generated,Overdue,1.0,4371.3,4371.3,0.0,0.0,28656.3,0,0,0,0,0,0,0,0,,0.0,0,45.0,846,2.316221765913758,0.0,1.0,-4371.299999999999,1.18,0.0,1.0,0.0,0,15.0,17.7,-2.6999999999999993,1.638663967611336,0.0,1.0234712785670166,0.9431747992588018,2026,7,22,2,3,2026,8,21,0.0805,8.05,0,No Revenue Leakage,LOW,0.0
TEST000011,CUST00202,"James, Tate and Barr",Retail,IT,North,India,East Misty,kaylawilliams@collins-mack.info,221-923-0940x7778,2023-08-15,Active,Net 45,657847.0,Priya Nair,CON00166,SaaS,CRM,25.0,2859.0,46300.0,5.0,18.0,Yearly,36.0,Bronze,1.0,2026.0,1852.0,1852.0,2023.0,1763.0,46300.0,2026-03-30,2026-04-29,USD,Generated,Overdue,2.0,8334.0,8334.0,20.0,9260.0,45374.0,0,0,1,0,0,0,0,0,Extra Discount,6945.0,1,45.0,1095,2.9979466119096507,0.0,1.0,926.0,0.98,0.0,1.0,-15.0,1,25.0,24.5,0.5,0.6477789436866037,0.0,1.0923326133909288,0.9519438444924406,2026,3,30,0,1,2026,4,29,0.9998,99.98,1,Revenue Leakage Detected,HIGH,926.0
TEST000012,CUST00444,"Mendoza, Williams and Dominguez",Government,IT,West,Australia,Joshuaton,roysara@chen.net,805-309-2221,2022-01-27,Inactive,Net 30,255735.0,Arjun Kumar,CON00076,Voice,Voice Premium,5.0,1616.0,13325.0,15.0,18.0,Monthly,24.0,Gold,4.0,2026.0,2665.0,2665.0,2884.0,2528.0,13325.0,2026-04-07,2026-05-07,INR,Generated,Paid,1.0,2398.5,2398.5,15.0,1998.75,13724.75,0,0,0,0,0,0,0,1,Late Billing,3183.0,1,30.0,1660,4.544832306639288,0.0,1.0,-399.75,1.03,0.0,1.0,0.0,0,5.0,5.15,-0.15000000000000036,1.6491336633663367,0.0,1.0821763602251406,0.94859287054409,2026,4,7,1,2,2026,5,7,0.2754,27.54,0,No Revenue Leakage,LOW,0.0
TEST000013,CUST00332,Montgomery-Hopkins,Retail,Education,West,USA,Robertsonborough,andersensusan@smith-ward.com,001-857-639-7691x5671,2023-04-04,Active,Net 15,885036.0,Rahul Sharma,CON00045,SaaS,HRMS,25.0,1624.0,23850.0,0.0,18.0,Yearly,12.0,Bronze,12.0,2026.0,954.0,954.0,1218.0,801.0,23850.0,2026-03-13,2026-04-12,INR,Generated,Paid,3.0,4293.0,4293.0,0.0,0.0,28143.0,0,0,0,0,0,0,0,1,Late Billing,797.0,1,15.0,1228,3.36208076659822,0.0,1.0,-4293.0,1.18,0.0,1.0,0.0,0,25.0,29.5,-4.5,0.5874384236453202,0.0,1.2767295597484276,0.839622641509434,2026,3,13,4,1,2026,4,12,0.1836,18.36,0,No Revenue Leakage,LOW,0.0
TEST000014,CUST00303,Kelly-Olson,Enterprise,Logistics,East,Australia,Lopezberg,brownlarry@palmer-pearson.com,498-222-7495x4508,2023-08-13,Suspended,Net 15,444583.0,Rahul Sharma,CON00164,SaaS,CRM,25.0,2532.0,62075.0,5.0,18.0,Monthly,12.0,Silver,4.0,2026.0,2483.0,2483.0,2695.0,2304.0,62075.0,2026-01-19,2026-02-18,INR,Paid,Pending,2.0,11173.5,11173.5,5.0,3103.75,70144.75,0,0,0,0,0,0,0,0,,0.0,0,15.0,1097,3.0034223134839153,0.0,1.0,-8069.75,1.13,0.0,1.0,0.0,0,25.0,28.25,-3.25,0.9806477093206951,0.0,1.085380587998389,0.92790978654853,2026,1,19,0,1,2026,2,18,0.0304,3.04,0,No Revenue Leakage,LOW,0.0
TEST000015,CUST00223,Lee-Johnson,SMB,Manufacturing,South,India,North Sheenaborough,ericksondavid@anderson.org,(812)744-7174,2023-10-14,Suspended,Net 60,243283.0,John Thomas,CON00158,SaaS,CRM,25.0,1067.0,19175.0,10.0,18.0,Monthly,24.0,Silver,9.0,2026.0,767.0,767.0,835.0,731.0,19175.0,2026-06-09,2026-07-09,EUR,Paid,Pending,2.0,3451.5,3451.5,10.0,1917.5,15550.47,0,0,0,1,0,0,0,0,Wrong Pricing,5158.53,1,60.0,1035,2.833675564681725,0.0,1.0,3624.5300000000007,0.8109762711864407,0.0,1.0,0.0,0,25.0,20.274406779661017,4.7255932203389825,0.7188378631677601,0.0,1.0886571056062582,0.9530638852672751,2026,6,9,1,2,2026,7,9,0.9995,99.95,1,Revenue Leakage Detected,HIGH,3624.5300000000007
TEST000016,CUST00287,Black-Lee,Retail,IT,North,Singapore,Shawnberg,fpoole@brown.info,871.658.6988,2026-07-26,Active,Net 45,367348.0,Sneha Patel,CON00119,Voice,Voice Basic,5.0,577.0,13570.0,5.0,18.0,Monthly,36.0,Silver,7.0,2026.0,2714.0,2714.0,2723.0,2560.0,13570.0,2026-03-19,2026-04-18,INR,Sent,Overdue,1.0,2442.6,2442.6,5.0,678.5,15334.1,0,0,0,0,0,0,0,1,Late Billing,3463.0,1,45.0,19,0.05201916495550993,0.0,1.0,-1764.1000000000004,1.1300000000000001,0.0,1.0,0.0,0,5.0,5.65,-0.6500000000000004,4.703639514731369,0.0,1.003316138540899,0.9432571849668386,2026,3,19,3,1,2026,4,18,0.06,6.0,0,No Revenue Leakage,LOW,0.0
TEST000017,CUST00443,Cline Group,Government,IT,East,India,Jessicaborough,patrickwhite@cowan.com,6942515480,2023-12-08,Active,Net 60,461274.0,John Thomas,CON00019,Internet,Fiber 300,10.0,2249.0,12490.0,10.0,18.0,Yearly,12.0,Silver,10.0,2026.0,1249.0,1249.0,1338.0,1218.0,12490.0,2026-03-09,2026-04-08,EUR,Generated,Pending,3.0,2248.2,2248.2,10.0,1249.0,13489.2,0,0,0,0,0,0,0,0,,0.0,0,60.0,980,2.6830937713894594,0.0,1.0,-999.2000000000007,1.08,0.0,1.0,0.0,0,10.0,10.8,-0.8000000000000007,0.555357936860827,0.0,1.0712570056044837,0.9751801441152922,2026,3,9,0,1,2026,4,8,0.1101,11.01,0,No Revenue Leakage,LOW,0.0
TEST000018,CUST00252,"Garcia, Kim and Barrett",Retail,Telecom,North,Australia,North Douglasfurt,figueroapatricia@brown.com,696.813.6749,2024-08-16,Suspended,Net 60,833204.0,John Thomas,CON00024,SaaS,CRM,25.0,756.0,18275.0,15.0,18.0,Yearly,12.0,Silver,1.0,2026.0,731.0,731.0,905.0,590.0,18275.0,2026-07-02,2026-08-01,INR,Generated,Paid,1.0,3289.5,3289.5,15.0,2741.25,18823.25,0,0,0,0,0,0,0,0,,0.0,0,60.0,728,1.9931553730321698,0.0,1.0,-548.25,1.03,0.0,1.0,0.0,0,25.0,25.75,-0.75,0.966931216931217,0.0,1.2380300957592338,0.8071135430916553,2026,7,2,3,3,2026,8,1,0.0509,5.09,0,No Revenue Leakage,LOW,0.0
TEST000019,CUST00432,"Ingram, Green and Stewart",Government,Education,North,Singapore,Lambchester,dgreen@washington-robinson.com,276-239-2831x9952,2024-10-27,Active,Net 45,663375.0,Sneha Patel,CON00057,Security,Firewall,15.0,2956.0,13425.0,15.0,18.0,Quarterly,36.0,Platinum,7.0,2026.0,895.0,895.0,1165.0,775.0,13425.0,2026-05-19,2026-06-18,USD,Sent,Overdue,1.0,2416.5,2416.5,15.0,2013.75,10789.42,0,0,0,0,0,0,1,0,Contract Violation,3038.33,1,45.0,656,1.7960301163586585,0.0,1.0,2635.58,0.8036811918063315,0.0,1.0,0.0,0,15.0,12.055217877094972,2.9447821229050284,0.3027740189445196,0.0,1.3016759776536313,0.8659217877094972,2026,5,19,1,2,2026,6,18,0.9988,99.88,1,Revenue Leakage Detected,HIGH,2635.58
TEST000020,CUST00029,Evans-Chapman,Retail,Education,East,USA,Torreston,mezajared@baker.com,928.612.0679,2021-11-15,Suspended,Net 15,641460.0,Rahul Sharma,CON00122,Cloud,Basic Cloud,20.0,889.0,43700.0,15.0,18.0,Monthly,36.0,Platinum,2.0,2026.0,2185.0,2185.0,2449.0,2066.0,43700.0,2026-06-06,2026-07-06,INR,Sent,Paid,2.0,7866.0,7866.0,15.0,6555.0,45011.0,0,0,0,0,0,1,0,0,Duplicate Invoice,45011.0,1,15.0,1733,4.744695414099931,0.0,1.0,-1311.0,1.03,0.0,1.0,0.0,0,20.0,20.6,-0.6000000000000014,2.4578177727784025,0.0,1.1208237986270022,0.9455377574370709,2026,6,6,5,2,2026,7,6,0.0804,8.04,0,No Revenue Leakage,LOW,0.0
TEST000021,CUST00340,"White, Washington and Newman",Retail,Finance,East,UK,Evansberg,nguyenjennifer@lopez.net,+1-387-418-9813,2023-02-16,Inactive,Net 45,584670.0,Arjun Kumar,CON00163,Voice,Voice Premium,5.0,2277.0,9155.0,0.0,18.0,Monthly,24.0,Silver,10.0,2026.0,1831.0,1831.0,2109.0,1738.0,9155.0,2026-06-03,2026-07-03,USD,Sent,Pending,2.0,1647.9,1647.9,0.0,0.0,9985.09,0,0,0,0,0,0,1,0,Contract Violation,817.81,1,45.0,1275,3.490759753593429,0.0,1.0,-830.0900000000001,1.0906706717640633,0.0,1.0,0.0,0,5.0,5.4533533588203165,-0.45335335882031647,0.8041282389108476,0.0,1.1518296013107592,0.949208083014746,2026,6,3,2,2,2026,7,3,0.9802,98.02,1,Revenue Leakage Detected,HIGH,0.0
TEST000022,CUST00338,Clark Ltd,Enterprise,Logistics,South,Australia,Lake Denise,jessica91@floyd.biz,+1-820-515-7201x85962,2021-11-19,Inactive,Net 15,609873.0,John Thomas,CON00163,Voice,Voice Premium,5.0,2277.0,9325.0,0.0,18.0,Monthly,24.0,Silver,6.0,2026.0,1865.0,1865.0,1918.0,1685.0,9325.0,2026-02-15,2026-03-17,EUR,Sent,Overdue,3.0,1678.5,1678.5,0.0,0.0,11003.5,0,0,0,0,0,0,0,0,,0.0,0,15.0,1729,4.733744010951403,0.0,1.0,-1678.5,1.18,0.0,1.0,0.0,0,5.0,5.9,-0.9000000000000004,0.8190601668862538,0.0,1.0284182305630027,0.903485254691689,2026,2,15,6,1,2026,3,17,0.014,1.4,0,No Revenue Leakage,LOW,0.0
TEST000023,CUST00172,"Smith, Vincent and Rubio",SMB,Manufacturing,West,India,Watsonmouth,kvillanueva@henry-joyce.net,763-892-0867x808,2023-01-31,Active,Net 15,144270.0,John Thomas,CON00001,SaaS,ERP,25.0,1320.0,45300.0,10.0,18.0,Yearly,12.0,Gold,6.0,2026.0,1812.0,1812.0,1949.0,1698.0,45300.0,2026-05-27,2026-06-26,INR,Paid,Paid,3.0,8154.0,8154.0,10.0,4530.0,48924.0,0,0,0,0,0,0,0,1,Late Billing,988.0,1,15.0,1291,3.5345653661875427,0.0,1.0,-3624.0,1.08,0.0,1.0,0.0,0,25.0,27.0,-2.0,1.3727272727272728,0.0,1.07560706401766,0.9370860927152318,2026,5,27,2,2,2026,6,26,0.0173,1.73,0,No Revenue Leakage,LOW,0.0
TEST000024,CUST00296,"Hawkins, Ramirez and Reynolds",Enterprise,Logistics,West,Australia,Nicolemouth,tiffany74@bates.com,279.250.2097,2023-01-27,Inactive,Net 15,960830.0,Priya Nair,CON00136,Internet,Fiber 300,10.0,653.0,12620.0,10.0,18.0,Yearly,24.0,Gold,3.0,2026.0,1262.0,1262.0,1266.0,1107.0,12620.0,2026-06-05,2026-07-05,INR,Sent,Overdue,2.0,2271.6,2271.6,10.0,1262.0,13278.92,0,0,0,0,0,0,1,0,Contract Violation,350.68,1,15.0,1295,3.5455167693360714,0.0,1.0,-658.9200000000001,1.0522123613312202,0.0,1.0,0.0,0,10.0,10.522123613312203,-0.5221236133122034,1.9326186830015315,0.0,1.0031695721077654,0.8771790808240888,2026,6,5,4,2,2026,7,5,0.4511,45.11,0,No Revenue Leakage,LOW,0.0
TEST000025,CUST00387,Smith Ltd,SMB,Healthcare,North,USA,Lake Markmouth,rachel81@campbell-lewis.com,784-591-9665,2023-04-10,Active,Net 60,810109.0,John Thomas,CON00185,Voice,Voice Basic,5.0,2288.0,7310.0,10.0,18.0,Yearly,36.0,Bronze,9.0,2026.0,1462.0,1462.0,1587.0,1433.0,7310.0,2026-03-24,2026-04-23,EUR,Paid,Pending,2.0,1315.8,1315.8,10.0,731.0,7894.8,0,0,0,0,0,0,0,0,,0.0,0,60.0,1222,3.345653661875428,0.0,1.0,-584.8000000000002,1.08,0.0,1.0,0.0,0,5.0,5.4,-0.40000000000000036,0.638986013986014,0.0,1.085499316005472,0.9801641586867305,2026,3,24,1,1,2026,4,23,0.0934,9.34,0,No Revenue Leakage,LOW,0.0
TEST000026,CUST00403,Cunningham-Vaughn,Enterprise,Healthcare,North,Australia,North Joyhaven,mileszachary@yang.com,340-579-3110x2918,2023-05-02,Inactive,Net 15,795466.0,Sneha Patel,CON00154,Internet,Fiber 300,10.0,774.0,10760.0,15.0,18.0,Yearly,36.0,Gold,12.0,2026.0,1076.0,1076.0,1353.0,906.0,10760.0,2026-01-27,2026-02-26,USD,Generated,Overdue,3.0,1936.8,1936.8,15.0,1614.0,10582.63,0,0,0,0,0,0,1,0,Contract Violation,500.17,1,15.0,1200,3.2854209445585214,0.0,1.0,177.3700000000008,0.9835157992565055,0.0,1.0,0.0,0,10.0,9.835157992565055,0.16484200743494526,1.3901808785529717,0.0,1.2574349442379182,0.8420074349442379,2026,1,27,1,1,2026,2,26,0.9994,99.94,1,Revenue Leakage Detected,HIGH,177.3700000000008
TEST000027,CUST00289,Armstrong-Williams,Government,Manufacturing,West,USA,North Nathan,kevin70@thomas.biz,7443327018,2021-12-22,Inactive,Net 30,771864.0,Sneha Patel,CON00189,Voice,Voice Premium,5.0,928.0,5820.0,10.0,18.0,Yearly,12.0,Gold,11.0,2026.0,1164.0,1164.0,1331.0,1058.0,5820.0,2025-11-10,2025-12-10,USD,Paid,Pending,3.0,1047.6,1047.6,10.0,582.0,6285.6,0,0,0,0,0,0,0,0,,0.0,0,30.0,1696,4.643394934976044,0.0,1.0,-465.60000000000036,1.08,0.0,1.0,0.0,0,5.0,5.4,-0.40000000000000036,1.2543103448275863,0.0,1.1434707903780068,0.9089347079037801,2025,11,10,0,4,2025,12,10,0.028,2.8,0,No Revenue Leakage,LOW,0.0
TEST000028,CUST00268,Wood Ltd,SMB,Telecom,West,USA,Millerfort,monicamccann@mcdaniel-reeves.biz,001-294-211-8005x3759,2023-10-03,Inactive,Net 60,456845.0,John Thomas,CON00112,Voice,Voice Basic,5.0,2356.0,2965.0,10.0,18.0,Monthly,12.0,Gold,9.0,2026.0,593.0,593.0,660.0,465.0,2965.0,2025-08-09,2025-09-08,INR,Paid,Pending,3.0,533.7,533.7,10.0,296.5,3202.2,0,0,0,0,0,1,0,0,Duplicate Invoice,3202.2,1,60.0,1046,2.863791923340178,0.0,1.0,-237.19999999999982,1.0799999999999998,0.0,1.0,0.0,0,5.0,5.3999999999999995,-0.39999999999999947,0.25169779286926997,0.0,1.1129848229342327,0.7841483979763912,2025,8,9,5,3,2025,9,8,0.0332,3.32,0,No Revenue Leakage,LOW,0.0
TEST000029,CUST00304,"Fuentes, Hansen and Brown",Enterprise,Logistics,North,Singapore,Jamesborough,kristenpeterson@alvarez.com,001-995-294-6521,2025-10-24,Inactive,Net 45,936926.0,Sneha Patel,CON00122,Cloud,Basic Cloud,20.0,889.0,49100.0,15.0,18.0,Monthly,36.0,Platinum,8.0,2026.0,2455.0,2455.0,2583.0,2439.0,49100.0,2026-04-04,2026-05-04,INR,Generated,Overdue,1.0,8838.0,8838.0,15.0,7365.0,50573.0,0,0,0,0,0,0,0,0,,0.0,0,45.0,294,0.8049281314168378,0.0,1.0,-1473.0,1.03,0.0,1.0,0.0,0,20.0,20.6,-0.6000000000000014,2.7615298087739033,0.0,1.0521384928716904,0.9934826883910387,2026,4,4,5,2,2026,5,4,0.2747,27.47,0,No Revenue Leakage,LOW,0.0
TEST000030,CUST00076,"Donovan, Johns and Woods",SMB,Finance,South,USA,Port Tamara,justin01@andrews.com,(262)606-7240,2026-06-05,Suspended,Net 15,856790.0,Arjun Kumar,CON00019,Internet,Fiber 300,10.0,2249.0,23080.0,10.0,18.0,Yearly,12.0,Silver,6.0,2026.0,2308.0,2308.0,2510.0,2232.0,23080.0,2025-09-09,2025-10-09,INR,Generated,Paid,3.0,4154.4,4154.4,10.0,2308.0,24926.4,0,0,0,0,0,0,0,0,,0.0,0,15.0,70,0.19164955509924708,0.0,1.0,-1846.4000000000015,1.08,0.0,1.0,0.0,0,10.0,10.8,-0.8000000000000007,1.0262338817252112,0.0,1.0875216637781628,0.9670710571923743,2025,9,9,1,3,2025,10,9,0.1109,11.09,0,No Revenue Leakage,LOW,0.0
TEST000031,CUST00175,"Holmes, Le and Floyd",Retail,IT,East,India,Johnshire,rosshannah@lewis.info,+1-317-754-5588x4506,2023-04-16,Active,Net 30,928806.0,John Thomas,CON00146,Cloud,Business Cloud,20.0,2318.0,11540.0,5.0,18.0,Quarterly,24.0,Gold,9.0,2026.0,577.0,577.0,818.0,500.0,11540.0,2025-09-21,2025-10-21,USD,Paid,Pending,3.0,2077.2,2077.2,5.0,577.0,13040.2,0,0,0,0,0,0,0,0,,0.0,0,30.0,1216,3.3292265571526354,0.0,1.0,-1500.2000000000007,1.1300000000000001,0.0,1.0,0.0,0,20.0,22.6,-2.6000000000000014,0.24892148403796377,0.0,1.417677642980936,0.8665511265164645,2025,9,21,6,3,2025,10,21,0.1199,11.99,0,No Revenue Leakage,LOW,0.0
TEST000032,CUST00079,Bernard Group,Enterprise,Healthcare,West,Singapore,South Julie,robert87@pham.org,587-485-1910,2022-12-30,Inactive,Net 15,246582.0,Sneha Patel,CON00196,Voice,Voice Premium,5.0,1397.0,14495.0,5.0,18.0,Monthly,36.0,Bronze,11.0,2026.0,2899.0,2899.0,3133.0,2868.0,14495.0,2025-11-28,2025-12-28,INR,Generated,Pending,1.0,2609.1,2609.1,5.0,724.75,16379.35,0,0,0,0,0,0,0,0,,0.0,0,15.0,1323,3.62217659137577,0.0,1.0,-1884.3500000000004,1.1300000000000001,0.0,1.0,0.0,0,5.0,5.65,-0.6500000000000004,2.075161059413028,0.0,1.0807174887892377,0.9893066574680924,2025,11,28,4,4,2025,12,28,0.0255,2.55,0,No Revenue Leakage,LOW,0.0
TEST000033,CUST00485,"Guerra, Duncan and Martinez",Government,Healthcare,North,Australia,Port Sheri,donnapaul@powell.com,824-757-9889x425,2022-10-31,Suspended,Net 30,911396.0,Rahul Sharma,CON00150,Security,Firewall,15.0,868.0,19290.0,0.0,18.0,Yearly,36.0,Gold,9.0,2026.0,1286.0,1286.0,1584.0,1128.0,19290.0,2026-06-22,2026-07-22,USD,Sent,Pending,3.0,3472.2,3472.2,0.0,0.0,22762.2,0,0,0,0,0,0,0,0,,0.0,0,30.0,1383,3.786447638603696,0.0,1.0,-3472.2000000000007,1.18,0.0,1.0,0.0,0,15.0,17.7,-2.6999999999999993,1.4815668202764978,0.0,1.2317262830482114,0.8771384136858476,2026,6,22,0,2,2026,7,22,0.0337,3.37,0,No Revenue Leakage,LOW,0.0
TEST000034,CUST00286,Sims-Gomez,Enterprise,Finance,West,India,Port Debraville,vevans@chavez.org,001-889-535-4492,2022-06-28,Active,Net 15,819299.0,John Thomas,CON00045,SaaS,HRMS,25.0,1624.0,12800.0,0.0,18.0,Yearly,12.0,Bronze,12.0,2026.0,512.0,512.0,559.0,354.0,12800.0,2025-09-16,2025-10-16,USD,Paid,Pending,3.0,2304.0,2304.0,0.0,0.0,15104.0,0,0,0,0,0,0,0,0,,0.0,0,15.0,1508,4.128678986995209,0.0,1.0,-2304.0,1.18,0.0,1.0,0.0,0,25.0,29.5,-4.5,0.31527093596059114,0.0,1.091796875,0.69140625,2025,9,16,1,3,2025,10,16,0.0345,3.45,0,No Revenue Leakage,LOW,0.0
TEST000035,CUST00452,Davis-Sanchez,Government,Education,East,UK,Adamburgh,cory86@lewis.info,001-831-362-5265x469,2024-07-18,Inactive,Net 45,991768.0,Arjun Kumar,CON00132,SaaS,ERP,25.0,2869.0,56550.0,5.0,18.0,Quarterly,12.0,Bronze,5.0,2026.0,2262.0,2262.0,2470.0,2213.0,56550.0,2026-01-30,2026-03-01,EUR,Generated,Pending,1.0,10179.0,10179.0,5.0,2827.5,63901.5,0,0,0,0,0,0,0,0,,0.0,0,45.0,757,2.0725530458590007,0.0,1.0,-7351.5,1.13,0.0,1.0,0.0,0,25.0,28.25,-3.25,0.7884280237016382,0.0,1.0919540229885059,0.9783377541998232,2026,1,30,4,1,2026,3,1,0.0252,2.52,0,No Revenue Leakage,LOW,0.0
TEST000036,CUST00273,Thompson-Hanna,Government,Healthcare,West,USA,Davisborough,paulpowell@goodwin.info,(849)325-1583x77674,2025-03-10,Inactive,Net 30,852514.0,Sneha Patel,CON00134,Cloud,Basic Cloud,20.0,2212.0,26700.0,15.0,18.0,Yearly,36.0,Gold,11.0,2026.0,1335.0,1335.0,1347.0,1190.0,26700.0,2025-08-13,2025-09-12,USD,Generated,Overdue,2.0,4806.0,4806.0,15.0,4005.0,27501.0,0,0,0,0,0,0,0,0,,0.0,0,30.0,522,1.429158110882957,0.0,1.0,-801.0,1.03,0.0,1.0,0.0,0,20.0,20.6,-0.6000000000000014,0.6035262206148282,0.0,1.0089887640449438,0.8913857677902621,2025,8,13,2,3,2025,9,12,0.0317,3.17,0,No Revenue Leakage,LOW,0.0
TEST000037,CUST00032,Bailey-Cook,SMB,Education,West,Singapore,Port Eugenechester,zroberts@johnson.com,001-268-508-7603x85977,2023-11-13,Suspended,Net 45,159751.0,John Thomas,CON00129,SaaS,HRMS,25.0,951.0,60575.0,0.0,18.0,Monthly,24.0,Platinum,5.0,2026.0,2423.0,2423.0,2430.0,2391.0,60575.0,2026-06-21,2026-07-21,USD,Generated,Pending,2.0,10903.5,10903.5,10.0,6057.5,65421.0,0,0,1,0,0,0,0,0,Extra Discount,6057.5,1,45.0,1005,2.751540041067762,0.0,1.0,-4846.0,1.08,0.0,1.0,-10.0,1,25.0,27.0,-2.0,2.547844374342797,0.0,1.0028889806025587,0.9867932315311597,2026,6,21,6,2,2026,7,21,0.9938,99.38,1,Revenue Leakage Detected,HIGH,0.0
TEST000038,CUST00158,Anderson-Rios,Retail,Telecom,West,Australia,West Christineborough,todd59@torres.com,962-705-3364x52577,2024-03-12,Active,Net 15,64382.0,Arjun Kumar,CON00192,Security,Firewall,15.0,1184.0,11220.0,5.0,18.0,Quarterly,12.0,Bronze,10.0,2026.0,748.0,748.0,844.0,611.0,11220.0,2026-07-21,2026-08-20,USD,Generated,Overdue,2.0,2019.6,2019.6,5.0,561.0,9851.3,0,0,0,1,0,0,0,0,Wrong Pricing,2827.3,1,15.0,885,2.42299794661191,0.0,1.0,1368.7000000000007,0.87801247771836,0.0,1.0,0.0,0,15.0,13.1701871657754,1.8298128342245992,0.6317567567567568,0.0,1.1283422459893049,0.8168449197860963,2026,7,21,1,3,2026,8,20,0.9995,99.95,1,Revenue Leakage Detected,HIGH,1368.7000000000007
TEST000039,CUST00367,"Potter, Gordon and Smith",Retail,IT,East,UK,Fraziermouth,samantha84@perez.com,962.736.9036x28917,2025-01-15,Active,Net 15,602370.0,John Thomas,CON00004,Voice,Voice Basic,5.0,2127.0,12755.0,10.0,18.0,Monthly,36.0,Gold,10.0,2026.0,2551.0,2551.0,2670.0,2450.0,12755.0,2026-05-02,2026-06-01,INR,Sent,Paid,3.0,2295.9,2295.9,10.0,1275.5,13775.4,0,0,0,0,0,0,0,0,,0.0,0,15.0,576,1.5770020533880904,0.0,1.0,-1020.3999999999996,1.08,0.0,1.0,0.0,0,5.0,5.3999999999999995,-0.39999999999999947,1.1993417959567465,0.0,1.0466483731869856,0.9604076832614661,2026,5,2,5,2,2026,6,1,0.1774,17.74,0,No Revenue Leakage,LOW,0.0
TEST000040,CUST00371,Shea PLC,SMB,Logistics,West,Singapore,East Ashleyfort,ballarddouglas@payne-novak.com,317.452.4214x9551,2025-07-07,Active,Net 45,111063.0,Rahul Sharma,CON00150,Security,Firewall,15.0,868.0,24930.0,0.0,18.0,Yearly,36.0,Gold,10.0,2026.0,1662.0,1662.0,1923.0,1543.0,24930.0,2026-02-15,2026-03-17,EUR,Sent,Overdue,1.0,4487.4,4487.4,0.0,0.0,29417.4,0,0,0,0,0,0,0,0,,0.0,0,45.0,403,1.103353867214237,0.0,1.0,-4487.4000000000015,1.1800000000000002,0.0,1.0,0.0,0,15.0,17.7,-2.6999999999999993,1.9147465437788018,0.0,1.1570397111913358,0.9283995186522263,2026,2,15,6,1,2026,3,17,0.0378,3.78,0,No Revenue Leakage,LOW,0.0
TEST000041,CUST00036,Harrington-Baker,Retail,Logistics,West,India,Santosmouth,ofinley@clay.org,434-631-6117,2021-11-03,Active,Net 60,121295.0,Priya Nair,CON00064,Security,Endpoint Security,15.0,988.0,26145.0,0.0,18.0,Quarterly,12.0,Silver,5.0,2026.0,1743.0,1743.0,1932.0,1627.0,26145.0,2026-04-29,2026-05-29,USD,Paid,Overdue,2.0,4706.1,4706.1,0.0,0.0,29022.12,0,0,0,0,0,0,1,0,Contract Violation,1828.98,1,60.0,1745,4.777549623545517,0.0,1.0,-2877.119999999999,1.1100447504302926,0.0,1.0,0.0,0,15.0,16.650671256454388,-1.6506712564543875,1.76417004048583,0.0,1.108433734939759,0.9334480780263913,2026,4,29,2,2,2026,5,29,0.9657,96.57,1,Revenue Leakage Detected,HIGH,0.0
TEST000042,CUST00389,Davis-Lang,SMB,Finance,South,Singapore,Joshuastad,xmiller@snyder-williams.com,001-377-715-9103x002,2025-04-20,Active,Net 30,427869.0,Rahul Sharma,CON00138,Security,Endpoint Security,15.0,2914.0,18045.0,5.0,18.0,Quarterly,36.0,Bronze,7.0,2026.0,1203.0,1203.0,1378.0,1108.0,18045.0,2025-12-09,2026-01-08,INR,Sent,Pending,3.0,3248.1,3248.1,5.0,902.25,20390.85,0,0,0,0,0,0,0,0,,0.0,0,30.0,481,1.3169062286105406,0.0,1.0,-2345.8499999999985,1.13,0.0,1.0,0.0,0,15.0,16.95,-1.9499999999999993,0.41283459162663005,0.0,1.14546965918537,0.9210307564422278,2025,12,9,1,4,2026,1,8,0.4222,42.22,0,No Revenue Leakage,LOW,0.0
TEST000043,CUST00462,Smith-Gallegos,SMB,IT,West,Australia,Douglasville,acarpenter@jenkins-fields.org,229.798.1996,2023-09-21,Suspended,Net 45,805111.0,Arjun Kumar,CON00009,Internet,Fiber 1000,10.0,2208.0,11510.0,10.0,18.0,Quarterly,24.0,Bronze,11.0,2026.0,1151.0,1151.0,1247.0,1021.0,11510.0,2025-10-29,2025-11-28,EUR,Generated,Overdue,3.0,2071.8,2071.8,10.0,1151.0,12430.8,0,0,0,0,0,0,0,0,,0.0,0,45.0,1058,2.8966461327857633,0.0,1.0,-920.7999999999993,1.0799999999999998,0.0,1.0,0.0,0,10.0,10.799999999999999,-0.7999999999999989,0.521286231884058,0.0,1.0834057341442225,0.8870547350130321,2025,10,29,2,4,2025,11,28,0.0533,5.33,0,No Revenue Leakage,LOW,0.0
TEST000044,CUST00296,"Hawkins, Ramirez and Reynolds",Enterprise,Logistics,West,Australia,Nicolemouth,tiffany74@bates.com,279.250.2097,2023-01-27,Inactive,Net 15,960830.0,Priya Nair,CON00112,Voice,Voice Basic,5.0,2356.0,6140.0,10.0,18.0,Monthly,12.0,Gold,2.0,2026.0,1228.0,1228.0,1482.0,1137.0,6140.0,2026-01-10,2026-02-09,USD,Sent,Pending,2.0,1105.2,1105.2,10.0,614.0,6631.2,0,0,0,0,0,0,0,0,,0.0,0,15.0,1295,3.5455167693360714,0.0,1.0,-491.1999999999998,1.08,0.0,1.0,0.0,0,5.0,5.3999999999999995,-0.39999999999999947,0.5212224108658744,0.0,1.206840390879479,0.9258957654723127,2026,1,10,5,1,2026,2,9,0.1172,11.72,0,No Revenue Leakage,LOW,0.0
TEST000045,CUST00478,Owens-Preston,Government,Logistics,North,Singapore,Lake Mark,deborahmorgan@norman.com,(594)709-6003x5624,2026-02-14,Inactive,Net 30,88211.0,Rahul Sharma,CON00186,SaaS,HRMS,25.0,1903.0,70700.0,15.0,18.0,Monthly,24.0,Silver,11.0,2026.0,2828.0,2828.0,3092.0,2629.0,70700.0,2025-11-14,2025-12-14,EUR,Paid,Paid,2.0,12726.0,12726.0,15.0,10605.0,67212.34,0,0,0,0,0,0,1,0,Contract Violation,5608.66,1,30.0,181,0.49555099247091033,0.0,1.0,3487.6600000000035,0.9506695898161244,0.0,1.0,0.0,0,25.0,23.76673974540311,1.233260254596889,1.486074619022596,0.0,1.0933521923620932,0.9296322489391796,2025,11,14,4,4,2025,12,14,0.9988,99.88,1,Revenue Leakage Detected,HIGH,3487.6600000000035
TEST000046,CUST00239,"Newman, Jenkins and Cooper",Government,Logistics,East,USA,Toddhaven,kellis@villanueva.com,437-654-0254x729,2023-02-23,Inactive,Net 60,728250.0,Sneha Patel,CON00024,SaaS,CRM,25.0,756.0,60975.0,15.0,18.0,Yearly,12.0,Silver,6.0,2026.0,2439.0,2439.0,2648.0,2355.0,60975.0,2025-12-22,2026-01-21,EUR,Paid,Overdue,2.0,10975.5,10975.5,15.0,9146.25,60166.03,0,0,0,0,0,0,1,0,Contract Violation,2638.22,1,60.0,1268,3.4715947980835042,0.0,1.0,808.9700000000012,0.9867327593275933,0.0,1.0,0.0,0,25.0,24.66831898318983,0.3316810168101689,3.2261904761904763,0.0,1.085690856908569,0.965559655596556,2025,12,22,0,4,2026,1,21,0.999,99.9,1,Revenue Leakage Detected,HIGH,808.9700000000012
TEST000047,CUST00383,Myers Group,Government,Telecom,North,UK,South Charlesland,gracebrooks@schultz-hayes.com,(740)929-9015,2026-03-30,Active,Net 15,116912.0,John Thomas,CON00128,Voice,Voice Basic,5.0,549.0,2990.0,15.0,18.0,Monthly,24.0,Gold,6.0,2026.0,598.0,598.0,694.0,486.0,2990.0,2026-08-04,2026-09-03,USD,Sent,Paid,3.0,538.2,538.2,15.0,448.5,3079.7,0,0,0,0,0,0,0,0,,0.0,0,15.0,137,0.3750855578370979,0.0,1.0,-89.69999999999982,1.03,0.0,1.0,0.0,0,5.0,5.1499999999999995,-0.14999999999999947,1.0892531876138434,0.0,1.160535117056856,0.8127090301003345,2026,8,4,1,3,2026,9,3,0.0181,1.81,0,No Revenue Leakage,LOW,0.0
TEST000048,CUST00474,Wall-Johnson,Government,Manufacturing,West,UK,Gibbsmouth,laurenwilliamson@gates-rodriguez.com,(657)897-0673,2022-02-06,Inactive,Net 45,726746.0,Sneha Patel,CON00109,SaaS,ERP,25.0,2491.0,67200.0,0.0,18.0,Yearly,12.0,Gold,10.0,2026.0,2688.0,2688.0,2865.0,2677.0,67200.0,2025-12-25,2026-01-24,USD,Generated,Paid,3.0,12096.0,12096.0,0.0,0.0,79296.0,0,0,0,0,0,0,0,1,Late Billing,578.0,1,45.0,1650,4.517453798767967,0.0,1.0,-12096.0,1.18,0.0,1.0,0.0,0,25.0,29.5,-4.5,1.079084704937776,0.0,1.0658482142857142,0.9959077380952381,2025,12,25,3,4,2026,1,24,0.0399,3.99,0,No Revenue Leakage,LOW,0.0
TEST000049,CUST00032,Bailey-Cook,SMB,Education,West,Singapore,Port Eugenechester,zroberts@johnson.com,001-268-508-7603x85977,2023-11-13,Suspended,Net 45,159751.0,John Thomas,CON00109,SaaS,ERP,25.0,2491.0,67575.0,0.0,18.0,Yearly,12.0,Gold,3.0,2026.0,2703.0,2703.0,2903.0,2667.0,67575.0,2026-06-17,2026-07-17,USD,Paid,Pending,1.0,12163.5,12163.5,0.0,0.0,79738.5,0,0,0,0,0,0,0,0,,0.0,0,45.0,1005,2.751540041067762,0.0,1.0,-12163.5,1.18,0.0,1.0,0.0,0,25.0,29.5,-4.5,1.0851063829787233,0.0,1.0739918608953014,0.9866814650388457,2026,6,17,2,2,2026,7,17,0.0462,4.62,0,No Revenue Leakage,LOW,0.0
TEST000050,CUST00284,"Nielsen, Hernandez and Andrews",SMB,Healthcare,North,Australia,Robertside,jennifer55@wilcox.org,(867)538-9975,2024-02-28,Suspended,Net 15,202999.0,Arjun Kumar,CON00038,Cloud,Enterprise Cloud,20.0,2384.0,26820.0,5.0,18.0,Quarterly,12.0,Platinum,6.0,2026.0,1341.0,1341.0,1467.0,1152.0,26820.0,2026-01-02,2026-02-01,EUR,Sent,Paid,2.0,4827.6,4827.6,5.0,1341.0,30306.6,0,0,0,0,0,0,0,0,,0.0,0,15.0,898,2.458590006844627,0.0,1.0,-3486.5999999999985,1.13,0.0,1.0,0.0,0,20.0,22.599999999999998,-2.599999999999998,0.5625,0.0,1.0939597315436242,0.8590604026845637,2026,1,2,4,1,2026,2,1,0.157,15.7,0,No Revenue Leakage,LOW,0.0
TEST000051,CUST00455,Green-Walters,Enterprise,Telecom,West,India,Shawfort,megan51@pollard.biz,+1-612-205-9438x97607,2022-08-18,Inactive,Net 15,896143.0,Rahul Sharma,CON00139,Internet,Fiber 300,10.0,1657.0,13160.0,10.0,18.0,Yearly,36.0,Silver,10.0,2026.0,1316.0,1316.0,1479.0,1191.0,13160.0,2026-05-25,2026-06-24,USD,Generated,Paid,2.0,2368.8,2368.8,10.0,1316.0,12859.83,0,0,0,0,1,0,0,0,Missing Charge,1352.97,1,15.0,1457,3.9890485968514717,0.0,1.0,300.1700000000001,0.9771907294832827,0.0,1.0,0.0,0,10.0,9.771907294832827,0.22809270516717284,0.7942063971031985,0.0,1.1238601823708207,0.9050151975683891,2026,5,25,0,2,2026,6,24,0.999,99.9,1,Revenue Leakage Detected,HIGH,300.1700000000001
TEST000052,CUST00155,Miller Inc,Retail,Manufacturing,South,India,Port Johnathan,andrewsjeremy@russell-hayes.biz,(350)661-8091x90158,2024-02-28,Active,Net 15,900916.0,John Thomas,CON00163,Voice,Voice Premium,5.0,2277.0,5610.0,0.0,18.0,Monthly,24.0,Silver,10.0,2026.0,1122.0,1122.0,1251.0,1098.0,5610.0,2026-02-24,2026-03-26,INR,Generated,Paid,2.0,1009.8,1009.8,0.0,0.0,6619.8,0,0,0,0,0,0,0,0,,0.0,0,15.0,898,2.458590006844627,0.0,1.0,-1009.8000000000002,1.18,0.0,1.0,0.0,0,5.0,5.9,-0.9000000000000004,0.4927536231884058,0.0,1.1149732620320856,0.9786096256684492,2026,2,24,1,1,2026,3,26,0.1836,18.36,0,No Revenue Leakage,LOW,0.0
TEST000053,CUST00291,"Davis, Martin and Johnson",Enterprise,Healthcare,North,India,Annville,leechristine@todd.info,701.882.0433x97189,2021-12-23,Active,Net 45,346141.0,Arjun Kumar,CON00189,Voice,Voice Premium,5.0,928.0,12505.0,10.0,18.0,Yearly,12.0,Gold,7.0,2026.0,2501.0,2501.0,2705.0,2424.0,12505.0,2026-04-13,2026-05-13,USD,Paid,Pending,2.0,2250.9,2250.9,10.0,1250.5,13505.4,0,0,0,0,0,0,0,0,,0.0,0,45.0,1695,4.640657084188912,0.0,1.0,-1000.3999999999996,1.08,0.0,1.0,0.0,0,5.0,5.3999999999999995,-0.39999999999999947,2.695043103448276,0.0,1.0815673730507798,0.9692123150739704,2026,4,13,0,2,2026,5,13,0.0769,7.69,0,No Revenue Leakage,LOW,0.0
TEST000054,CUST00035,Pollard and Sons,Government,Telecom,West,UK,Hallchester,floresthomas@hughes-alvarado.com,802.489.5171x8702,2022-03-26,Suspended,Net 30,609042.0,John Thomas,CON00130,Voice,Voice Premium,5.0,1259.0,13450.0,15.0,18.0,Monthly,24.0,Platinum,7.0,2026.0,2690.0,2690.0,2900.0,2575.0,13450.0,2025-09-07,2025-10-07,USD,Paid,Paid,2.0,2421.0,2421.0,25.0,3362.5,12508.5,0,0,1,0,0,0,0,0,Extra Discount,1345.0,1,30.0,1602,4.386036960985626,0.0,1.0,941.5,0.93,0.0,1.0,-10.0,1,5.0,4.65,0.34999999999999964,2.136616362192216,0.0,1.0780669144981412,0.9572490706319703,2025,9,7,6,3,2025,10,7,0.9989,99.89,1,Revenue Leakage Detected,HIGH,941.5
TEST000055,CUST00314,"Hayden, Fowler and Torres",Retail,Finance,West,USA,North Emily,antoniobarker@johnson-gonzalez.biz,833-848-1705x8025,2022-12-06,Inactive,Net 15,748956.0,Arjun Kumar,CON00099,Security,SOC,15.0,974.0,44760.0,15.0,18.0,Quarterly,12.0,Gold,8.0,2026.0,2984.0,2984.0,3108.0,2830.0,44760.0,2026-05-16,2026-06-15,EUR,Paid,Overdue,1.0,8056.8,8056.8,15.0,6714.0,46102.8,0,0,0,0,0,0,0,0,,0.0,0,15.0,1347,3.6878850102669403,0.0,1.0,-1342.800000000003,1.03,0.0,1.0,0.0,0,15.0,15.450000000000001,-0.45000000000000107,3.0636550308008212,0.0,1.0415549597855227,0.9483914209115282,2026,5,16,5,2,2026,6,15,0.0128,1.28,0,No Revenue Leakage,LOW,0.0
TEST000056,CUST00149,Waller-Chavez,Enterprise,Education,West,UK,East Robert,megan85@doyle.com,+1-845-622-8851x587,2025-03-10,Active,Net 15,572244.0,John Thomas,CON00129,SaaS,HRMS,25.0,951.0,59000.0,0.0,18.0,Monthly,24.0,Platinum,6.0,2026.0,2360.0,2360.0,2586.0,2236.0,59000.0,2025-12-19,2026-01-18,EUR,Paid,Paid,1.0,10620.0,10620.0,0.0,0.0,69620.0,0,0,0,0,0,0,0,0,,0.0,0,15.0,522,1.429158110882957,0.0,1.0,-10620.0,1.18,0.0,1.0,0.0,0,25.0,29.5,-4.5,2.481598317560463,0.0,1.0957627118644069,0.9474576271186441,2025,12,19,4,4,2026,1,18,0.0351,3.51,0,No Revenue Leakage,LOW,0.0
TEST000057,CUST00001,"Rodriguez, Figueroa and Sanchez",Government,Telecom,North,UK,Lake Curtis,garzaanthony@robinson.org,2834863794,2025-03-11,Active,Net 15,104886.0,Priya Nair,CON00113,Security,Firewall,15.0,1394.0,40515.0,15.0,18.0,Quarterly,12.0,Platinum,10.0,2026.0,2701.0,2701.0,2917.0,2534.0,40515.0,2025-09-12,2025-10-12,EUR,Sent,Paid,1.0,7292.7,7292.7,15.0,6077.25,41730.45,0,0,0,0,0,0,0,0,,0.0,0,15.0,521,1.4264202600958247,0.0,1.0,-1215.449999999997,1.03,0.0,1.0,0.0,0,15.0,15.45,-0.4499999999999993,1.9375896700143471,0.0,1.0799703813402444,0.9381710477600889,2025,9,12,4,3,2025,10,12,0.1616,16.16,0,No Revenue Leakage,LOW,0.0
TEST000058,CUST00382,Delgado and Sons,Enterprise,Logistics,West,UK,Jamesbury,qtownsend@hill.com,+1-391-917-9112x4421,2024-09-01,Inactive,Net 45,534814.0,John Thomas,CON00050,Security,Endpoint Security,15.0,1148.0,44820.0,0.0,18.0,Quarterly,24.0,Gold,10.0,2026.0,2988.0,2988.0,3210.0,2893.0,44820.0,2026-03-13,2026-04-12,INR,Sent,Paid,3.0,8067.6,8067.6,0.0,0.0,52887.6,0,0,0,0,0,0,0,0,,0.0,0,45.0,712,1.949349760438056,0.0,1.0,-8067.5999999999985,1.18,0.0,1.0,0.0,0,15.0,17.7,-2.6999999999999993,2.602787456445993,0.0,1.0742971887550201,0.9682061579651942,2026,3,13,4,1,2026,4,12,0.0212,2.12,0,No Revenue Leakage,LOW,0.0
TEST000059,CUST00356,Ferguson and Sons,SMB,Education,East,Australia,East Jamesside,patricia85@west-love.biz,476-688-0294,2021-12-25,Active,Net 30,905684.0,Priya Nair,CON00063,Cloud,Enterprise Cloud,20.0,1979.0,45680.0,0.0,18.0,Quarterly,12.0,Gold,11.0,2026.0,2284.0,2284.0,2321.0,2218.0,45680.0,2026-03-05,2026-04-04,USD,Sent,Overdue,2.0,8222.4,8222.4,0.0,0.0,48237.98,0,0,0,1,0,0,0,0,Wrong Pricing,5664.42,1,30.0,1693,4.635181382614648,0.0,1.0,-2557.980000000003,1.0559978108581436,0.0,1.0,0.0,0,20.0,21.119956217162873,-1.1199562171628727,1.1541182415361293,0.0,1.016199649737303,0.9711033274956217,2026,3,5,3,1,2026,4,4,0.9961,99.61,1,Revenue Leakage Detected,HIGH,0.0
TEST000060,CUST00479,Valdez-Gonzalez,Government,Telecom,South,Australia,Patriciashire,jacobhernandez@white-johnson.org,5286515533,2022-12-26,Suspended,Net 45,60651.0,Arjun Kumar,CON00012,Security,SOC,15.0,1194.0,36480.0,5.0,18.0,Quarterly,36.0,Gold,4.0,2026.0,2432.0,2432.0,2654.0,2285.0,36480.0,2025-11-30,2025-12-30,INR,Generated,Overdue,2.0,6566.4,6566.4,5.0,1824.0,41222.4,0,0,0,0,0,0,0,0,,0.0,0,45.0,1327,3.6331279945242985,0.0,1.0,-4742.4000000000015,1.1300000000000001,0.0,1.0,0.0,0,15.0,16.95,-1.9499999999999993,2.036850921273032,0.0,1.091282894736842,0.9395559210526315,2025,11,30,6,4,2025,12,30,0.1433,14.33,0,No Revenue Leakage,LOW,0.0
TEST000061,CUST00127,Davis and Sons,Government,Manufacturing,North,USA,Lake Kelly,wellsdarrell@ruiz-jacobson.com,286-625-6527,2025-05-03,Active,Net 60,964032.0,John Thomas,CON00013,Cloud,Business Cloud,20.0,898.0,52060.0,10.0,18.0,Yearly,36.0,Platinum,3.0,2026.0,2603.0,2603.0,2830.0,2414.0,52060.0,2025-11-28,2025-12-28,EUR,Paid,Overdue,1.0,9370.8,9370.8,10.0,5206.0,56224.8,0,0,0,0,0,0,0,0,,0.0,0,60.0,468,1.2813141683778233,0.0,1.0,-4164.800000000003,1.08,0.0,1.0,0.0,0,20.0,21.6,-1.6000000000000014,2.898663697104677,0.0,1.0872070687668076,0.9273914713791779,2025,11,28,4,4,2025,12,28,0.1826,18.26,0,No Revenue Leakage,LOW,0.0
TEST000062,CUST00058,Brooks Inc,SMB,Finance,West,UK,Sarahmouth,devinmitchell@horton-taylor.info,390.610.4328x986,2023-08-14,Active,Net 30,755086.0,Sneha Patel,CON00121,Voice,Voice Premium,5.0,1492.0,7890.0,0.0,18.0,Yearly,12.0,Bronze,6.0,2026.0,1578.0,1578.0,1866.0,1557.0,7890.0,2026-02-02,2026-03-04,INR,Sent,Overdue,3.0,1420.2,1420.2,0.0,0.0,9310.2,0,0,0,0,0,0,0,0,,0.0,0,30.0,1096,3.0006844626967832,0.0,1.0,-1420.2000000000007,1.1800000000000002,0.0,1.0,0.0,0,5.0,5.9,-0.9000000000000004,1.0576407506702412,0.0,1.182509505703422,0.9866920152091255,2026,2,2,0,1,2026,3,4,0.106,10.6,0,No Revenue Leakage,LOW,0.0
TEST000063,CUST00104,Ray LLC,Retail,Manufacturing,East,India,Brooksland,powellkara@mayer.com,001-801-575-1863,2025-10-21,Inactive,Net 30,528007.0,Priya Nair,CON00057,Security,Firewall,15.0,2956.0,42810.0,15.0,18.0,Quarterly,36.0,Platinum,4.0,2026.0,2854.0,2854.0,2951.0,2711.0,42810.0,2025-10-02,2025-11-01,USD,Paid,Overdue,3.0,7705.8,7705.8,15.0,6421.5,33284.38,0,0,0,1,0,0,0,0,Wrong Pricing,10809.92,1,30.0,297,0.813141683778234,0.0,1.0,9525.620000000003,0.7774907731838355,0.0,1.0,0.0,0,15.0,11.662361597757533,3.337638402242467,0.9654939106901218,0.0,1.0339873861247373,0.9498948843728101,2025,10,2,3,4,2025,11,1,0.9975,99.75,1,Revenue Leakage Detected,HIGH,9525.620000000003
TEST000064,CUST00352,Hodges and Sons,Government,Healthcare,North,UK,Lake William,juanwilson@gamble-wright.biz,571.389.2392,2022-09-21,Active,Net 15,275469.0,John Thomas,CON00069,Voice,Voice Basic,5.0,1591.0,4685.0,10.0,18.0,Yearly,12.0,Platinum,3.0,2026.0,937.0,937.0,1143.0,759.0,4685.0,2026-07-15,2026-08-14,EUR,Sent,Overdue,3.0,843.3,843.3,10.0,468.5,5059.8,0,0,0,0,0,0,0,0,,0.0,0,15.0,1423,3.89596167008898,0.0,1.0,-374.8000000000002,1.08,0.0,1.0,0.0,0,5.0,5.4,-0.40000000000000036,0.5889377749842866,0.0,1.2198505869797225,0.8100320170757738,2026,7,15,2,3,2026,8,14,0.1426,14.26,0,No Revenue Leakage,LOW,0.0
TEST000065,CUST00265,"May, Mccoy and Gibbs",Enterprise,Telecom,South,USA,North Richard,lee11@wright.com,+1-365-877-2429x543,2024-09-21,Inactive,Net 45,803753.0,Priya Nair,CON00032,Cloud,Business Cloud,20.0,2056.0,36220.0,10.0,18.0,Monthly,12.0,Gold,1.0,2026.0,1811.0,1811.0,2035.0,1800.0,36220.0,2026-04-16,2026-05-16,INR,Sent,Pending,2.0,6519.6,6519.6,10.0,3622.0,35320.18,0,0,0,0,0,0,1,0,Contract Violation,3797.42,1,45.0,692,1.894592744695414,0.0,1.0,899.8199999999997,0.9751568194367752,0.0,1.0,0.0,0,20.0,19.503136388735506,0.4968636112644944,0.8808365758754864,0.0,1.1236885698509111,0.9939260077305356,2026,4,16,3,2,2026,5,16,0.9995,99.95,1,Revenue Leakage Detected,HIGH,899.8199999999997
TEST000066,CUST00283,Espinoza-Perry,Retail,Finance,East,India,East Karen,icobb@gutierrez-ortiz.info,250.872.0811x55626,2021-11-29,Suspended,Net 15,797512.0,Arjun Kumar,CON00030,Security,SOC,15.0,1738.0,14865.0,5.0,18.0,Quarterly,36.0,Gold,3.0,2026.0,991.0,991.0,1156.0,923.0,14865.0,2026-05-09,2026-06-08,INR,Sent,Paid,3.0,2675.7,2675.7,5.0,743.25,14423.76,0,0,0,0,0,0,1,0,Contract Violation,2373.69,1,15.0,1719,4.706365503080082,0.0,1.0,441.2399999999998,0.9703168516649848,0.0,1.0,0.0,0,15.0,14.554752774974773,0.44524722502522707,0.5701956271576525,0.0,1.1664984863773966,0.9313824419778002,2026,5,9,5,2,2026,6,8,0.9998,99.98,1,Revenue Leakage Detected,HIGH,441.2399999999998
TEST000067,CUST00375,King-Thompson,Enterprise,Logistics,West,Singapore,North Joshua,evansjennifer@warren-caldwell.com,(801)965-4235,2025-08-22,Inactive,Net 45,197977.0,Rahul Sharma,CON00016,Voice,Voice Premium,5.0,2363.0,12345.0,15.0,18.0,Monthly,36.0,Bronze,11.0,2026.0,2469.0,2408.0,2690.0,2423.0,12345.0,2026-05-14,2026-06-13,EUR,Generated,Overdue,2.0,2222.1,2222.1,15.0,1851.75,12410.35,0,1,0,0,0,0,0,0,Usage Mismatch,305.0,1,45.0,357,0.9774127310061602,61.0,0.9752936411502633,-65.35000000000036,1.0052936411502633,0.0,1.0,0.0,0,5.0,5.153799833887043,-0.1537998338870432,1.044858231062209,0.0,1.0895099230457674,0.9813689752936412,2026,5,14,3,2,2026,6,13,0.9984,99.84,1,Revenue Leakage Detected,HIGH,0.0
TEST000068,CUST00057,"Taylor, Wright and Davidson",Enterprise,Telecom,North,Singapore,Angelaville,mitchellkathryn@cole-palmer.biz,737-550-6068,2024-11-17,Suspended,Net 45,174046.0,Arjun Kumar,CON00157,SaaS,ERP,25.0,794.0,68450.0,0.0,18.0,Monthly,36.0,Silver,11.0,2026.0,2738.0,2738.0,2776.0,2607.0,68450.0,2026-03-21,2026-04-20,INR,Sent,Overdue,2.0,12321.0,12321.0,0.0,0.0,73249.16,0,0,0,0,1,0,0,0,Missing Charge,7521.84,1,45.0,635,1.7385352498288844,0.0,1.0,-4799.1600000000035,1.0701119065010958,0.0,1.0,0.0,0,25.0,26.752797662527392,-1.7527976625273922,3.4483627204030225,0.0,1.0138787436084733,0.952154857560263,2026,3,21,5,1,2026,4,20,0.9973,99.73,1,Revenue Leakage Detected,HIGH,0.0
TEST000069,CUST00157,Goodman Ltd,Government,Finance,North,Australia,Jasonhaven,eugenewalker@lee-white.org,5879814141,2024-05-29,Suspended,Net 45,121907.0,Sneha Patel,CON00195,Voice,Voice Basic,5.0,1143.0,6525.0,10.0,18.0,Yearly,24.0,Silver,10.0,2026.0,1305.0,1305.0,1528.0,1178.0,6525.0,2025-12-07,2026-01-06,EUR,Generated,Pending,2.0,1174.5,1174.5,10.0,652.5,7047.0,0,0,0,0,0,0,0,0,,0.0,0,45.0,807,2.209445585215606,0.0,1.0,-522.0,1.08,0.0,1.0,0.0,0,5.0,5.4,-0.40000000000000036,1.141732283464567,0.0,1.1708812260536399,0.9026819923371647,2025,12,7,6,4,2026,1,6,0.019,1.9,0,No Revenue Leakage,LOW,0.0
TEST000070,CUST00413,Prince LLC,Retail,Healthcare,West,Australia,Jameschester,allenchristopher@perez.net,001-400-630-1027,2021-12-19,Inactive,Net 30,445755.0,Rahul Sharma,CON00080,Internet,Fiber 1000,10.0,2858.0,25040.0,5.0,18.0,Quarterly,36.0,Silver,2.0,2026.0,2504.0,2504.0,2707.0,2347.0,25040.0,2025-08-18,2025-09-17,EUR,Sent,Pending,2.0,4507.2,4507.2,5.0,1252.0,28295.2,0,0,0,0,0,0,0,0,,0.0,0,30.0,1699,4.65160848733744,0.0,1.0,-3255.2000000000007,1.1300000000000001,0.0,1.0,0.0,0,10.0,11.3,-1.3000000000000007,0.8761371588523443,0.0,1.081070287539936,0.9373003194888179,2025,8,18,0,3,2025,9,17,0.0992,9.92,0,No Revenue Leakage,LOW,0.0
TEST000071,CUST00167,"Cooper, Thornton and Fitzgerald",Government,Education,East,UK,Lake Jerryburgh,lewisrichard@owen-mendez.com,(360)612-7961,2023-06-26,Suspended,Net 15,717054.0,Rahul Sharma,CON00029,Internet,Fiber 300,10.0,1536.0,21720.0,15.0,18.0,Yearly,24.0,Gold,6.0,2026.0,2172.0,2172.0,2348.0,2018.0,21720.0,2026-07-04,2026-08-03,EUR,Paid,Pending,2.0,3909.6,3909.6,15.0,3258.0,22371.6,0,0,0,0,0,0,0,1,Late Billing,3335.0,1,15.0,1145,3.134839151266256,0.0,1.0,-651.5999999999985,1.03,0.0,1.0,0.0,0,10.0,10.299999999999999,-0.29999999999999893,1.4140625,0.0,1.0810313075506446,0.929097605893186,2026,7,4,5,3,2026,8,3,0.0503,5.03,0,No Revenue Leakage,LOW,0.0
TEST000072,CUST00349,Smith Ltd,SMB,Manufacturing,West,Australia,South Michael,jordanjames@robertson.info,8244376545,2026-02-27,Suspended,Net 30,110545.0,Arjun Kumar,CON00132,SaaS,ERP,25.0,2869.0,29425.0,5.0,18.0,Quarterly,12.0,Bronze,5.0,2026.0,1177.0,1177.0,1422.0,1172.0,29425.0,2026-05-12,2026-06-11,INR,Generated,Pending,2.0,5296.5,5296.5,5.0,1471.25,33250.25,0,0,0,0,0,0,0,0,,0.0,0,30.0,168,0.459958932238193,0.0,1.0,-3825.25,1.13,0.0,1.0,0.0,0,25.0,28.25,-3.25,0.4102474729871035,0.0,1.2081563296516566,0.9957519116397621,2026,5,12,1,2,2026,6,11,0.168,16.8,0,No Revenue Leakage,LOW,0.0
TEST000073,CUST00380,Hernandez LLC,SMB,Education,West,Singapore,Matthewshire,zallen@jensen.com,001-862-562-6582,2022-06-11,Suspended,Net 60,501157.0,John Thomas,CON00146,Cloud,Business Cloud,20.0,2318.0,14580.0,5.0,18.0,Quarterly,24.0,Gold,8.0,2026.0,729.0,729.0,780.0,687.0,14580.0,2025-12-30,2026-01-29,USD,Generated,Paid,3.0,2624.4,2624.4,5.0,729.0,16475.4,0,0,0,0,0,0,0,0,,0.0,0,60.0,1525,4.175222450376454,0.0,1.0,-1895.4000000000015,1.1300000000000001,0.0,1.0,0.0,0,20.0,22.6,-2.6000000000000014,0.31449525452976707,0.0,1.0699588477366255,0.9423868312757202,2025,12,30,1,4,2026,1,29,0.0995,9.95,0,No Revenue Leakage,LOW,0.0
TEST000074,CUST00019,Solis Ltd,Enterprise,Finance,East,UK,Stephaniemouth,jrivas@merritt-manning.info,643.748.7347x143,2024-04-25,Active,Net 45,268126.0,Priya Nair,CON00072,Internet,Fiber 100,10.0,2552.0,5520.0,15.0,18.0,Monthly,24.0,Gold,11.0,2026.0,552.0,552.0,605.0,441.0,5520.0,2025-12-28,2026-01-27,INR,Generated,Pending,2.0,993.6,993.6,15.0,828.0,5685.6,0,0,0,0,0,0,0,0,,0.0,0,45.0,841,2.302532511978097,0.0,1.0,-165.60000000000036,1.03,0.0,1.0,0.0,0,10.0,10.3,-0.3000000000000007,0.21630094043887146,0.0,1.0960144927536233,0.7989130434782609,2025,12,28,6,4,2026,1,27,0.2047,20.47,0,No Revenue Leakage,LOW,0.0
TEST000075,CUST00473,"Adams, Cantu and Kennedy",Enterprise,IT,North,Australia,Nathanport,jessica57@coleman-long.biz,5605652740,2023-10-10,Suspended,Net 45,426742.0,Rahul Sharma,CON00104,Cloud,Business Cloud,20.0,2138.0,40980.0,5.0,18.0,Monthly,36.0,Bronze,4.0,2026.0,2049.0,2049.0,2118.0,1951.0,40980.0,2026-02-04,2026-03-06,INR,Paid,Overdue,1.0,7376.4,7376.4,5.0,2049.0,46307.4,0,0,0,0,0,0,0,0,,0.0,0,45.0,1039,2.844626967830253,0.0,1.0,-5327.4000000000015,1.1300000000000001,0.0,1.0,0.0,0,20.0,22.6,-2.6000000000000014,0.9583723105706268,0.0,1.033674963396779,0.9521717911176184,2026,2,4,2,1,2026,3,6,0.3107,31.07,0,No Revenue Leakage,LOW,0.0
TEST000076,CUST00049,Fischer Inc,Retail,Telecom,South,Australia,Russellport,trose@walker.com,2349324451,2025-04-04,Inactive,Net 15,879957.0,John Thomas,CON00098,Internet,Fiber 100,10.0,1891.0,10550.0,10.0,18.0,Yearly,12.0,Silver,12.0,2026.0,1055.0,1055.0,1159.0,1017.0,10550.0,2026-01-19,2026-02-18,USD,Paid,Overdue,3.0,1899.0,1899.0,10.0,1055.0,11394.0,0,0,0,0,0,0,0,0,,0.0,0,15.0,497,1.3607118412046544,0.0,1.0,-844.0,1.08,0.0,1.0,0.0,0,10.0,10.8,-0.8000000000000007,0.5579058699101005,0.0,1.0985781990521326,0.9639810426540284,2026,1,19,0,1,2026,2,18,0.2442,24.42,0,No Revenue Leakage,LOW,0.0
TEST000077,CUST00313,Jennings-Powell,Retail,Manufacturing,West,UK,Marktown,weekseric@carroll-lloyd.org,001-966-336-1863,2024-05-23,Active,Net 45,194539.0,John Thomas,CON00030,Security,SOC,15.0,1738.0,43035.0,5.0,18.0,Quarterly,36.0,Gold,6.0,2026.0,2869.0,2869.0,3107.0,2718.0,43035.0,2025-09-13,2025-10-13,EUR,Generated,Paid,3.0,7746.3,7746.3,5.0,2151.75,48629.55,0,0,0,0,0,1,0,0,Duplicate Invoice,48629.55,1,45.0,813,2.2258726899383983,0.0,1.0,-5594.550000000003,1.1300000000000001,0.0,1.0,0.0,0,15.0,16.95,-1.9499999999999993,1.6507479861910241,0.0,1.0829557337051237,0.9473684210526315,2025,9,13,5,3,2025,10,13,0.0166,1.66,0,No Revenue Leakage,LOW,0.0
TEST000078,CUST00235,Howard and Sons,Government,Finance,West,UK,North Timothyport,jacquelinehodge@silva.com,001-862-657-0165x804,2026-03-18,Active,Net 15,149616.0,John Thomas,CON00124,Security,Endpoint Security,15.0,1382.0,26730.0,0.0,18.0,Monthly,24.0,Platinum,6.0,2026.0,1782.0,1782.0,1806.0,1782.0,26730.0,2026-01-10,2026-02-09,INR,Sent,Pending,2.0,4811.4,4811.4,0.0,0.0,31541.4,0,0,0,0,0,0,0,0,,0.0,0,15.0,149,0.4079397672826831,0.0,1.0,-4811.4000000000015,1.1800000000000002,0.0,1.0,0.0,0,15.0,17.7,-2.6999999999999993,1.2894356005788712,0.0,1.0134680134680134,1.0,2026,1,10,5,1,2026,2,9,0.0468,4.68,0,No Revenue Leakage,LOW,0.0
TEST000079,CUST00469,"Mills, Sanchez and Robles",Enterprise,IT,East,UK,Lake Sharon,jeremylove@williams.com,+1-541-531-2840,2023-09-02,Active,Net 60,932487.0,Rahul Sharma,CON00037,Internet,Fiber 300,10.0,1598.0,24040.0,0.0,18.0,Monthly,24.0,Gold,3.0,2026.0,2404.0,2404.0,2407.0,2259.0,24040.0,2026-07-21,2026-08-20,INR,Generated,Overdue,3.0,4327.2,4327.2,0.0,0.0,28367.2,0,0,0,0,0,0,0,0,,0.0,0,60.0,1077,2.948665297741273,0.0,1.0,-4327.200000000001,1.18,0.0,1.0,0.0,0,10.0,11.8,-1.8000000000000007,1.5043804755944932,0.0,1.0012479201331115,0.9396838602329451,2026,7,21,1,3,2026,8,20,0.0991,9.91,0,No Revenue Leakage,LOW,0.0
TEST000080,CUST00318,Smith Inc,SMB,Telecom,North,USA,West Ellen,ewashington@kelley.info,(674)322-0912,2026-02-22,Active,Net 45,656217.0,Priya Nair,CON00120,Internet,Fiber 100,10.0,2423.0,17880.0,15.0,18.0,Yearly,36.0,Bronze,4.0,2026.0,1788.0,1788.0,1860.0,1766.0,17880.0,2026-03-24,2026-04-23,EUR,Paid,Overdue,3.0,3218.4,3218.4,15.0,2682.0,14523.49,0,0,0,1,0,0,0,0,Wrong Pricing,3892.91,1,45.0,173,0.4736481861738535,0.0,1.0,3356.51,0.8122757270693512,0.0,1.0,0.0,0,10.0,8.122757270693512,1.877242729306488,0.7379281881964507,0.0,1.0402684563758389,0.9876957494407159,2026,3,24,1,1,2026,4,23,0.9987,99.87,1,Revenue Leakage Detected,HIGH,3356.51
TEST000081,CUST00065,Martinez and Sons,Retail,Education,South,India,East Kristy,wardashley@lara-arnold.org,314-467-8669,2024-04-16,Active,Net 15,423632.0,Sneha Patel,CON00040,Security,Firewall,15.0,1167.0,19110.0,10.0,18.0,Monthly,12.0,Bronze,10.0,2026.0,1274.0,1274.0,1516.0,1085.0,19110.0,2026-03-12,2026-04-11,USD,Generated,Pending,2.0,3439.8,3439.8,10.0,1911.0,20638.8,0,0,0,0,0,0,0,0,,0.0,0,15.0,850,2.327173169062286,0.0,1.0,-1528.7999999999993,1.08,0.0,1.0,0.0,0,15.0,16.2,-1.1999999999999993,1.091688089117395,0.0,1.1899529042386185,0.8516483516483516,2026,3,12,3,1,2026,4,11,0.0587,5.87,0,No Revenue Leakage,LOW,0.0
TEST000082,CUST00228,Haynes and Sons,Retail,Healthcare,West,UK,East Cynthiaport,bryantgeorge@brown.org,+1-731-536-5651x982,2021-12-25,Inactive,Net 15,843719.0,Sneha Patel,CON00026,Voice,Voice Premium,5.0,1409.0,14900.0,15.0,18.0,Monthly,36.0,Bronze,2.0,2026.0,2980.0,2980.0,3059.0,2903.0,14900.0,2026-02-18,2026-03-20,EUR,Generated,Pending,3.0,2682.0,2682.0,15.0,2235.0,15347.0,0,0,0,0,0,0,0,0,,0.0,0,15.0,1693,4.635181382614648,0.0,1.0,-447.0,1.03,0.0,1.0,0.0,0,5.0,5.15,-0.15000000000000036,2.114975159687722,0.0,1.0265100671140939,0.9741610738255033,2026,2,18,2,1,2026,3,20,0.0201,2.01,0,No Revenue Leakage,LOW,0.0
TEST000083,CUST00494,Berry-Mills,SMB,IT,East,Singapore,Lichester,robinsonhenry@bautista.com,001-474-555-5347x0574,2026-05-07,Active,Net 15,485633.0,Sneha Patel,CON00106,Security,Endpoint Security,15.0,2488.0,24210.0,0.0,18.0,Yearly,12.0,Silver,12.0,2026.0,1614.0,1614.0,1650.0,1473.0,24210.0,2026-07-11,2026-08-10,INR,Generated,Paid,1.0,4357.8,4357.8,0.0,0.0,28567.8,0,0,0,0,0,0,0,0,,0.0,0,15.0,99,0.27104722792607805,0.0,1.0,-4357.799999999999,1.18,0.0,1.0,0.0,0,15.0,17.7,-2.6999999999999993,0.6487138263665595,0.0,1.0223048327137547,0.912639405204461,2026,7,11,5,3,2026,8,10,0.0358,3.58,0,No Revenue Leakage,LOW,0.0
TEST000084,CUST00290,Olson-Collins,Retail,Finance,North,India,Mcculloughfurt,mdavenport@gill.info,001-277-925-1996x63658,2023-12-15,Suspended,Net 45,267285.0,Sneha Patel,CON00104,Cloud,Business Cloud,20.0,2138.0,31980.0,5.0,18.0,Monthly,36.0,Bronze,3.0,2026.0,1599.0,1599.0,1798.0,1410.0,31980.0,2025-09-23,2025-10-23,EUR,Paid,Pending,3.0,5756.4,5756.4,5.0,1599.0,29896.02,0,0,0,0,1,0,0,0,Missing Charge,6241.38,1,45.0,973,2.6639288158795345,0.0,1.0,2083.9799999999996,0.9348348968105066,0.0,1.0,0.0,0,20.0,18.696697936210132,1.303302063789868,0.7478952291861553,0.0,1.1244527829893685,0.8818011257035647,2025,9,23,1,3,2025,10,23,0.9999,99.99,1,Revenue Leakage Detected,HIGH,2083.9799999999996
TEST000085,CUST00421,Lawson-Ward,Enterprise,Logistics,South,Singapore,Merrittstad,sdunlap@johnson.com,001-701-593-5889,2024-10-26,Suspended,Net 60,563317.0,Arjun Kumar,CON00095,SaaS,HRMS,25.0,1160.0,28975.0,10.0,18.0,Quarterly,36.0,Gold,11.0,2026.0,1159.0,1159.0,1380.0,1156.0,28975.0,2026-01-21,2026-02-20,INR,Paid,Pending,3.0,5215.5,5215.5,10.0,2897.5,31293.0,0,0,0,0,0,0,0,0,,0.0,0,60.0,657,1.7987679671457906,0.0,1.0,-2318.0,1.08,0.0,1.0,0.0,0,25.0,27.0,-2.0,0.9991379310344828,0.0,1.190681622088007,0.997411561691113,2026,1,21,2,1,2026,2,20,0.0381,3.81,0,No Revenue Leakage,LOW,0.0
TEST000086,CUST00326,Espinoza and Sons,Government,Telecom,South,UK,East Adam,travis66@brooks.org,660-716-9236,2025-12-06,Inactive,Net 30,126329.0,Sneha Patel,CON00021,Voice,Voice Premium,5.0,556.0,10705.0,5.0,18.0,Yearly,24.0,Gold,3.0,2026.0,2141.0,2141.0,2367.0,2102.0,10705.0,2026-02-21,2026-03-23,INR,Generated,Pending,1.0,1926.9,1643.422981572446,5.0,535.25,11813.17,1,0,0,0,0,0,0,0,Missing GST,283.48,1,30.0,251,0.6872005475701575,0.0,1.0,-1108.17,1.1035189163942083,283.4770184275542,0.8528844161982697,0.0,0,5.0,5.517594581971042,-0.5175945819710419,3.8507194244604315,0.0,1.1055581503970107,0.9817842129845866,2026,2,21,5,1,2026,3,23,0.9876,98.76,1,Revenue Leakage Detected,HIGH,0.0
TEST000087,CUST00292,Atkins-Johnson,SMB,Telecom,North,USA,Whitetown,patrick11@weaver.com,(741)424-6209,2021-10-29,Suspended,Net 45,246733.0,Priya Nair,CON00137,Voice,Voice Basic,5.0,2777.0,8585.0,15.0,18.0,Yearly,36.0,Bronze,11.0,2026.0,1717.0,1717.0,1945.0,1643.0,8585.0,2026-06-16,2026-07-16,EUR,Generated,Overdue,2.0,1545.3,1545.3,15.0,1287.75,8842.55,0,0,0,0,0,0,0,1,Late Billing,4351.0,1,45.0,1750,4.791238877481177,0.0,1.0,-257.5499999999993,1.0299999999999998,0.0,1.0,0.0,0,5.0,5.1499999999999995,-0.14999999999999947,0.6182931220741807,0.0,1.1327897495631916,0.9569015725101921,2026,6,16,1,2,2026,7,16,0.0235,2.35,0,No Revenue Leakage,LOW,0.0
TEST000088,CUST00227,"Lopez, Johnson and Johnson",Enterprise,Manufacturing,East,USA,South Paul,victor70@morgan.com,(213)987-8293x1027,2021-12-26,Suspended,Net 30,992929.0,Rahul Sharma,CON00129,SaaS,HRMS,25.0,951.0,59350.0,0.0,18.0,Monthly,24.0,Platinum,9.0,2026.0,2374.0,2374.0,2585.0,2263.0,59350.0,2026-05-27,2026-06-26,INR,Generated,Overdue,1.0,10683.0,10683.0,0.0,0.0,70033.0,0,0,0,0,0,0,0,0,,0.0,0,30.0,1692,4.632443531827516,0.0,1.0,-10683.0,1.18,0.0,1.0,0.0,0,25.0,29.5,-4.5,2.4963196635120926,0.0,1.0888795282224095,0.9532434709351306,2026,5,27,2,2,2026,6,26,0.0795,7.95,0,No Revenue Leakage,LOW,0.0
TEST000089,CUST00088,"Hernandez, Robinson and Bryant",Retail,Finance,North,USA,New Danafort,ismith@jenkins.net,608-762-1182x3398,2023-11-14,Suspended,Net 30,567313.0,Sneha Patel,CON00061,Internet,Fiber 1000,10.0,2559.0,21990.0,15.0,18.0,Yearly,12.0,Bronze,5.0,2026.0,2199.0,2050.0,2244.0,2034.0,21990.0,2026-07-11,2026-08-10,USD,Paid,Overdue,1.0,3958.2,3958.2,15.0,3298.5,21159.7,0,1,0,0,0,0,0,0,Usage Mismatch,1490.0,1,30.0,1004,2.74880219028063,149.0,0.9322419281491587,830.2999999999993,0.9622419281491588,0.0,1.0,0.0,0,10.0,10.32180487804878,-0.32180487804878055,0.8593200468933178,0.0,1.0204638472032743,0.9249658935879945,2026,7,11,5,3,2026,8,10,0.9986,99.86,1,Revenue Leakage Detected,HIGH,830.2999999999993
TEST000090,CUST00038,Landry-Huerta,Government,Logistics,West,USA,Daniellechester,stephen43@castaneda-rodriguez.biz,001-259-944-0640,2024-01-12,Active,Net 60,520587.0,Rahul Sharma,CON00169,Cloud,Basic Cloud,20.0,636.0,41060.0,5.0,18.0,Yearly,12.0,Bronze,1.0,2026.0,2053.0,2053.0,2076.0,1924.0,41060.0,2026-03-30,2026-04-29,INR,Generated,Pending,3.0,7390.8,7390.8,5.0,2053.0,46397.8,0,0,0,0,0,0,0,0,,0.0,0,60.0,945,2.5872689938398357,0.0,1.0,-5337.800000000003,1.1300000000000001,0.0,1.0,0.0,0,20.0,22.6,-2.6000000000000014,3.2279874213836477,0.0,1.0112031173891864,0.9371651242084754,2026,3,30,0,1,2026,4,29,0.0573,5.73,0,No Revenue Leakage,LOW,0.0
TEST000091,CUST00362,"Adams, Stephens and Smith",SMB,Finance,North,USA,North Amyville,othomas@perez.com,(343)761-7213x145,2022-08-08,Active,Net 15,103352.0,Rahul Sharma,CON00171,Cloud,Enterprise Cloud,20.0,2961.0,49880.0,0.0,18.0,Yearly,36.0,Silver,8.0,2026.0,2494.0,2494.0,2748.0,2476.0,49880.0,2026-07-14,2026-08-13,EUR,Paid,Paid,2.0,8978.4,7917.889399754536,0.0,0.0,57797.89,1,0,0,0,0,0,0,0,Missing GST,1060.51,1,15.0,1467,4.016427104722792,0.0,1.0,-7917.889999999999,1.1587387730553327,1060.510600245464,0.8818820056752357,0.0,0,20.0,23.174775461106655,-3.1747754611066554,0.8422830124957784,0.0,1.1018444266238974,0.9927826784282278,2026,7,14,1,3,2026,8,13,0.9973,99.73,1,Revenue Leakage Detected,HIGH,0.0
TEST000092,CUST00366,"Johnson, Hanna and Watson",Government,Manufacturing,West,Singapore,Lake Bonniefort,anthonydiaz@sanchez.org,(422)272-8476x57041,2021-11-13,Active,Net 45,273332.0,Sneha Patel,CON00024,SaaS,CRM,25.0,756.0,34250.0,15.0,18.0,Yearly,12.0,Silver,4.0,2026.0,1370.0,1370.0,1588.0,1267.0,34250.0,2026-02-15,2026-03-17,EUR,Generated,Overdue,1.0,6165.0,6165.0,15.0,5137.5,35277.5,0,0,0,0,0,0,0,0,,0.0,0,45.0,1735,4.7501711156741955,0.0,1.0,-1027.5,1.03,0.0,1.0,0.0,0,25.0,25.75,-0.75,1.812169312169312,0.0,1.159124087591241,0.9248175182481752,2026,2,15,6,1,2026,3,17,0.0285,2.85,0,No Revenue Leakage,LOW,0.0
TEST000093,CUST00058,Brooks Inc,SMB,Finance,West,UK,Sarahmouth,devinmitchell@horton-taylor.info,390.610.4328x986,2023-08-14,Active,Net 30,755086.0,Sneha Patel,CON00132,SaaS,ERP,25.0,2869.0,57000.0,5.0,18.0,Quarterly,12.0,Bronze,7.0,2026.0,2280.0,2280.0,2458.0,2117.0,57000.0,2026-01-10,2026-02-09,EUR,Generated,Paid,3.0,10260.0,10260.0,5.0,2850.0,64410.0,0,0,0,0,0,0,0,0,,0.0,0,30.0,1096,3.0006844626967832,0.0,1.0,-7410.0,1.13,0.0,1.0,0.0,0,25.0,28.25,-3.25,0.7947019867549668,0.0,1.0780701754385964,0.9285087719298246,2026,1,10,5,1,2026,2,9,0.0077,0.77,0,No Revenue Leakage,LOW,0.0
TEST000094,CUST00330,Alexander-Durham,Government,Education,West,Australia,Port Danaland,christopher14@peterson.com,871.600.4090x1380,2025-09-23,Inactive,Net 45,648357.0,Priya Nair,CON00135,Voice,Voice Premium,5.0,2326.0,9710.0,15.0,18.0,Quarterly,24.0,Platinum,7.0,2026.0,1942.0,1942.0,2016.0,1787.0,9710.0,2026-07-31,2026-08-30,USD,Paid,Overdue,2.0,1747.8,1747.8,15.0,1456.5,10001.3,0,0,0,0,0,0,0,0,,0.0,0,45.0,325,0.8898015058179329,0.0,1.0,-291.2999999999993,1.03,0.0,1.0,0.0,0,5.0,5.1499999999999995,-0.14999999999999947,0.8349097162510748,0.0,1.0381050463439754,0.9201853759011328,2026,7,31,4,3,2026,8,30,0.0518,5.18,0,No Revenue Leakage,LOW,0.0
TEST000095,CUST00493,"Baker, Osborn and Mckenzie",Enterprise,IT,South,Australia,Castroshire,qobrien@williams-rodriguez.com,001-211-735-9966,2025-05-04,Inactive,Net 60,561603.0,Arjun Kumar,CON00193,SaaS,ERP,25.0,1031.0,50700.0,15.0,18.0,Monthly,36.0,Gold,10.0,2026.0,2028.0,2028.0,2176.0,1937.0,50700.0,2026-02-28,2026-03-30,EUR,Paid,Pending,2.0,9126.0,9126.0,15.0,7605.0,52221.0,0,0,0,0,0,0,0,0,,0.0,0,60.0,467,1.2785763175906912,0.0,1.0,-1521.0,1.03,0.0,1.0,0.0,0,25.0,25.75,-0.75,1.9670223084384093,0.0,1.0729783037475344,0.9551282051282052,2026,2,28,5,1,2026,3,30,0.0537,5.37,0,No Revenue Leakage,LOW,0.0
TEST000096,CUST00030,Roberts LLC,Retail,IT,East,India,Jonesbury,kristin93@wilson-walker.com,621-802-4994x717,2023-11-29,Inactive,Net 30,687147.0,Sneha Patel,CON00106,Security,Endpoint Security,15.0,2488.0,31215.0,0.0,18.0,Yearly,12.0,Silver,3.0,2026.0,2081.0,2081.0,2249.0,1917.0,31215.0,2025-11-17,2025-12-17,USD,Paid,Overdue,2.0,5618.7,5618.7,0.0,0.0,36833.7,0,0,0,0,0,0,0,0,,0.0,0,30.0,989,2.707734428473648,0.0,1.0,-5618.699999999997,1.18,0.0,1.0,0.0,0,15.0,17.7,-2.6999999999999993,0.8364147909967846,0.0,1.0807304180682364,0.921191734742912,2025,11,17,0,4,2025,12,17,0.0546,5.46,0,No Revenue Leakage,LOW,0.0
TEST000097,CUST00301,Stone-Young,Enterprise,Manufacturing,North,India,Port Carolmouth,garrettbeth@villegas.biz,612-807-0496x11080,2025-01-04,Suspended,Net 60,569777.0,Sneha Patel,CON00095,SaaS,HRMS,25.0,1160.0,71500.0,10.0,18.0,Quarterly,36.0,Gold,1.0,2026.0,2860.0,2860.0,3129.0,2690.0,71500.0,2026-07-02,2026-08-01,EUR,Generated,Paid,2.0,12870.0,12870.0,10.0,7150.0,77220.0,0,0,0,0,0,0,0,0,,0.0,0,60.0,587,1.6071184120465434,0.0,1.0,-5720.0,1.08,0.0,1.0,0.0,0,25.0,27.0,-2.0,2.4655172413793105,0.0,1.094055944055944,0.9405594405594405,2026,7,2,3,3,2026,8,1,0.0926,9.26,0,No Revenue Leakage,LOW,0.0
TEST000098,CUST00429,"Moss, Powers and Jones",Retail,IT,West,Australia,Patriciaton,tgarcia@stewart.com,+1-903-629-6334x7272,2022-09-19,Active,Net 60,318854.0,Rahul Sharma,CON00137,Voice,Voice Basic,5.0,2777.0,5195.0,15.0,18.0,Yearly,36.0,Bronze,9.0,2026.0,1039.0,1039.0,1136.0,882.0,5195.0,2026-01-19,2026-02-18,USD,Paid,Pending,3.0,935.1,935.1,15.0,779.25,5350.85,0,0,0,0,0,0,0,0,,0.0,0,60.0,1425,3.9014373716632442,0.0,1.0,-155.85000000000036,1.03,0.0,1.0,0.0,0,5.0,5.15,-0.15000000000000036,0.3741447605329492,0.0,1.093358999037536,0.848893166506256,2026,1,19,0,1,2026,2,18,0.0886,8.86,0,No Revenue Leakage,LOW,0.0
TEST000099,CUST00118,Smith and Sons,Enterprise,Manufacturing,North,Singapore,East Madison,gina19@green.com,472.815.1070,2024-12-15,Inactive,Net 60,266464.0,Priya Nair,CON00166,SaaS,CRM,25.0,2859.0,23775.0,5.0,18.0,Yearly,36.0,Bronze,1.0,2026.0,951.0,951.0,1090.0,875.0,23775.0,2026-03-16,2026-04-15,USD,Paid,Overdue,1.0,4279.5,4279.5,5.0,1188.75,26865.75,0,0,0,0,0,0,0,0,,0.0,0,60.0,607,1.6618754277891854,0.0,1.0,-3090.75,1.13,0.0,1.0,0.0,0,25.0,28.25,-3.25,0.33263378803777544,0.0,1.146161934805468,0.9200841219768665,2026,3,16,0,1,2026,4,15,0.0958,9.58,0,No Revenue Leakage,LOW,0.0
TEST000100,CUST00049,Fischer Inc,Retail,Telecom,South,Australia,Russellport,trose@walker.com,2349324451,2025-04-04,Inactive,Net 15,879957.0,John Thomas,CON00057,Security,Firewall,15.0,2956.0,33540.0,15.0,18.0,Quarterly,36.0,Platinum,9.0,2026.0,2236.0,2236.0,2277.0,2061.0,33540.0,2026-08-03,2026-09-02,USD,Paid,Pending,1.0,6037.2,6037.2,15.0,5031.0,34546.2,0,0,0,0,0,0,0,0,,0.0,0,15.0,497,1.3607118412046544,0.0,1.0,-1006.1999999999971,1.0299999999999998,0.0,1.0,0.0,0,15.0,15.45,-0.4499999999999993,0.7564276048714479,0.0,1.0183363148479427,0.9217352415026834,2026,8,3,0,3,2026,9,2,0.1543,15.43,0,No Revenue Leakage,LOW,0.0
TEST000101,CUST00351,"Simpson, Maldonado and Anderson",Enterprise,Finance,South,UK,Shawfurt,danielrodriguez@martinez.net,6306569067,2025-09-23,Inactive,Net 15,535278.0,Rahul Sharma,CON00101,SaaS,ERP,25.0,789.0,48100.0,0.0,18.0,Monthly,12.0,Gold,5.0,2026.0,1924.0,1924.0,2062.0,1872.0,48100.0,2026-02-11,2026-03-13,USD,Sent,Paid,3.0,8658.0,8658.0,0.0,0.0,49042.05,0,0,0,0,1,0,0,0,Missing Charge,7715.95,1,15.0,325,0.8898015058179329,0.0,1.0,-942.0500000000029,1.0195852390852391,0.0,1.0,0.0,0,25.0,25.48963097713098,-0.4896309771309788,2.4385297845373892,0.0,1.0717255717255718,0.972972972972973,2026,2,11,2,1,2026,3,13,0.9996,99.96,1,Revenue Leakage Detected,HIGH,0.0
TEST000102,CUST00205,"Brown, Duncan and Krause",Government,IT,North,India,South Jenniferport,ulynch@fox-carney.com,(599)678-7729,2023-03-30,Inactive,Net 15,930438.0,Rahul Sharma,CON00187,Security,Firewall,15.0,1004.0,18615.0,5.0,18.0,Monthly,12.0,Gold,7.0,2026.0,1241.0,1241.0,1290.0,1128.0,18615.0,2026-02-24,2026-03-26,USD,Sent,Overdue,1.0,3350.7,3350.7,5.0,930.75,21034.95,0,0,0,0,0,0,0,0,,0.0,0,15.0,1233,3.375770020533881,0.0,1.0,-2419.9500000000007,1.1300000000000001,0.0,1.0,0.0,0,15.0,16.95,-1.9499999999999993,1.2360557768924303,0.0,1.039484286865431,0.9089443996776793,2026,2,24,1,1,2026,3,26,0.1508,15.08,0,No Revenue Leakage,LOW,0.0
TEST000103,CUST00336,Guzman and Sons,Retail,Education,South,USA,New Lukehaven,hillmelanie@mendoza.biz,6524330276,2021-10-12,Suspended,Net 60,169968.0,Sneha Patel,CON00027,Internet,Fiber 100,10.0,2630.0,23180.0,10.0,18.0,Quarterly,12.0,Platinum,11.0,2026.0,2318.0,2318.0,2534.0,2287.0,23180.0,2026-02-26,2026-03-28,USD,Sent,Paid,1.0,4172.4,4172.4,10.0,2318.0,25034.4,0,0,0,0,0,1,0,0,Duplicate Invoice,25034.4,1,60.0,1767,4.837782340862423,0.0,1.0,-1854.4000000000015,1.08,0.0,1.0,0.0,0,10.0,10.8,-0.8000000000000007,0.8813688212927757,0.0,1.093183779119931,0.9866264020707507,2026,2,26,3,1,2026,3,28,0.1,10.0,0,No Revenue Leakage,LOW,0.0
TEST000104,CUST00048,"Morales, Thomas and Schultz",Retail,Manufacturing,West,UK,North Julieborough,vbarnes@wood.com,001-999-810-2290x14767,2023-12-02,Suspended,Net 60,946048.0,Rahul Sharma,CON00037,Internet,Fiber 300,10.0,1598.0,23620.0,0.0,18.0,Monthly,24.0,Gold,11.0,2026.0,2362.0,2308.0,2431.0,2355.0,23620.0,2026-06-17,2026-07-17,INR,Sent,Overdue,1.0,4251.6,4251.6,0.0,0.0,27331.6,0,1,0,0,0,0,0,0,Usage Mismatch,540.0,1,60.0,986,2.6995208761122518,54.0,0.9771380186282811,-3711.5999999999985,1.1571380186282811,0.0,1.0,0.0,0,10.0,11.8421143847487,-1.8421143847486992,1.4780976220275344,0.0,1.0292125317527518,0.9970364098221846,2026,6,17,2,2,2026,7,17,0.9868,98.68,1,Revenue Leakage Detected,HIGH,0.0
TEST000105,CUST00056,"Bennett, Martin and Guerra",SMB,IT,West,Australia,Lake Samuel,udiaz@montes.com,001-873-483-4735x97746,2023-04-18,Inactive,Net 45,270984.0,Arjun Kumar,CON00086,Security,SOC,15.0,2718.0,23400.0,0.0,18.0,Quarterly,36.0,Platinum,2.0,2026.0,1560.0,1560.0,1563.0,1435.0,23400.0,2025-08-18,2025-09-17,INR,Sent,Paid,2.0,4212.0,4212.0,0.0,0.0,27612.0,0,0,0,0,0,0,0,0,,0.0,0,45.0,1214,3.323750855578371,0.0,1.0,-4212.0,1.18,0.0,1.0,0.0,0,15.0,17.7,-2.6999999999999993,0.5739514348785872,0.0,1.001923076923077,0.9198717948717948,2025,8,18,0,3,2025,9,17,0.0261,2.61,0,No Revenue Leakage,LOW,0.0
TEST000106,CUST00472,Peterson-Mcdaniel,Retail,Education,South,UK,East Kimberly,jasonshaw@miranda-kennedy.com,+1-739-925-2362x292,2025-02-21,Inactive,Net 30,232024.0,Sneha Patel,CON00030,Security,SOC,15.0,1738.0,34020.0,5.0,18.0,Quarterly,36.0,Gold,11.0,2026.0,2268.0,2268.0,2485.0,2073.0,34020.0,2026-03-20,2026-04-19,INR,Generated,Overdue,2.0,6123.6,6123.6,5.0,1701.0,38442.6,0,0,0,0,0,0,0,0,,0.0,0,30.0,539,1.4757015742642026,0.0,1.0,-4422.5999999999985,1.13,0.0,1.0,0.0,0,15.0,16.95,-1.9499999999999993,1.3049482163406214,0.0,1.095679012345679,0.9140211640211641,2026,3,20,4,1,2026,4,19,0.0639,6.39,0,No Revenue Leakage,LOW,0.0
TEST000107,CUST00154,"Ramsey, Johnson and Black",Retail,Telecom,East,Australia,Williehaven,stucker@lee.com,001-288-901-3361x38612,2024-06-01,Active,Net 60,75053.0,John Thomas,CON00188,Security,Endpoint Security,15.0,1722.0,18150.0,5.0,18.0,Monthly,24.0,Gold,8.0,2026.0,1210.0,1210.0,1237.0,1063.0,18150.0,2025-11-04,2025-12-04,USD,Paid,Paid,1.0,3267.0,3267.0,5.0,907.5,20509.5,0,0,0,0,0,0,0,0,,0.0,0,60.0,804,2.2012320328542097,0.0,1.0,-2359.5,1.13,0.0,1.0,0.0,0,15.0,16.95,-1.9499999999999993,0.70267131242741,0.0,1.0223140495867769,0.8785123966942149,2025,11,4,1,4,2025,12,4,0.0957,9.57,0,No Revenue Leakage,LOW,0.0
TEST000108,CUST00238,Myers and Sons,SMB,Telecom,East,Australia,Susanland,martindaniel@crawford.net,+1-304-268-2756x7043,2023-07-28,Suspended,Net 15,124553.0,Rahul Sharma,CON00143,Security,SOC,15.0,524.0,30195.0,0.0,18.0,Monthly,24.0,Bronze,3.0,2026.0,2013.0,2013.0,2231.0,1901.0,30195.0,2026-06-02,2026-07-02,INR,Sent,Paid,2.0,5435.1,5435.1,0.0,0.0,29823.5,0,0,0,0,1,0,0,0,Missing Charge,5806.6,1,15.0,1113,3.047227926078029,0.0,1.0,371.5,0.9876966385163106,0.0,1.0,0.0,0,15.0,14.81544957774466,0.1845504222553398,3.8416030534351147,0.0,1.1082960755091902,0.944361649279682,2026,6,2,1,2,2026,7,2,0.9999,99.99,1,Revenue Leakage Detected,HIGH,371.5
TEST000109,CUST00242,Nguyen PLC,Retail,Logistics,South,Singapore,New Alicia,james18@rhodes-rosario.net,(837)759-9805x6265,2021-09-12,Active,Net 45,182079.0,John Thomas,CON00184,Cloud,Enterprise Cloud,20.0,692.0,25560.0,0.0,18.0,Quarterly,12.0,Bronze,8.0,2026.0,1278.0,1278.0,1519.0,1103.0,25560.0,2025-09-28,2025-10-28,USD,Paid,Paid,2.0,4600.8,4600.8,0.0,0.0,30160.8,0,0,0,0,0,0,0,0,,0.0,0,45.0,1797,4.919917864476386,0.0,1.0,-4600.799999999999,1.18,0.0,1.0,0.0,0,20.0,23.599999999999998,-3.599999999999998,1.846820809248555,0.0,1.1885758998435054,0.8630672926447575,2025,9,28,6,3,2025,10,28,0.0795,7.95,0,No Revenue Leakage,LOW,0.0
TEST000110,CUST00197,Berry Group,Enterprise,Telecom,East,USA,Reneemouth,ndaniels@taylor.com,782-462-9251x8812,2021-11-05,Active,Net 15,758362.0,John Thomas,CON00163,Voice,Voice Premium,5.0,2277.0,5205.0,0.0,18.0,Monthly,24.0,Silver,5.0,2026.0,1041.0,1041.0,1134.0,1027.0,5205.0,2026-06-22,2026-07-22,INR,Paid,Overdue,3.0,936.9,689.8503768646096,0.0,0.0,5894.85,1,0,0,0,0,0,0,0,Missing GST,247.05,1,15.0,1743,4.772073921971253,0.0,1.0,-689.8500000000004,1.1325360230547552,247.04962313539033,0.7363116414394382,0.0,0,5.0,5.662680115273775,-0.6626801152737753,0.45718050065876153,0.0,1.0893371757925072,0.9865513928914506,2026,6,22,0,2,2026,7,22,0.9943,99.43,1,Revenue Leakage Detected,HIGH,0.0
TEST000111,CUST00007,"Henderson, Lewis and Ryan",Enterprise,Logistics,South,Singapore,Lake Larry,samuel87@wright.com,5983393010,2021-11-11,Active,Net 60,289629.0,Priya Nair,CON00045,SaaS,HRMS,25.0,1624.0,62100.0,0.0,18.0,Yearly,12.0,Bronze,6.0,2026.0,2484.0,2484.0,2677.0,2454.0,62100.0,2025-08-27,2025-09-26,INR,Generated,Pending,1.0,11178.0,11178.0,0.0,0.0,73278.0,0,0,0,0,0,0,0,1,Late Billing,1628.0,1,60.0,1737,4.75564681724846,0.0,1.0,-11178.0,1.18,0.0,1.0,0.0,0,25.0,29.5,-4.5,1.5295566502463054,0.0,1.077697262479871,0.9879227053140096,2025,8,27,2,3,2025,9,26,0.1384,13.84,0,No Revenue Leakage,LOW,0.0
TEST000112,CUST00284,"Nielsen, Hernandez and Andrews",SMB,Healthcare,North,Australia,Robertside,jennifer55@wilcox.org,(867)538-9975,2024-02-28,Suspended,Net 15,202999.0,Arjun Kumar,CON00011,Internet,Fiber 300,10.0,1382.0,10260.0,10.0,18.0,Quarterly,12.0,Platinum,10.0,2026.0,1026.0,1026.0,1190.0,965.0,10260.0,2026-05-09,2026-06-08,EUR,Generated,Overdue,2.0,1846.8,1846.8,10.0,1026.0,11080.8,0,0,0,0,0,0,0,0,,0.0,0,15.0,898,2.458590006844627,0.0,1.0,-820.7999999999993,1.0799999999999998,0.0,1.0,0.0,0,10.0,10.799999999999999,-0.7999999999999989,0.7424023154848046,0.0,1.1598440545808968,0.9405458089668616,2026,5,9,5,2,2026,6,8,0.1767,17.67,0,No Revenue Leakage,LOW,0.0
TEST000113,CUST00135,"Rodriguez, Brown and Mcneil",SMB,Telecom,South,USA,Michelleview,jacob83@trujillo.biz,+1-752-507-4466x60993,2026-02-22,Suspended,Net 60,912522.0,Sneha Patel,CON00002,Voice,Voice Premium,5.0,1939.0,4570.0,0.0,18.0,Yearly,24.0,Silver,6.0,2026.0,914.0,914.0,1023.0,836.0,4570.0,2026-02-28,2026-03-30,INR,Generated,Pending,1.0,822.6,822.6,0.0,0.0,5392.6,0,0,0,0,0,0,0,0,,0.0,0,60.0,173,0.4736481861738535,0.0,1.0,-822.6000000000004,1.1800000000000002,0.0,1.0,0.0,0,5.0,5.9,-0.9000000000000004,0.4713769984528107,0.0,1.1192560175054704,0.9146608315098468,2026,2,28,5,1,2026,3,30,0.0312,3.12,0,No Revenue Leakage,LOW,0.0
TEST000114,CUST00385,Erickson-Pearson,Retail,Manufacturing,East,USA,Mcgeefort,zhunt@wright.com,(719)394-2376x7694,2024-11-08,Inactive,Net 60,465872.0,Arjun Kumar,CON00155,SaaS,ERP,25.0,2493.0,52175.0,5.0,18.0,Monthly,36.0,Gold,6.0,2026.0,2087.0,2087.0,2283.0,1982.0,52175.0,2026-07-19,2026-08-18,EUR,Sent,Overdue,2.0,9391.5,9391.5,5.0,2608.75,50608.89,0,0,0,0,0,0,1,0,Contract Violation,8348.86,1,60.0,644,1.7631759069130732,0.0,1.0,1566.1100000000006,0.9699835170100622,0.0,1.0,0.0,0,25.0,24.249587925251557,0.7504120747484428,0.8371440032089852,0.0,1.093914710110206,0.9496885481552467,2026,7,19,6,3,2026,8,18,0.9997,99.97,1,Revenue Leakage Detected,HIGH,1566.1100000000006
TEST000115,CUST00351,"Simpson, Maldonado and Anderson",Enterprise,Finance,South,UK,Shawfurt,danielrodriguez@martinez.net,6306569067,2025-09-23,Inactive,Net 15,535278.0,Rahul Sharma,CON00104,Cloud,Business Cloud,20.0,2138.0,20660.0,5.0,18.0,Monthly,36.0,Bronze,12.0,2026.0,1033.0,1033.0,1163.0,889.0,20660.0,2026-04-26,2026-05-26,EUR,Generated,Overdue,3.0,3718.8,3718.8,15.0,3099.0,21279.8,0,0,1,0,0,0,0,0,Extra Discount,2066.0,1,15.0,325,0.8898015058179329,0.0,1.0,-619.7999999999993,1.03,0.0,1.0,-10.0,1,20.0,20.599999999999998,-0.5999999999999979,0.4831618334892423,0.0,1.1258470474346562,0.8606001936108422,2026,4,26,6,2,2026,5,26,0.994,99.4,1,Revenue Leakage Detected,HIGH,0.0
TEST000116,CUST00377,Johnson Ltd,SMB,IT,South,Singapore,South Heather,carolynrobinson@farley.org,9558044817,2025-02-01,Inactive,Net 60,752164.0,Arjun Kumar,CON00066,Internet,Fiber 100,10.0,2347.0,26350.0,15.0,18.0,Quarterly,36.0,Gold,9.0,2026.0,2635.0,2635.0,2843.0,2585.0,26350.0,2025-09-17,2025-10-17,INR,Paid,Pending,3.0,4743.0,4743.0,15.0,3952.5,27140.5,0,0,0,0,0,0,0,0,,0.0,0,60.0,559,1.5304585900068446,0.0,1.0,-790.5,1.03,0.0,1.0,0.0,0,10.0,10.3,-0.3000000000000007,1.1227098423519386,0.0,1.0789373814041745,0.9810246679316889,2025,9,17,2,3,2025,10,17,0.1493,14.93,0,No Revenue Leakage,LOW,0.0
TEST000117,CUST00142,"Caldwell, Hernandez and Davis",SMB,Education,West,Australia,Lake Jenniferview,stephenmadden@marshall-garcia.com,4454561100,2024-05-23,Inactive,Net 45,606542.0,Arjun Kumar,CON00004,Voice,Voice Basic,5.0,2127.0,14075.0,10.0,18.0,Monthly,36.0,Gold,4.0,2026.0,2815.0,2815.0,2821.0,2631.0,14075.0,2026-05-14,2026-06-13,USD,Generated,Paid,3.0,2533.5,2533.5,10.0,1407.5,15201.0,0,0,0,0,0,0,0,0,,0.0,0,45.0,813,2.2258726899383983,0.0,1.0,-1126.0,1.08,0.0,1.0,0.0,0,5.0,5.4,-0.40000000000000036,1.3234602726845321,0.0,1.0021314387211369,0.9346358792184725,2026,5,14,3,2,2026,6,13,0.2299,22.99,0,No Revenue Leakage,LOW,0.0
TEST000118,CUST00447,Little Group,SMB,Telecom,West,India,Lake Sherryport,julierojas@brown-mccarthy.com,929-656-3343x244,2022-05-20,Suspended,Net 15,553650.0,Arjun Kumar,CON00003,Cloud,Basic Cloud,20.0,882.0,33740.0,15.0,18.0,Monthly,24.0,Platinum,6.0,2026.0,1687.0,1687.0,1900.0,1682.0,33740.0,2026-04-07,2026-05-07,USD,Generated,Overdue,3.0,6073.2,6073.2,15.0,5061.0,34752.2,0,0,0,0,0,0,0,0,,0.0,0,15.0,1547,4.2354551676933605,0.0,1.0,-1012.1999999999971,1.0299999999999998,0.0,1.0,0.0,0,20.0,20.599999999999998,-0.5999999999999979,1.9126984126984128,0.0,1.1262596324836989,0.997036158861885,2026,4,7,1,2,2026,5,7,0.1582,15.82,0,No Revenue Leakage,LOW,0.0
TEST000119,CUST00057,"Taylor, Wright and Davidson",Enterprise,Telecom,North,Singapore,Angelaville,mitchellkathryn@cole-palmer.biz,737-550-6068,2024-11-17,Suspended,Net 45,174046.0,Arjun Kumar,CON00118,Cloud,Basic Cloud,20.0,1997.0,51260.0,10.0,18.0,Quarterly,36.0,Bronze,5.0,2026.0,2563.0,2563.0,2796.0,2468.0,51260.0,2026-01-22,2026-02-21,EUR,Generated,Overdue,3.0,9226.8,9226.8,10.0,5126.0,55360.8,0,0,0,0,0,0,0,0,,0.0,0,45.0,635,1.7385352498288844,0.0,1.0,-4100.800000000003,1.08,0.0,1.0,0.0,0,20.0,21.6,-1.6000000000000014,1.2834251377065597,0.0,1.0909090909090908,0.962934061646508,2026,1,22,3,1,2026,2,21,0.0829,8.29,0,No Revenue Leakage,LOW,0.0
TEST000120,CUST00231,Rodriguez and Sons,SMB,Telecom,South,India,Jimenezburgh,brownmichael@hamilton.org,001-970-710-8220x78113,2025-02-27,Suspended,Net 60,878952.0,Sneha Patel,CON00071,Security,Firewall,15.0,658.0,35970.0,0.0,18.0,Quarterly,36.0,Silver,2.0,2026.0,2398.0,2398.0,2596.0,2226.0,35970.0,2026-02-07,2026-03-09,EUR,Sent,Pending,3.0,6474.6,6474.6,0.0,0.0,42444.6,0,0,0,0,0,0,0,0,,0.0,0,60.0,533,1.45927446954141,0.0,1.0,-6474.5999999999985,1.18,0.0,1.0,0.0,0,15.0,17.7,-2.6999999999999993,3.6443768996960486,0.0,1.0825688073394495,0.9282735613010842,2026,2,7,5,1,2026,3,9,0.1174,11.74,0,No Revenue Leakage,LOW,0.0
TEST000121,CUST00252,"Garcia, Kim and Barrett",Retail,Telecom,North,Australia,North Douglasfurt,figueroapatricia@brown.com,696.813.6749,2024-08-16,Suspended,Net 60,833204.0,John Thomas,CON00144,SaaS,HRMS,25.0,582.0,30675.0,0.0,18.0,Quarterly,12.0,Platinum,2.0,2026.0,1227.0,1227.0,1397.0,1223.0,30675.0,2025-10-03,2025-11-02,EUR,Paid,Pending,1.0,5521.5,5521.5,0.0,0.0,36196.5,0,0,0,0,0,0,0,0,,0.0,0,60.0,728,1.9931553730321698,0.0,1.0,-5521.5,1.18,0.0,1.0,0.0,0,25.0,29.5,-4.5,2.1082474226804124,0.0,1.1385493072534638,0.9967400162999185,2025,10,3,4,4,2025,11,2,0.1568,15.68,0,No Revenue Leakage,LOW,0.0
TEST000122,CUST00167,"Cooper, Thornton and Fitzgerald",Government,Education,East,UK,Lake Jerryburgh,lewisrichard@owen-mendez.com,(360)612-7961,2023-06-26,Suspended,Net 15,717054.0,Rahul Sharma,CON00091,SaaS,HRMS,25.0,2871.0,72350.0,0.0,18.0,Quarterly,24.0,Bronze,2.0,2026.0,2894.0,2894.0,3171.0,2778.0,72350.0,2026-02-12,2026-03-14,EUR,Sent,Overdue,1.0,13023.0,13023.0,0.0,0.0,85373.0,0,0,0,0,0,0,0,0,,0.0,0,15.0,1145,3.134839151266256,0.0,1.0,-13023.0,1.18,0.0,1.0,0.0,0,25.0,29.5,-4.5,1.0080111459421803,0.0,1.0957152729785764,0.9599170697995854,2026,2,12,3,1,2026,3,14,0.2246,22.46,0,No Revenue Leakage,LOW,0.0
TEST000123,CUST00245,Valdez LLC,SMB,Telecom,East,India,Whitebury,wilsonjoshua@george.org,296.447.1589x0429,2024-04-25,Inactive,Net 15,647897.0,Rahul Sharma,CON00125,Voice,Voice Premium,5.0,1094.0,11525.0,10.0,18.0,Quarterly,36.0,Platinum,5.0,2026.0,2305.0,2305.0,2506.0,2152.0,11525.0,2026-07-18,2026-08-17,USD,Paid,Paid,1.0,2074.5,2074.5,10.0,1152.5,12447.0,0,0,0,0,0,0,0,0,,0.0,0,15.0,841,2.302532511978097,0.0,1.0,-922.0,1.08,0.0,1.0,0.0,0,5.0,5.4,-0.40000000000000036,2.106946983546618,0.0,1.0872017353579175,0.9336225596529284,2026,7,18,5,3,2026,8,17,0.0466,4.66,0,No Revenue Leakage,LOW,0.0
TEST000124,CUST00421,Lawson-Ward,Enterprise,Logistics,South,Singapore,Merrittstad,sdunlap@johnson.com,001-701-593-5889,2024-10-26,Suspended,Net 60,563317.0,Arjun Kumar,CON00182,SaaS,CRM,25.0,1355.0,69600.0,5.0,18.0,Monthly,36.0,Gold,6.0,2026.0,2784.0,2784.0,2846.0,2775.0,69600.0,2025-11-05,2025-12-05,USD,Paid,Overdue,3.0,12528.0,12528.0,5.0,3480.0,78648.0,0,0,0,0,0,0,0,0,,0.0,0,60.0,657,1.7987679671457906,0.0,1.0,-9048.0,1.13,0.0,1.0,0.0,0,25.0,28.25,-3.25,2.0546125461254614,0.0,1.0222701149425288,0.9967672413793104,2025,11,5,2,4,2025,12,5,0.0107,1.07,0,No Revenue Leakage,LOW,0.0
TEST000125,CUST00420,"Love, Brown and Klein",SMB,Education,West,India,Theresatown,amber09@bailey.net,618.413.3595x616,2021-10-21,Inactive,Net 30,639921.0,John Thomas,CON00059,Security,SOC,15.0,2205.0,20820.0,10.0,18.0,Yearly,36.0,Silver,6.0,2026.0,1388.0,1388.0,1607.0,1291.0,20820.0,2026-07-04,2026-08-03,USD,Generated,Pending,1.0,3747.6,3747.6,10.0,2082.0,18864.95,0,0,0,0,0,0,1,0,Contract Violation,3620.65,1,30.0,1758,4.813141683778234,0.0,1.0,1955.0499999999993,0.906097502401537,0.0,1.0,0.0,0,15.0,13.591462536023055,1.4085374639769448,0.6294784580498867,0.0,1.1577809798270893,0.9301152737752162,2026,7,4,5,3,2026,8,3,0.9993,99.93,1,Revenue Leakage Detected,HIGH,1955.0499999999993
TEST000126,CUST00205,"Brown, Duncan and Krause",Government,IT,North,India,South Jenniferport,ulynch@fox-carney.com,(599)678-7729,2023-03-30,Inactive,Net 15,930438.0,Rahul Sharma,CON00125,Voice,Voice Premium,5.0,1094.0,11835.0,10.0,18.0,Quarterly,36.0,Platinum,2.0,2026.0,2367.0,2367.0,2485.0,2306.0,11835.0,2026-07-19,2026-08-18,INR,Sent,Pending,3.0,2130.3,2130.3,10.0,1183.5,12781.8,0,0,0,0,0,0,0,0,,0.0,0,15.0,1233,3.375770020533881,0.0,1.0,-946.7999999999993,1.0799999999999998,0.0,1.0,0.0,0,5.0,5.3999999999999995,-0.39999999999999947,2.1636197440585008,0.0,1.0498521335023236,0.9742289818335446,2026,7,19,6,3,2026,8,18,0.0289,2.89,0,No Revenue Leakage,LOW,0.0
TEST000127,CUST00246,Johns-Taylor,SMB,Finance,West,UK,North Joseph,wfields@roberts.com,732.419.2855x44518,2021-09-15,Inactive,Net 30,729181.0,Sneha Patel,CON00077,Security,Firewall,15.0,2878.0,37950.0,0.0,18.0,Quarterly,12.0,Gold,1.0,2026.0,2530.0,2530.0,2729.0,2447.0,37950.0,2025-09-25,2025-10-25,INR,Generated,Pending,1.0,6831.0,6831.0,0.0,0.0,44781.0,0,0,0,0,0,0,0,0,,0.0,0,30.0,1794,4.91170431211499,0.0,1.0,-6831.0,1.18,0.0,1.0,0.0,0,15.0,17.7,-2.6999999999999993,0.8790826963168867,0.0,1.0786561264822134,0.967193675889328,2025,9,25,3,3,2025,10,25,0.2083,20.83,0,No Revenue Leakage,LOW,0.0
TEST000128,CUST00272,Rivas-Keller,SMB,Healthcare,East,Singapore,Fullerview,riverabradley@tapia.org,(830)345-0189,2024-12-27,Active,Net 60,78380.0,Sneha Patel,CON00112,Voice,Voice Basic,5.0,2356.0,9950.0,10.0,18.0,Monthly,12.0,Gold,9.0,2026.0,1990.0,1990.0,2081.0,1810.0,9950.0,2026-04-09,2026-05-09,USD,Sent,Pending,2.0,1791.0,1791.0,10.0,995.0,10746.0,0,0,0,0,0,0,0,0,,0.0,0,60.0,595,1.6290212183436004,0.0,1.0,-796.0,1.08,0.0,1.0,0.0,0,5.0,5.4,-0.40000000000000036,0.8446519524617997,0.0,1.0457286432160804,0.9095477386934674,2026,4,9,3,2,2026,5,9,0.1094,10.94,0,No Revenue Leakage,LOW,0.0
TEST000129,CUST00005,Hernandez and Sons,Enterprise,Healthcare,East,USA,Carlsonfurt,dcarlson@king.com,+1-384-651-4627x04828,2025-11-30,Suspended,Net 30,179981.0,John Thomas,CON00081,Internet,Fiber 300,10.0,1296.0,20910.0,10.0,18.0,Monthly,36.0,Silver,10.0,2026.0,2091.0,2091.0,2293.0,2082.0,20910.0,2026-05-08,2026-06-07,INR,Sent,Pending,3.0,3763.8,3763.8,10.0,2091.0,22582.8,0,0,0,0,0,0,0,0,,0.0,0,30.0,257,0.70362765229295,0.0,1.0,-1672.7999999999993,1.08,0.0,1.0,0.0,0,10.0,10.799999999999999,-0.7999999999999989,1.6134259259259258,0.0,1.0966044954567193,0.9956958393113343,2026,5,8,4,2,2026,6,7,0.1479,14.79,0,No Revenue Leakage,LOW,0.0
TEST000130,CUST00483,"Perry, Moore and Thompson",Government,Telecom,South,UK,Lake Lisa,michaelbuckley@johnson.com,(254)895-0050x7026,2026-01-23,Active,Net 30,936364.0,John Thomas,CON00001,SaaS,ERP,25.0,1320.0,18725.0,10.0,18.0,Yearly,12.0,Gold,12.0,2026.0,749.0,749.0,763.0,725.0,18725.0,2026-02-02,2026-03-04,EUR,Generated,Overdue,1.0,3370.5,3370.5,10.0,1872.5,20223.0,0,0,0,0,0,0,0,0,,0.0,0,30.0,203,0.5557837097878165,0.0,1.0,-1498.0,1.08,0.0,1.0,0.0,0,25.0,27.0,-2.0,0.5674242424242424,0.0,1.0186915887850467,0.9679572763684913,2026,2,2,0,1,2026,3,4,0.0455,4.55,0,No Revenue Leakage,LOW,0.0
TEST000131,CUST00364,"Simmons, Acosta and Thomas",Enterprise,Finance,South,USA,Wandaburgh,fgomez@olson-dudley.org,+1-552-836-6878x8788,2022-04-22,Active,Net 60,439878.0,Priya Nair,CON00001,SaaS,ERP,25.0,1320.0,71150.0,10.0,18.0,Yearly,12.0,Gold,12.0,2026.0,2846.0,2846.0,2973.0,2836.0,71150.0,2026-04-27,2026-05-27,INR,Generated,Overdue,1.0,12807.0,12807.0,15.0,10672.5,73284.5,0,0,1,0,0,0,0,0,Extra Discount,3557.5,1,60.0,1575,4.312114989733059,0.0,1.0,-2134.5,1.03,0.0,1.0,-5.0,1,25.0,25.75,-0.75,2.1560606060606062,0.0,1.044624033731553,0.9964862965565706,2026,4,27,0,2,2026,5,27,0.9934,99.34,1,Revenue Leakage Detected,HIGH,0.0
TEST000132,CUST00341,Peters LLC,Enterprise,Telecom,South,Singapore,North Davidborough,christopherscott@miller.net,458-926-0340x8487,2024-04-04,Suspended,Net 15,717689.0,Priya Nair,CON00116,SaaS,ERP,25.0,1863.0,12725.0,15.0,18.0,Monthly,24.0,Gold,4.0,2026.0,509.0,509.0,753.0,351.0,12725.0,2026-02-07,2026-03-09,USD,Generated,Overdue,2.0,2290.5,1418.1378552019546,15.0,1908.75,12234.39,1,0,0,0,0,0,0,0,Missing GST,872.36,1,15.0,862,2.3600273785078714,0.0,1.0,490.6100000000006,0.9614451866404715,872.3621447980454,0.619138989391816,0.0,0,25.0,24.036129666011785,0.9638703339882149,0.273215244229737,0.0,1.4793713163064832,0.6895874263261297,2026,2,7,5,1,2026,3,9,0.9977,99.77,1,Revenue Leakage Detected,HIGH,490.6100000000006
TEST000133,CUST00328,Stone and Sons,Retail,IT,East,India,Martinchester,heather88@tanner.com,495-924-3640,2021-08-10,Suspended,Net 60,166492.0,Rahul Sharma,CON00119,Voice,Voice Basic,5.0,577.0,14605.0,5.0,18.0,Monthly,36.0,Silver,8.0,2026.0,2921.0,2921.0,3018.0,2786.0,14605.0,2026-05-13,2026-06-12,USD,Sent,Overdue,3.0,2628.9,2628.9,5.0,730.25,16503.65,0,0,0,0,0,0,0,0,,0.0,0,60.0,1830,5.0102669404517455,0.0,1.0,-1898.6500000000015,1.1300000000000001,0.0,1.0,0.0,0,5.0,5.65,-0.6500000000000004,5.062391681109186,0.0,1.0332078055460459,0.953782951044163,2026,5,13,2,2,2026,6,12,0.0447,4.47,0,No Revenue Leakage,LOW,0.0
TEST000134,CUST00333,"Thomas, Meyer and Armstrong",Government,Finance,South,India,East Tylerland,marisa87@mosley.info,+1-583-633-2116x02564,2025-08-24,Suspended,Net 60,118619.0,Rahul Sharma,CON00069,Voice,Voice Basic,5.0,1591.0,13145.0,10.0,18.0,Yearly,12.0,Platinum,6.0,2026.0,2629.0,2629.0,2649.0,2517.0,13145.0,2026-08-04,2026-09-03,INR,Generated,Overdue,1.0,2366.1,2366.1,10.0,1314.5,14196.6,0,0,0,0,0,0,0,0,,0.0,0,60.0,355,0.971937029431896,0.0,1.0,-1051.6000000000004,1.08,0.0,1.0,0.0,0,5.0,5.4,-0.40000000000000036,1.6524198617221872,0.0,1.0076074553062,0.9573982502852796,2026,8,4,1,3,2026,9,3,0.0411,4.11,0,No Revenue Leakage,LOW,0.0
TEST000135,CUST00494,Berry-Mills,SMB,IT,East,Singapore,Lichester,robinsonhenry@bautista.com,001-474-555-5347x0574,2026-05-07,Active,Net 15,485633.0,Sneha Patel,CON00168,SaaS,ERP,25.0,1700.0,46675.0,5.0,18.0,Quarterly,24.0,Gold,10.0,2026.0,1867.0,1757.0,1988.0,1820.0,46675.0,2026-03-08,2026-04-07,INR,Paid,Overdue,2.0,8401.5,8401.5,5.0,2333.75,49992.75,0,1,0,0,0,0,0,0,Usage Mismatch,2750.0,1,15.0,99,0.27104722792607805,110.0,0.9410819496518479,-3317.75,1.0710819496518478,0.0,1.0,0.0,0,25.0,28.453471826977804,-3.453471826977804,1.098235294117647,0.0,1.0648098553829672,0.9748259239421532,2026,3,8,6,1,2026,4,7,0.9976,99.76,1,Revenue Leakage Detected,HIGH,0.0
TEST000136,CUST00152,Ramirez-Baker,Enterprise,IT,North,USA,New Meghan,riverajenna@williams.org,5944798515,2026-01-09,Inactive,Net 15,142263.0,John Thomas,CON00094,Cloud,Business Cloud,20.0,2272.0,55560.0,0.0,18.0,Monthly,24.0,Platinum,9.0,2026.0,2778.0,2778.0,3049.0,2709.0,55560.0,2025-11-14,2025-12-14,EUR,Generated,Overdue,1.0,10000.8,10000.8,0.0,0.0,65560.8,0,0,0,0,0,0,0,0,,0.0,0,15.0,217,0.5941136208076659,0.0,1.0,-10000.800000000003,1.1800000000000002,0.0,1.0,0.0,0,20.0,23.6,-3.6000000000000014,1.2227112676056338,0.0,1.097552195824334,0.9751619870410367,2025,11,14,4,4,2025,12,14,0.1441,14.41,0,No Revenue Leakage,LOW,0.0
TEST000137,CUST00005,Hernandez and Sons,Enterprise,Healthcare,East,USA,Carlsonfurt,dcarlson@king.com,+1-384-651-4627x04828,2025-11-30,Suspended,Net 30,179981.0,John Thomas,CON00058,Internet,Fiber 300,10.0,618.0,7540.0,15.0,18.0,Yearly,12.0,Bronze,1.0,2026.0,754.0,754.0,925.0,719.0,7540.0,2026-03-14,2026-04-13,EUR,Paid,Paid,1.0,1357.2,1357.2,15.0,1131.0,7766.2,0,0,0,0,0,0,0,0,,0.0,0,30.0,257,0.70362765229295,0.0,1.0,-226.19999999999982,1.03,0.0,1.0,0.0,0,10.0,10.299999999999999,-0.29999999999999893,1.220064724919094,0.0,1.226790450928382,0.9535809018567639,2026,3,14,5,1,2026,4,13,0.033,3.3,0,No Revenue Leakage,LOW,0.0
TEST000138,CUST00104,Ray LLC,Retail,Manufacturing,East,India,Brooksland,powellkara@mayer.com,001-801-575-1863,2025-10-21,Inactive,Net 30,528007.0,Priya Nair,CON00107,Internet,Fiber 300,10.0,1368.0,12880.0,0.0,18.0,Yearly,24.0,Gold,8.0,2026.0,1288.0,1288.0,1415.0,1224.0,12880.0,2026-01-12,2026-02-11,EUR,Paid,Overdue,3.0,2318.4,2318.4,0.0,0.0,15198.4,0,0,0,0,0,0,0,0,,0.0,0,30.0,297,0.813141683778234,0.0,1.0,-2318.3999999999996,1.18,0.0,1.0,0.0,0,10.0,11.799999999999999,-1.799999999999999,0.9415204678362573,0.0,1.0986024844720497,0.9503105590062112,2026,1,12,0,1,2026,2,11,0.124,12.4,0,No Revenue Leakage,LOW,0.0
TEST000139,CUST00331,Sherman-Munoz,Government,Telecom,South,India,Nathanmouth,lisa56@bishop-hester.com,607-562-0918,2024-09-23,Suspended,Net 30,321830.0,Arjun Kumar,CON00035,Internet,Fiber 300,10.0,2955.0,23280.0,10.0,18.0,Quarterly,12.0,Silver,3.0,2026.0,2328.0,2328.0,2361.0,2294.0,23280.0,2026-04-26,2026-05-26,EUR,Generated,Overdue,1.0,4190.4,4190.4,10.0,2328.0,25142.4,0,0,0,0,0,0,0,0,,0.0,0,30.0,690,1.88911704312115,0.0,1.0,-1862.4000000000015,1.08,0.0,1.0,0.0,0,10.0,10.8,-0.8000000000000007,0.7878172588832487,0.0,1.0141752577319587,0.9853951890034365,2026,4,26,6,2,2026,5,26,0.0533,5.33,0,No Revenue Leakage,LOW,0.0
TEST000140,CUST00397,Garcia Ltd,SMB,Manufacturing,West,USA,Shaunstad,elizabeth45@smith-gomez.com,597.814.8026x32570,2024-08-26,Inactive,Net 15,225006.0,Arjun Kumar,CON00084,Voice,Voice Basic,5.0,686.0,9670.0,15.0,18.0,Quarterly,12.0,Silver,10.0,2026.0,1934.0,1934.0,2162.0,1872.0,9670.0,2025-12-06,2026-01-05,INR,Sent,Pending,3.0,1740.6,1740.6,15.0,1450.5,8233.74,0,0,0,0,1,0,0,0,Missing Charge,1726.36,1,15.0,718,1.9657768651608487,0.0,1.0,1436.2600000000002,0.8514725956566701,0.0,1.0,0.0,0,5.0,4.257362978283351,0.7426370217166491,2.8192419825072887,0.0,1.1178903826266804,0.96794208893485,2025,12,6,5,4,2026,1,5,0.9985,99.85,1,Revenue Leakage Detected,HIGH,1436.2600000000002
TEST000141,CUST00006,"Gonzalez, Brooks and Martin",Retail,Logistics,West,India,New Mariotown,hickmannatasha@allen-allen.org,417-618-2278,2026-01-31,Suspended,Net 15,578178.0,Sneha Patel,CON00182,SaaS,CRM,25.0,1355.0,67000.0,5.0,18.0,Monthly,36.0,Gold,1.0,2026.0,2680.0,2680.0,2689.0,2577.0,67000.0,2026-03-09,2026-04-08,INR,Paid,Pending,2.0,12060.0,12060.0,5.0,3350.0,75710.0,0,0,0,0,0,0,0,0,,0.0,0,15.0,195,0.5338809034907598,0.0,1.0,-8710.0,1.13,0.0,1.0,0.0,0,25.0,28.25,-3.25,1.977859778597786,0.0,1.003358208955224,0.9615671641791045,2026,3,9,0,1,2026,4,8,0.0377,3.77,0,No Revenue Leakage,LOW,0.0
TEST000142,CUST00139,Steele LLC,SMB,Education,East,India,Davidfurt,gary04@bryant-meyer.net,262-457-5326x03323,2022-08-23,Inactive,Net 45,585242.0,Priya Nair,CON00047,Voice,Voice Basic,5.0,1412.0,5165.0,0.0,18.0,Quarterly,12.0,Platinum,1.0,2026.0,1033.0,1033.0,1185.0,865.0,5165.0,2026-06-15,2026-07-15,INR,Paid,Overdue,3.0,929.7,929.7,0.0,0.0,6094.7,0,0,0,0,0,0,0,0,,0.0,0,45.0,1452,3.975359342915811,0.0,1.0,-929.6999999999998,1.18,0.0,1.0,0.0,0,5.0,5.8999999999999995,-0.8999999999999995,0.7315864022662889,0.0,1.1471442400774443,0.8373668925459826,2026,6,15,0,2,2026,7,15,0.0564,5.64,0,No Revenue Leakage,LOW,0.0
TEST000143,CUST00235,Howard and Sons,Government,Finance,West,UK,North Timothyport,jacquelinehodge@silva.com,001-862-657-0165x804,2026-03-18,Active,Net 15,149616.0,John Thomas,CON00035,Internet,Fiber 300,10.0,2955.0,28920.0,10.0,18.0,Quarterly,12.0,Silver,11.0,2026.0,2892.0,2892.0,2895.0,2883.0,28920.0,2026-04-17,2026-05-17,INR,Generated,Paid,1.0,5205.6,5205.6,15.0,4338.0,29787.6,0,0,1,0,0,0,0,0,Extra Discount,1446.0,1,15.0,149,0.4079397672826831,0.0,1.0,-867.5999999999985,1.03,0.0,1.0,-5.0,1,10.0,10.299999999999999,-0.29999999999999893,0.9786802030456853,0.0,1.0010373443983402,0.9968879668049793,2026,4,17,4,2,2026,5,17,0.9781,97.81,1,Revenue Leakage Detected,HIGH,0.0
TEST000144,CUST00334,"Martinez, Taylor and Nichols",Retail,Telecom,West,Singapore,Davismouth,sarahmiranda@brown.biz,+1-586-333-4141x1159,2026-06-20,Suspended,Net 60,917869.0,Sneha Patel,CON00088,Internet,Fiber 100,10.0,1166.0,26660.0,5.0,18.0,Yearly,24.0,Bronze,9.0,2026.0,2666.0,2666.0,2680.0,2482.0,26660.0,2026-02-19,2026-03-21,USD,Generated,Overdue,2.0,4798.8,4798.8,5.0,1333.0,30125.8,0,0,0,0,0,0,0,0,,0.0,0,60.0,55,0.15058179329226556,0.0,1.0,-3465.7999999999993,1.13,0.0,1.0,0.0,0,10.0,11.299999999999999,-1.299999999999999,2.286449399656947,0.0,1.005251312828207,0.9309827456864216,2026,2,19,3,1,2026,3,21,0.0396,3.96,0,No Revenue Leakage,LOW,0.0
TEST000145,CUST00409,"Stokes, Lee and Perkins",SMB,Education,South,Singapore,East Arthurberg,wardricky@lin.net,833.897.8559x8217,2022-03-14,Suspended,Net 45,69675.0,Priya Nair,CON00145,Cloud,Basic Cloud,20.0,1117.0,20920.0,15.0,18.0,Quarterly,24.0,Platinum,1.0,2026.0,1046.0,1046.0,1228.0,997.0,20920.0,2026-05-07,2026-06-06,INR,Sent,Pending,3.0,3765.6,3765.6,15.0,3138.0,21547.6,0,0,0,0,0,0,0,1,Late Billing,1593.0,1,45.0,1614,4.418891170431212,0.0,1.0,-627.5999999999985,1.03,0.0,1.0,0.0,0,20.0,20.599999999999998,-0.5999999999999979,0.936436884512086,0.0,1.1739961759082218,0.9531548757170172,2026,5,7,3,2,2026,6,6,0.2218,22.18,0,No Revenue Leakage,LOW,0.0
TEST000146,CUST00314,"Hayden, Fowler and Torres",Retail,Finance,West,USA,North Emily,antoniobarker@johnson-gonzalez.biz,833-848-1705x8025,2022-12-06,Inactive,Net 15,748956.0,Arjun Kumar,CON00184,Cloud,Enterprise Cloud,20.0,692.0,34700.0,0.0,18.0,Quarterly,12.0,Bronze,2.0,2026.0,1735.0,1735.0,1888.0,1570.0,34700.0,2026-02-10,2026-03-12,INR,Sent,Paid,3.0,6246.0,6246.0,0.0,0.0,40946.0,0,0,0,0,0,0,0,0,,0.0,0,15.0,1347,3.6878850102669403,0.0,1.0,-6246.0,1.18,0.0,1.0,0.0,0,20.0,23.6,-3.6000000000000014,2.5072254335260116,0.0,1.0881844380403458,0.9048991354466859,2026,2,10,1,1,2026,3,12,0.2564,25.64,0,No Revenue Leakage,LOW,0.0
TEST000147,CUST00443,Cline Group,Government,IT,East,India,Jessicaborough,patrickwhite@cowan.com,6942515480,2023-12-08,Active,Net 60,461274.0,John Thomas,CON00131,Internet,Fiber 1000,10.0,860.0,24820.0,0.0,18.0,Quarterly,24.0,Silver,6.0,2026.0,2482.0,2482.0,2769.0,2481.0,24820.0,2026-06-17,2026-07-17,USD,Paid,Overdue,3.0,4467.6,4467.6,0.0,0.0,29287.6,0,0,0,0,0,0,0,0,,0.0,0,60.0,980,2.6830937713894594,0.0,1.0,-4467.5999999999985,1.18,0.0,1.0,0.0,0,10.0,11.799999999999999,-1.799999999999999,2.886046511627907,0.0,1.1156325543916197,0.999597099113618,2026,6,17,2,2,2026,7,17,0.1169,11.69,0,No Revenue Leakage,LOW,0.0
TEST000148,CUST00173,Bray-Wolfe,SMB,Finance,West,USA,Stewarttown,craignicolas@nguyen.com,(484)934-7955,2025-03-15,Active,Net 15,296726.0,Rahul Sharma,CON00088,Internet,Fiber 100,10.0,1166.0,27790.0,5.0,18.0,Yearly,24.0,Bronze,5.0,2026.0,2779.0,2779.0,2919.0,2585.0,27790.0,2026-07-18,2026-08-17,INR,Paid,Paid,3.0,5002.2,5002.2,5.0,1389.5,31402.7,0,0,0,0,0,0,0,0,,0.0,0,15.0,517,1.4154688569472964,0.0,1.0,-3612.7000000000007,1.1300000000000001,0.0,1.0,0.0,0,10.0,11.3,-1.3000000000000007,2.3833619210977703,0.0,1.0503778337531486,0.9301907160849227,2026,7,18,5,3,2026,8,17,0.0317,3.17,0,No Revenue Leakage,LOW,0.0
TEST000149,CUST00128,Baker-Hood,Enterprise,Telecom,East,USA,East Karenville,barnettlindsey@arellano-lawrence.net,6683687937,2024-12-14,Suspended,Net 30,618535.0,Priya Nair,CON00089,Cloud,Basic Cloud,20.0,1479.0,35140.0,15.0,18.0,Monthly,36.0,Silver,8.0,2026.0,1757.0,1757.0,1892.0,1709.0,35140.0,2026-01-12,2026-02-11,INR,Paid,Overdue,3.0,6325.2,6325.2,15.0,5271.0,36194.2,0,0,0,0,0,0,0,0,,0.0,0,30.0,608,1.6646132785763177,0.0,1.0,-1054.199999999997,1.03,0.0,1.0,0.0,0,20.0,20.599999999999998,-0.5999999999999979,1.1879648411088573,0.0,1.076835515082527,0.9726807057484348,2026,1,12,0,1,2026,2,11,0.0711,7.11,0,No Revenue Leakage,LOW,0.0
TEST000150,CUST00082,Avila LLC,Government,IT,West,Singapore,Nunezside,opatel@murray.com,310.269.0331,2025-05-24,Active,Net 15,991970.0,Arjun Kumar,CON00183,SaaS,CRM,25.0,804.0,15875.0,10.0,18.0,Yearly,24.0,Silver,9.0,2026.0,635.0,635.0,702.0,472.0,15875.0,2026-01-24,2026-02-23,USD,Paid,Overdue,1.0,2857.5,2857.5,10.0,1587.5,15217.43,0,0,0,0,0,0,1,0,Contract Violation,1927.57,1,15.0,447,1.2238193018480492,0.0,1.0,657.5699999999997,0.9585782677165354,0.0,1.0,0.0,0,25.0,23.964456692913387,1.0355433070866127,0.7898009950248757,0.0,1.105511811023622,0.7433070866141732,2026,1,24,5,1,2026,2,23,0.9985,99.85,1,Revenue Leakage Detected,HIGH,657.5699999999997
TEST000151,CUST00453,Santiago-Cordova,Retail,Manufacturing,East,India,East Nicoleburgh,mikemorgan@bishop.com,+1-832-473-0346x1562,2024-01-08,Suspended,Net 60,260294.0,Rahul Sharma,CON00085,SaaS,ERP,25.0,2968.0,50925.0,5.0,18.0,Monthly,12.0,Platinum,10.0,2026.0,2037.0,2037.0,2056.0,1944.0,50925.0,2025-10-26,2025-11-25,INR,Sent,Overdue,1.0,9166.5,9166.5,5.0,2546.25,57545.25,0,0,0,0,0,0,0,0,,0.0,0,60.0,949,2.598220396988364,0.0,1.0,-6620.25,1.13,0.0,1.0,0.0,0,25.0,28.25,-3.25,0.6863207547169812,0.0,1.009327442317133,0.9543446244477173,2025,10,26,6,4,2025,11,25,0.0875,8.75,0,No Revenue Leakage,LOW,0.0
TEST000152,CUST00452,Davis-Sanchez,Government,Education,East,UK,Adamburgh,cory86@lewis.info,001-831-362-5265x469,2024-07-18,Inactive,Net 45,991768.0,Arjun Kumar,CON00173,Security,Endpoint Security,15.0,1568.0,23520.0,0.0,18.0,Yearly,36.0,Platinum,7.0,2026.0,1568.0,1568.0,1834.0,1420.0,23520.0,2025-12-01,2025-12-31,EUR,Sent,Overdue,2.0,4233.6,4233.6,0.0,0.0,27753.6,0,0,0,0,0,0,0,0,,0.0,0,45.0,757,2.0725530458590007,0.0,1.0,-4233.5999999999985,1.18,0.0,1.0,0.0,0,15.0,17.7,-2.6999999999999993,1.0,0.0,1.1696428571428572,0.9056122448979592,2025,12,1,0,4,2025,12,31,0.0181,1.81,0,No Revenue Leakage,LOW,0.0
TEST000153,CUST00367,"Potter, Gordon and Smith",Retail,IT,East,UK,Fraziermouth,samantha84@perez.com,962.736.9036x28917,2025-01-15,Active,Net 15,602370.0,John Thomas,CON00117,Cloud,Enterprise Cloud,20.0,1599.0,28400.0,15.0,18.0,Yearly,12.0,Bronze,8.0,2026.0,1420.0,1420.0,1579.0,1267.0,28400.0,2026-06-28,2026-07-28,USD,Paid,Overdue,1.0,5112.0,5112.0,15.0,4260.0,27334.79,0,0,0,0,0,0,1,0,Contract Violation,1917.21,1,15.0,576,1.5770020533880904,0.0,1.0,1065.2099999999991,0.9624926056338029,0.0,1.0,0.0,0,20.0,19.249852112676056,0.7501478873239442,0.8880550343964978,0.0,1.1119718309859155,0.8922535211267606,2026,6,28,6,2,2026,7,28,0.9992,99.92,1,Revenue Leakage Detected,HIGH,1065.2099999999991
TEST000154,CUST00491,Smith-Wilson,Retail,IT,North,Singapore,Alexandriafort,donnaevans@weaver.info,(815)440-6417,2025-09-28,Suspended,Net 15,692249.0,Arjun Kumar,CON00038,Cloud,Enterprise Cloud,20.0,2384.0,15020.0,5.0,18.0,Quarterly,12.0,Platinum,10.0,2026.0,751.0,751.0,778.0,649.0,15020.0,2025-11-21,2025-12-21,USD,Generated,Paid,1.0,2703.6,2703.6,5.0,751.0,16972.6,0,0,0,0,0,0,0,0,,0.0,0,15.0,320,0.8761122518822724,0.0,1.0,-1952.5999999999985,1.13,0.0,1.0,0.0,0,20.0,22.599999999999998,-2.599999999999998,0.3150167785234899,0.0,1.0359520639147803,0.8641810918774967,2025,11,21,4,4,2025,12,21,0.1659,16.59,0,No Revenue Leakage,LOW,0.0
TEST000155,CUST00186,Lee-Vega,Retail,Healthcare,South,USA,New Justin,hdavidson@mills.com,(820)931-7310,2026-01-25,Suspended,Net 45,257990.0,Arjun Kumar,CON00133,Security,SOC,15.0,2488.0,10470.0,5.0,18.0,Quarterly,12.0,Platinum,12.0,2026.0,698.0,698.0,723.0,657.0,10470.0,2025-08-12,2025-09-11,EUR,Generated,Paid,1.0,1884.6,1884.6,5.0,523.5,11831.1,0,0,0,0,0,0,0,0,,0.0,0,45.0,201,0.5503080082135524,0.0,1.0,-1361.1000000000004,1.1300000000000001,0.0,1.0,0.0,0,15.0,16.95,-1.9499999999999993,0.2805466237942122,0.0,1.0358166189111748,0.9412607449856734,2025,8,12,1,3,2025,9,11,0.0708,7.08,0,No Revenue Leakage,LOW,0.0
TEST000156,CUST00192,Mullins-Johnston,Government,Education,South,Australia,East Ryanfurt,davidmiller@mcgee.biz,562.527.8376x93898,2022-03-16,Inactive,Net 60,238456.0,Priya Nair,CON00100,Voice,Voice Basic,5.0,1890.0,11745.0,15.0,18.0,Yearly,12.0,Platinum,4.0,2026.0,2349.0,2349.0,2490.0,2298.0,11745.0,2025-08-21,2025-09-20,EUR,Sent,Pending,1.0,2114.1,2114.1,15.0,1761.75,12097.35,0,0,0,0,0,0,0,0,,0.0,0,60.0,1612,4.413415468856948,0.0,1.0,-352.35000000000036,1.03,0.0,1.0,0.0,0,5.0,5.15,-0.15000000000000036,1.2428571428571429,0.0,1.0600255427841634,0.9782886334610472,2025,8,21,3,3,2025,9,20,0.026,2.6,0,No Revenue Leakage,LOW,0.0
TEST000157,CUST00216,"Clark, Thompson and Taylor",Enterprise,Finance,West,UK,Bridgesstad,qmoore@taylor.com,(876)421-2679,2025-06-17,Suspended,Net 45,943741.0,Arjun Kumar,CON00132,SaaS,ERP,25.0,2869.0,51200.0,5.0,18.0,Quarterly,12.0,Bronze,6.0,2026.0,2048.0,1838.0,2085.0,2014.0,51200.0,2025-10-06,2025-11-05,INR,Generated,Overdue,1.0,9216.0,9216.0,5.0,2560.0,52606.0,0,1,0,0,0,0,0,0,Usage Mismatch,5250.0,1,45.0,423,1.158110882956879,210.0,0.8974609375,-1406.0,1.0274609375,0.0,1.0,0.0,0,25.0,28.621327529923832,-3.621327529923832,0.7138375740676194,0.0,1.01806640625,0.9833984375,2025,10,6,0,4,2025,11,5,0.9997,99.97,1,Revenue Leakage Detected,HIGH,0.0
TEST000158,CUST00191,"Stokes, James and Deleon",SMB,Telecom,South,USA,Michaelchester,hconrad@adkins.com,+1-460-248-0589x2583,2024-12-08,Active,Net 15,306609.0,Sneha Patel,CON00117,Cloud,Enterprise Cloud,20.0,1599.0,51240.0,15.0,18.0,Yearly,12.0,Bronze,11.0,2026.0,2562.0,2562.0,2586.0,2532.0,51240.0,2026-04-20,2026-05-20,USD,Sent,Paid,2.0,9223.2,9223.2,15.0,7686.0,52777.2,0,0,0,0,0,0,0,0,,0.0,0,15.0,614,1.68104038329911,0.0,1.0,-1537.199999999997,1.03,0.0,1.0,0.0,0,20.0,20.599999999999998,-0.5999999999999979,1.602251407129456,0.0,1.009367681498829,0.9882903981264637,2026,4,20,0,2,2026,5,20,0.1314,13.14,0,No Revenue Leakage,LOW,0.0
TEST000159,CUST00341,Peters LLC,Enterprise,Telecom,South,Singapore,North Davidborough,christopherscott@miller.net,458-926-0340x8487,2024-04-04,Suspended,Net 15,717689.0,Priya Nair,CON00164,SaaS,CRM,25.0,2532.0,41400.0,5.0,18.0,Monthly,12.0,Silver,4.0,2026.0,1656.0,1656.0,1896.0,1491.0,41400.0,2026-07-17,2026-08-16,EUR,Generated,Paid,3.0,7452.0,7452.0,5.0,2070.0,46782.0,0,0,0,0,0,0,0,0,,0.0,0,15.0,862,2.3600273785078714,0.0,1.0,-5382.0,1.13,0.0,1.0,0.0,0,25.0,28.25,-3.25,0.6540284360189573,0.0,1.144927536231884,0.9003623188405797,2026,7,17,4,3,2026,8,16,0.0186,1.86,0,No Revenue Leakage,LOW,0.0
TEST000160,CUST00275,"Rodriguez, Coleman and Davis",Enterprise,Education,East,India,Michaelshire,mackallen@stanley.biz,6167459779,2023-03-10,Suspended,Net 60,569984.0,Sneha Patel,CON00199,Internet,Fiber 100,10.0,1734.0,25250.0,15.0,18.0,Monthly,36.0,Gold,5.0,2026.0,2525.0,2525.0,2597.0,2394.0,25250.0,2026-03-28,2026-04-27,EUR,Paid,Overdue,2.0,4545.0,4545.0,15.0,3787.5,26007.5,0,0,0,0,0,0,0,0,,0.0,0,60.0,1253,3.430527036276523,0.0,1.0,-757.5,1.03,0.0,1.0,0.0,0,10.0,10.3,-0.3000000000000007,1.4561707035755478,0.0,1.0285148514851485,0.9481188118811881,2026,3,28,5,1,2026,4,27,0.0722,7.22,0,No Revenue Leakage,LOW,0.0
TEST000161,CUST00293,"Brown, Price and Flores",Enterprise,Finance,North,India,Orozcoview,hdavid@harris.org,978.886.1405,2022-02-25,Suspended,Net 45,368647.0,John Thomas,CON00110,Internet,Fiber 300,10.0,2709.0,27720.0,10.0,18.0,Quarterly,36.0,Bronze,5.0,2026.0,2772.0,2772.0,2811.0,2688.0,27720.0,2026-02-02,2026-03-04,USD,Generated,Paid,2.0,4989.6,4989.6,25.0,6930.0,25779.6,0,0,1,0,0,0,0,0,Extra Discount,4158.0,1,45.0,1631,4.465434633812457,0.0,1.0,1940.4000000000015,0.9299999999999999,0.0,1.0,-15.0,1,10.0,9.299999999999999,0.7000000000000011,1.0232558139534884,0.0,1.0140692640692641,0.9696969696969697,2026,2,2,0,1,2026,3,4,0.9995,99.95,1,Revenue Leakage Detected,HIGH,1940.4000000000015
TEST000162,CUST00106,"Ward, Miller and Beck",Government,Manufacturing,South,India,North Randy,jessica36@davis.com,(893)487-0051,2025-08-29,Inactive,Net 45,384618.0,Rahul Sharma,CON00081,Internet,Fiber 300,10.0,1296.0,16600.0,10.0,18.0,Monthly,36.0,Silver,5.0,2026.0,1660.0,1660.0,1907.0,1555.0,16600.0,2026-06-17,2026-07-17,USD,Paid,Overdue,3.0,2988.0,2988.0,10.0,1660.0,17928.0,0,0,0,0,0,0,0,0,,0.0,0,45.0,350,0.9582477754962354,0.0,1.0,-1328.0,1.08,0.0,1.0,0.0,0,10.0,10.8,-0.8000000000000007,1.2808641975308641,0.0,1.1487951807228916,0.9367469879518072,2026,6,17,2,2,2026,7,17,0.0744,7.44,0,No Revenue Leakage,LOW,0.0
TEST000163,CUST00206,Wilson Group,Government,Telecom,South,UK,Lake Melaniechester,wwilliams@shaffer.com,214-448-8501x556,2023-03-31,Suspended,Net 15,61344.0,Sneha Patel,CON00058,Internet,Fiber 300,10.0,618.0,21790.0,15.0,18.0,Yearly,12.0,Bronze,11.0,2026.0,2179.0,2179.0,2378.0,2092.0,21790.0,2026-02-28,2026-03-30,EUR,Paid,Overdue,3.0,3922.2,3922.2,15.0,3268.5,22443.7,0,0,0,0,0,0,0,0,,0.0,0,15.0,1232,3.373032169746749,0.0,1.0,-653.7000000000007,1.03,0.0,1.0,0.0,0,10.0,10.3,-0.3000000000000007,3.5258899676375406,0.0,1.0913262964662689,0.9600734281780633,2026,2,28,5,1,2026,3,30,0.0506,5.06,0,No Revenue Leakage,LOW,0.0
TEST000164,CUST00436,Farmer-Klein,Retail,Telecom,South,USA,Walkertown,cwise@woods-rodriguez.com,921-518-2379x31269,2022-02-05,Suspended,Net 45,582726.0,John Thomas,CON00038,Cloud,Enterprise Cloud,20.0,2384.0,53760.0,5.0,18.0,Quarterly,12.0,Platinum,9.0,2026.0,2688.0,2688.0,2713.0,2495.0,53760.0,2026-08-03,2026-09-02,EUR,Generated,Paid,1.0,9676.8,9676.8,5.0,2688.0,60748.8,0,0,0,0,0,0,0,0,,0.0,0,45.0,1651,4.520191649555099,0.0,1.0,-6988.800000000003,1.1300000000000001,0.0,1.0,0.0,0,20.0,22.6,-2.6000000000000014,1.1275167785234899,0.0,1.0093005952380953,0.9281994047619048,2026,8,3,0,3,2026,9,2,0.0414,4.14,0,No Revenue Leakage,LOW,0.0
TEST000165,CUST00174,Barnes LLC,Retail,IT,North,Singapore,Melissaview,iwhite@parks.com,+1-866-932-2702,2022-09-27,Inactive,Net 30,671019.0,Sneha Patel,CON00057,Security,Firewall,15.0,2956.0,34260.0,15.0,18.0,Quarterly,36.0,Platinum,10.0,2026.0,2284.0,2284.0,2411.0,2165.0,34260.0,2026-02-15,2026-03-17,EUR,Paid,Paid,3.0,6166.8,6166.8,15.0,5139.0,25246.66,0,0,0,0,1,0,0,0,Missing Charge,10041.14,1,30.0,1417,3.8795345653661877,0.0,1.0,9013.34,0.7369136018680678,0.0,1.0,0.0,0,15.0,11.053704028021016,3.9462959719789836,0.7726657645466847,0.0,1.0556042031523643,0.9478984238178634,2026,2,15,6,1,2026,3,17,0.9986,99.86,1,Revenue Leakage Detected,HIGH,9013.34
TEST000166,CUST00295,Hess PLC,Retail,Finance,South,Singapore,Deniseburgh,brownsandra@harper-franco.biz,(839)384-0289x141,2022-10-13,Suspended,Net 60,846657.0,Sneha Patel,CON00096,Voice,Voice Basic,5.0,2538.0,13850.0,10.0,18.0,Quarterly,36.0,Platinum,1.0,2026.0,2770.0,2770.0,2976.0,2740.0,13850.0,2025-12-26,2026-01-25,EUR,Sent,Pending,1.0,2493.0,2493.0,10.0,1385.0,14958.0,0,0,0,0,0,0,0,0,,0.0,0,60.0,1401,3.8357289527720737,0.0,1.0,-1108.0,1.08,0.0,1.0,0.0,0,5.0,5.4,-0.40000000000000036,1.0914105594956658,0.0,1.0743682310469314,0.9891696750902527,2025,12,26,4,4,2026,1,25,0.143,14.3,0,No Revenue Leakage,LOW,0.0
TEST000167,CUST00116,Carter LLC,SMB,Education,East,UK,Haynesmouth,shawn31@taylor.com,(712)577-5618,2025-06-10,Suspended,Net 45,387889.0,Arjun Kumar,CON00065,Security,Firewall,15.0,1647.0,13800.0,10.0,18.0,Quarterly,36.0,Platinum,7.0,2026.0,920.0,920.0,923.0,844.0,13800.0,2026-08-01,2026-08-31,INR,Sent,Pending,3.0,2484.0,2484.0,10.0,1380.0,14904.0,0,0,0,0,0,0,0,0,,0.0,0,45.0,430,1.1772758384668036,0.0,1.0,-1104.0,1.08,0.0,1.0,0.0,0,15.0,16.2,-1.1999999999999993,0.5585913782635095,0.0,1.0032608695652174,0.9173913043478261,2026,8,1,5,3,2026,8,31,0.2133,21.33,0,No Revenue Leakage,LOW,0.0
TEST000168,CUST00103,Hudson PLC,Retail,Manufacturing,North,UK,Candiceburgh,tiffany44@adams.com,(560)842-2325,2025-10-04,Active,Net 30,448929.0,John Thomas,CON00051,Cloud,Basic Cloud,20.0,1696.0,15440.0,0.0,18.0,Quarterly,36.0,Bronze,8.0,2026.0,772.0,772.0,1008.0,714.0,15440.0,2025-10-25,2025-11-24,INR,Generated,Overdue,1.0,2779.2,2779.2,0.0,0.0,18219.2,0,0,0,0,0,0,0,0,,0.0,0,30.0,314,0.8596851471594799,0.0,1.0,-2779.2000000000007,1.18,0.0,1.0,0.0,0,20.0,23.6,-3.6000000000000014,0.455188679245283,0.0,1.305699481865285,0.9248704663212435,2025,10,25,5,4,2025,11,24,0.2975,29.75,0,No Revenue Leakage,LOW,0.0
TEST000169,CUST00039,Lawson LLC,SMB,IT,West,Singapore,Lake James,erica21@lucas.org,(621)445-6232x858,2023-10-13,Active,Net 15,341999.0,John Thomas,CON00119,Voice,Voice Basic,5.0,577.0,5130.0,5.0,18.0,Monthly,36.0,Silver,1.0,2026.0,1026.0,1026.0,1200.0,832.0,5130.0,2025-11-18,2025-12-18,USD,Sent,Pending,1.0,923.4,923.4,5.0,256.5,5796.9,0,0,0,0,0,0,0,0,,0.0,0,15.0,1036,2.836413415468857,0.0,1.0,-666.8999999999996,1.13,0.0,1.0,0.0,0,5.0,5.6499999999999995,-0.6499999999999995,1.7781629116117852,0.0,1.1695906432748537,0.8109161793372319,2025,11,18,1,4,2025,12,18,0.0768,7.68,0,No Revenue Leakage,LOW,0.0
TEST000170,CUST00220,Figueroa PLC,Retail,Finance,South,Australia,New Joanne,lwood@patton-young.com,705.212.9276x63723,2023-11-05,Active,Net 60,271888.0,Sneha Patel,CON00175,Cloud,Business Cloud,20.0,1137.0,56440.0,10.0,18.0,Quarterly,12.0,Gold,10.0,2026.0,2822.0,2822.0,2992.0,2624.0,56440.0,2026-05-04,2026-06-03,EUR,Generated,Pending,1.0,10159.2,10159.2,10.0,5644.0,60955.2,0,0,0,0,0,0,0,0,,0.0,0,60.0,1013,2.7734428473648185,0.0,1.0,-4515.199999999997,1.0799999999999998,0.0,1.0,0.0,0,20.0,21.599999999999998,-1.5999999999999979,2.4819700967458225,0.0,1.0602409638554218,0.9298369950389794,2026,5,4,0,2,2026,6,3,0.0369,3.69,0,No Revenue Leakage,LOW,0.0
TEST000171,CUST00135,"Rodriguez, Brown and Mcneil",SMB,Telecom,South,USA,Michelleview,jacob83@trujillo.biz,+1-752-507-4466x60993,2026-02-22,Suspended,Net 60,912522.0,Sneha Patel,CON00078,Security,SOC,15.0,2819.0,11760.0,15.0,18.0,Yearly,12.0,Platinum,4.0,2026.0,784.0,784.0,1035.0,770.0,11760.0,2026-02-13,2026-03-15,INR,Generated,Paid,1.0,2116.8,1787.295137129849,15.0,1764.0,11783.3,1,0,0,0,0,0,0,0,Missing GST,329.5,1,60.0,173,0.4736481861738535,0.0,1.0,-23.299999999999272,1.0019812925170068,329.5048628701511,0.8443382167091124,0.0,0,15.0,15.029719387755101,-0.029719387755100968,0.2781128059595601,0.0,1.3201530612244898,0.9821428571428571,2026,2,13,4,1,2026,3,15,0.9983,99.83,1,Revenue Leakage Detected,HIGH,0.0
TEST000172,CUST00442,Coleman-Ruiz,Government,Telecom,South,India,Vincentville,annbennett@mccarthy-kelly.net,881-793-2426x87741,2023-02-10,Suspended,Net 45,472225.0,Priya Nair,CON00015,Internet,Fiber 1000,10.0,2546.0,5860.0,10.0,18.0,Yearly,36.0,Bronze,11.0,2026.0,586.0,586.0,618.0,516.0,5860.0,2026-02-06,2026-03-08,USD,Generated,Paid,2.0,1054.8,1054.8,10.0,586.0,6328.8,0,0,0,0,0,0,0,0,,0.0,0,45.0,1281,3.5071868583162216,0.0,1.0,-468.8000000000002,1.08,0.0,1.0,0.0,0,10.0,10.8,-0.8000000000000007,0.23016496465043204,0.0,1.0546075085324231,0.8805460750853242,2026,2,6,4,1,2026,3,8,0.0702,7.02,0,No Revenue Leakage,LOW,0.0
TEST000173,CUST00233,Harris-Martinez,Retail,Finance,South,Australia,West Derekmouth,wbarnes@robinson-phillips.com,+1-992-698-3168x7397,2021-09-20,Active,Net 60,922388.0,Sneha Patel,CON00084,Voice,Voice Basic,5.0,686.0,12155.0,15.0,18.0,Quarterly,12.0,Silver,4.0,2026.0,2431.0,2431.0,2560.0,2411.0,12155.0,2026-02-23,2026-03-25,EUR,Paid,Paid,2.0,2187.9,2187.9,15.0,1823.25,12519.65,0,0,0,0,0,0,0,0,,0.0,0,60.0,1789,4.898015058179329,0.0,1.0,-364.64999999999964,1.03,0.0,1.0,0.0,0,5.0,5.1499999999999995,-0.14999999999999947,3.543731778425656,0.0,1.0530645824763472,0.9917729329494035,2026,2,23,0,1,2026,3,25,0.0566,5.66,0,No Revenue Leakage,LOW,0.0
TEST000174,CUST00386,Gonzalez-Gomez,Enterprise,Healthcare,North,Singapore,South Garyton,brenda49@clements.com,(756)425-3135,2024-04-08,Suspended,Net 60,813711.0,Priya Nair,CON00118,Cloud,Basic Cloud,20.0,1997.0,52380.0,10.0,18.0,Quarterly,36.0,Bronze,1.0,2026.0,2619.0,2619.0,2671.0,2578.0,52380.0,2026-06-02,2026-07-02,INR,Sent,Pending,1.0,9428.4,9428.4,10.0,5238.0,56570.4,0,0,0,0,0,0,0,0,,0.0,0,60.0,858,2.349075975359343,0.0,1.0,-4190.4000000000015,1.08,0.0,1.0,0.0,0,20.0,21.6,-1.6000000000000014,1.3114672008012018,0.0,1.0198549064528446,0.9843451699121802,2026,6,2,1,2,2026,7,2,0.0991,9.91,0,No Revenue Leakage,LOW,0.0
TEST000175,CUST00499,"Anderson, Pollard and Mueller",Retail,IT,North,Australia,Nicholsville,jenniferrobbins@bray.com,001-407-297-7961,2026-05-11,Active,Net 45,900350.0,Arjun Kumar,CON00012,Security,SOC,15.0,1194.0,14985.0,5.0,18.0,Quarterly,36.0,Gold,2.0,2026.0,999.0,999.0,1296.0,977.0,14985.0,2026-06-25,2026-07-25,USD,Generated,Paid,2.0,2697.3,2697.3,5.0,749.25,16933.05,0,0,0,0,0,0,0,0,,0.0,0,45.0,95,0.2600958247775496,0.0,1.0,-1948.0499999999993,1.13,0.0,1.0,0.0,0,15.0,16.95,-1.9499999999999993,0.8366834170854272,0.0,1.2972972972972974,0.977977977977978,2026,6,25,3,2,2026,7,25,0.0478,4.78,0,No Revenue Leakage,LOW,0.0
TEST000176,CUST00027,Hardy-Bray,Enterprise,Education,North,India,Tinaborough,jeremy24@erickson.com,6089427109,2025-09-01,Suspended,Net 30,964091.0,John Thomas,CON00126,Security,Firewall,15.0,1535.0,30465.0,5.0,18.0,Monthly,12.0,Gold,11.0,2026.0,2031.0,2031.0,2133.0,1871.0,30465.0,2026-02-18,2026-03-20,USD,Paid,Paid,3.0,5483.7,5483.7,5.0,1523.25,34425.45,0,0,0,0,0,0,0,0,,0.0,0,30.0,347,0.9500342231348392,0.0,1.0,-3960.449999999997,1.13,0.0,1.0,0.0,0,15.0,16.95,-1.9499999999999993,1.3231270358306189,0.0,1.0502215657311669,0.9212210733628754,2026,2,18,2,1,2026,3,20,0.0871,8.71,0,No Revenue Leakage,LOW,0.0
TEST000177,CUST00110,Lewis-Livingston,Government,IT,North,India,Hunterhaven,zhenderson@davidson.org,(741)841-8328,2026-08-01,Inactive,Net 15,881538.0,Sneha Patel,CON00109,SaaS,ERP,25.0,2491.0,25100.0,0.0,18.0,Yearly,12.0,Gold,11.0,2026.0,1004.0,1004.0,1259.0,869.0,25100.0,2026-06-18,2026-07-18,USD,Sent,Paid,1.0,4518.0,4518.0,0.0,0.0,29618.0,0,0,0,0,0,0,0,0,,0.0,0,15.0,13,0.03559206023271732,0.0,1.0,-4518.0,1.18,0.0,1.0,0.0,0,25.0,29.5,-4.5,0.4030509835407467,0.0,1.25398406374502,0.8655378486055777,2026,6,18,3,2,2026,7,18,0.0497,4.97,0,No Revenue Leakage,LOW,0.0
TEST000178,CUST00064,Holmes-Mcintyre,Retail,Manufacturing,North,USA,West Kimberlymouth,wendymitchell@gonzalez-taylor.com,427.715.5188x442,2025-12-03,Inactive,Net 15,967230.0,Priya Nair,CON00107,Internet,Fiber 300,10.0,1368.0,9970.0,0.0,18.0,Yearly,24.0,Gold,10.0,2026.0,997.0,997.0,1023.0,987.0,9970.0,2026-01-24,2026-02-23,USD,Generated,Pending,1.0,1794.6,1794.6,0.0,0.0,11764.6,0,0,0,0,0,0,0,0,,0.0,0,15.0,254,0.6954140999315537,0.0,1.0,-1794.6000000000004,1.18,0.0,1.0,0.0,0,10.0,11.8,-1.8000000000000007,0.7288011695906432,0.0,1.0260782347041124,0.9899699097291875,2026,1,24,5,1,2026,2,23,0.1712,17.12,0,No Revenue Leakage,LOW,0.0
TEST000179,CUST00107,Perez Inc,Enterprise,IT,South,India,North Lawrenceport,patrickli@may.com,489-809-2753,2025-05-11,Suspended,Net 45,967888.0,Sneha Patel,CON00123,Voice,Voice Basic,5.0,1981.0,8265.0,0.0,18.0,Yearly,36.0,Platinum,2.0,2026.0,1653.0,1653.0,1825.0,1497.0,8265.0,2026-03-13,2026-04-12,EUR,Sent,Pending,1.0,1487.7,1487.7,0.0,0.0,9752.7,0,0,0,0,0,0,0,0,,0.0,0,45.0,460,1.2594113620807665,0.0,1.0,-1487.7000000000007,1.1800000000000002,0.0,1.0,0.0,0,5.0,5.9,-0.9000000000000004,0.834427057041898,0.0,1.104053236539625,0.9056261343012704,2026,3,13,4,1,2026,4,12,0.0471,4.71,0,No Revenue Leakage,LOW,0.0
TEST000180,CUST00108,Miller Inc,Retail,Logistics,South,Singapore,Port David,bbell@moody-wright.com,589.899.4043,2024-02-10,Active,Net 15,934574.0,Sneha Patel,CON00144,SaaS,HRMS,25.0,582.0,19450.0,0.0,18.0,Quarterly,12.0,Platinum,6.0,2026.0,778.0,778.0,787.0,745.0,19450.0,2026-04-23,2026-05-23,INR,Sent,Pending,1.0,3501.0,2358.488966889493,0.0,0.0,21808.49,1,0,0,0,0,0,0,0,Missing GST,1142.51,1,15.0,916,2.507871321013005,0.0,1.0,-2358.4900000000016,1.1212591259640103,1142.511033110507,0.6736615158210492,0.0,0,25.0,28.03147814910026,-3.031478149100259,1.3367697594501717,0.0,1.0115681233933163,0.9575835475578406,2026,4,23,3,2,2026,5,23,0.9981,99.81,1,Revenue Leakage Detected,HIGH,0.0
TEST000181,CUST00361,Smith-Serrano,Retail,Telecom,South,UK,East Johnland,douglas90@rosario.net,001-551-232-7972x4572,2026-03-21,Active,Net 15,862467.0,Sneha Patel,CON00073,Cloud,Business Cloud,20.0,2446.0,55460.0,5.0,18.0,Yearly,24.0,Platinum,6.0,2026.0,2773.0,2773.0,2773.0,2725.0,55460.0,2026-07-27,2026-08-26,USD,Paid,Pending,1.0,9982.8,9982.8,5.0,2773.0,62669.8,0,0,0,0,0,0,0,0,,0.0,0,15.0,146,0.3997262149212868,0.0,1.0,-7209.800000000003,1.1300000000000001,0.0,1.0,0.0,0,20.0,22.6,-2.6000000000000014,1.133687653311529,0.0,1.0,0.9826902271907682,2026,7,27,0,3,2026,8,26,0.0167,1.67,0,No Revenue Leakage,LOW,0.0
TEST000182,CUST00438,Martin Ltd,SMB,Education,North,UK,East Jamesville,mccluretyler@pratt.net,(460)641-6448x59592,2026-01-17,Active,Net 60,147756.0,Rahul Sharma,CON00095,SaaS,HRMS,25.0,1160.0,44850.0,10.0,18.0,Quarterly,36.0,Gold,4.0,2026.0,1794.0,1794.0,2039.0,1728.0,44850.0,2025-08-22,2025-09-21,INR,Sent,Paid,2.0,8073.0,8073.0,10.0,4485.0,48438.0,0,0,0,0,0,0,0,0,,0.0,0,60.0,209,0.5722108145106092,0.0,1.0,-3588.0,1.08,0.0,1.0,0.0,0,25.0,27.0,-2.0,1.546551724137931,0.0,1.1365663322185062,0.9632107023411371,2025,8,22,4,3,2025,9,21,0.0528,5.28,0,No Revenue Leakage,LOW,0.0
TEST000183,CUST00108,Miller Inc,Retail,Logistics,South,Singapore,Port David,bbell@moody-wright.com,589.899.4043,2024-02-10,Active,Net 15,934574.0,Sneha Patel,CON00004,Voice,Voice Basic,5.0,2127.0,5280.0,10.0,18.0,Monthly,36.0,Gold,11.0,2026.0,1056.0,1056.0,1279.0,899.0,5280.0,2026-06-27,2026-07-27,EUR,Paid,Overdue,1.0,950.4,950.4,10.0,528.0,5702.4,0,0,0,0,0,0,0,0,,0.0,0,15.0,916,2.507871321013005,0.0,1.0,-422.39999999999964,1.0799999999999998,0.0,1.0,0.0,0,5.0,5.3999999999999995,-0.39999999999999947,0.49647390691114246,0.0,1.2111742424242424,0.8513257575757576,2026,6,27,5,2,2026,7,27,0.0464,4.64,0,No Revenue Leakage,LOW,0.0
TEST000184,CUST00419,Church Group,Enterprise,Finance,South,USA,South Brian,hillcheryl@ashley-alexander.com,001-944-772-3229x03102,2021-12-14,Active,Net 30,63140.0,Sneha Patel,CON00088,Internet,Fiber 100,10.0,1166.0,6810.0,5.0,18.0,Yearly,24.0,Bronze,11.0,2026.0,681.0,681.0,935.0,552.0,6810.0,2025-11-29,2025-12-29,INR,Paid,Paid,3.0,1225.8,1225.8,5.0,340.5,7695.3,0,0,0,0,0,1,0,0,Duplicate Invoice,7695.3,1,30.0,1704,4.6652977412731005,0.0,1.0,-885.3000000000002,1.1300000000000001,0.0,1.0,0.0,0,10.0,11.3,-1.3000000000000007,0.5840480274442539,0.0,1.3729809104258444,0.8105726872246696,2025,11,29,5,4,2025,12,29,0.0774,7.74,0,No Revenue Leakage,LOW,0.0
TEST000185,CUST00380,Hernandez LLC,SMB,Education,West,Singapore,Matthewshire,zallen@jensen.com,001-862-562-6582,2022-06-11,Suspended,Net 60,501157.0,John Thomas,CON00147,Security,Endpoint Security,15.0,1932.0,17070.0,15.0,18.0,Yearly,12.0,Gold,2.0,2026.0,1138.0,1138.0,1255.0,1051.0,17070.0,2025-12-09,2026-01-08,EUR,Paid,Overdue,3.0,3072.6,2058.014927753636,15.0,2560.5,16567.51,1,0,0,0,0,0,0,0,Missing GST,1014.59,1,60.0,1525,4.175222450376454,0.0,1.0,502.4900000000016,0.9705629759812535,1014.5850722463638,0.669795914780198,0.0,0,15.0,14.558444639718804,0.44155536028119613,0.5890269151138716,0.0,1.1028119507908611,0.9235500878734623,2025,12,9,1,4,2026,1,8,0.9993,99.93,1,Revenue Leakage Detected,HIGH,502.4900000000016
TEST000186,CUST00336,Guzman and Sons,Retail,Education,South,USA,New Lukehaven,hillmelanie@mendoza.biz,6524330276,2021-10-12,Suspended,Net 60,169968.0,Sneha Patel,CON00005,SaaS,HRMS,25.0,2686.0,38575.0,15.0,18.0,Yearly,24.0,Bronze,10.0,2026.0,1543.0,1543.0,1651.0,1436.0,38575.0,2026-02-02,2026-03-04,USD,Paid,Paid,2.0,6943.5,6943.5,15.0,5786.25,35632.82,0,0,0,0,1,0,0,0,Missing Charge,4099.43,1,60.0,1767,4.837782340862423,0.0,1.0,2942.1800000000003,0.9237283214517175,0.0,1.0,0.0,0,25.0,23.093208036292936,1.9067919637070645,0.5744601638123604,0.0,1.0699935191186,0.9306545690213869,2026,2,2,0,1,2026,3,4,0.9974,99.74,1,Revenue Leakage Detected,HIGH,2942.1800000000003
TEST000187,CUST00044,Williams-Harmon,Enterprise,Telecom,North,Singapore,Lake Brycemouth,william17@walker.net,470-307-6617x7115,2022-09-02,Active,Net 30,927844.0,Arjun Kumar,CON00066,Internet,Fiber 100,10.0,2347.0,25820.0,15.0,18.0,Quarterly,36.0,Gold,9.0,2026.0,2582.0,2582.0,2634.0,2466.0,25820.0,2026-07-31,2026-08-30,USD,Generated,Pending,3.0,4647.6,4647.6,15.0,3873.0,26594.6,0,0,0,0,0,0,0,1,Late Billing,1772.0,1,30.0,1442,3.9479808350444903,0.0,1.0,-774.5999999999985,1.03,0.0,1.0,0.0,0,10.0,10.299999999999999,-0.29999999999999893,1.10012782275245,0.0,1.0201394268009296,0.9550735863671572,2026,7,31,4,3,2026,8,30,0.0198,1.98,0,No Revenue Leakage,LOW,0.0
TEST000188,CUST00077,"Rodriguez, Bird and Mitchell",SMB,Manufacturing,South,Australia,Smallberg,znelson@rivera.info,+1-742-305-4932x9668,2025-01-02,Suspended,Net 15,581831.0,Arjun Kumar,CON00067,Security,SOC,15.0,2052.0,40650.0,10.0,18.0,Quarterly,12.0,Platinum,1.0,2026.0,2710.0,2710.0,2789.0,2618.0,40650.0,2026-06-20,2026-07-20,EUR,Paid,Overdue,1.0,7317.0,7317.0,10.0,4065.0,43902.0,0,0,0,0,0,0,0,0,,0.0,0,15.0,589,1.6125941136208077,0.0,1.0,-3252.0,1.08,0.0,1.0,0.0,0,15.0,16.2,-1.1999999999999993,1.320662768031189,0.0,1.029151291512915,0.9660516605166052,2026,6,20,5,2,2026,7,20,0.1092,10.92,0,No Revenue Leakage,LOW,0.0
TEST000189,CUST00005,Hernandez and Sons,Enterprise,Healthcare,East,USA,Carlsonfurt,dcarlson@king.com,+1-384-651-4627x04828,2025-11-30,Suspended,Net 30,179981.0,John Thomas,CON00098,Internet,Fiber 100,10.0,1891.0,19440.0,10.0,18.0,Yearly,12.0,Silver,12.0,2026.0,1944.0,1944.0,2069.0,1753.0,19440.0,2025-09-16,2025-10-16,USD,Paid,Paid,2.0,3499.2,3499.2,10.0,1944.0,20995.2,0,0,0,0,0,0,0,0,,0.0,0,30.0,257,0.70362765229295,0.0,1.0,-1555.2000000000007,1.08,0.0,1.0,0.0,0,10.0,10.8,-0.8000000000000007,1.028027498677948,0.0,1.0643004115226338,0.9017489711934157,2025,9,16,1,3,2025,10,16,0.0494,4.94,0,No Revenue Leakage,LOW,0.0
TEST000190,CUST00130,Stark-Smith,Government,Telecom,North,USA,Rodriguezberg,ashleyaguilar@buckley.com,885-464-6799x7024,2025-01-05,Inactive,Net 30,679474.0,John Thomas,CON00032,Cloud,Business Cloud,20.0,2056.0,55940.0,10.0,18.0,Monthly,12.0,Gold,4.0,2026.0,2797.0,2797.0,2950.0,2688.0,55940.0,2026-01-26,2026-02-25,INR,Sent,Pending,2.0,10069.2,10069.2,10.0,5594.0,60415.2,0,0,0,0,0,0,0,0,,0.0,0,30.0,586,1.6043805612594113,0.0,1.0,-4475.199999999997,1.0799999999999998,0.0,1.0,0.0,0,20.0,21.599999999999998,-1.5999999999999979,1.360408560311284,0.0,1.0547014658562746,0.9610296746514122,2026,1,26,0,1,2026,2,25,0.1191,11.91,0,No Revenue Leakage,LOW,0.0
TEST000191,CUST00351,"Simpson, Maldonado and Anderson",Enterprise,Finance,South,UK,Shawfurt,danielrodriguez@martinez.net,6306569067,2025-09-23,Inactive,Net 15,535278.0,Rahul Sharma,CON00024,SaaS,CRM,25.0,756.0,21950.0,15.0,18.0,Yearly,12.0,Silver,6.0,2026.0,878.0,878.0,1069.0,730.0,21950.0,2026-05-03,2026-06-02,INR,Paid,Overdue,2.0,3951.0,3951.0,15.0,3292.5,22608.5,0,0,0,0,0,0,0,0,,0.0,0,15.0,325,0.8898015058179329,0.0,1.0,-658.5,1.03,0.0,1.0,0.0,0,25.0,25.75,-0.75,1.1613756613756614,0.0,1.2175398633257404,0.8314350797266514,2026,5,3,6,2,2026,6,2,0.0387,3.87,0,No Revenue Leakage,LOW,0.0
TEST000192,CUST00176,"Johnston, Banks and Thompson",Government,Healthcare,South,Australia,Michaelhaven,champton@james.info,+1-722-756-9961x1253,2024-01-28,Active,Net 15,223532.0,John Thomas,CON00167,SaaS,CRM,25.0,2413.0,41400.0,15.0,18.0,Monthly,36.0,Bronze,6.0,2026.0,1656.0,1656.0,1914.0,1470.0,41400.0,2026-05-14,2026-06-13,USD,Sent,Pending,3.0,7452.0,7452.0,15.0,6210.0,42642.0,0,0,0,0,0,0,0,0,,0.0,0,15.0,929,2.543463381245722,0.0,1.0,-1242.0,1.03,0.0,1.0,0.0,0,25.0,25.75,-0.75,0.6862826357231662,0.0,1.1557971014492754,0.8876811594202898,2026,5,14,3,2,2026,6,13,0.1359,13.59,0,No Revenue Leakage,LOW,0.0
TEST000193,CUST00405,Roberts-Garcia,Enterprise,Manufacturing,West,Australia,Richardsonview,zcruz@marshall.com,2479196094,2021-12-16,Active,Net 15,819097.0,Sneha Patel,CON00068,Internet,Fiber 100,10.0,1917.0,8010.0,10.0,18.0,Monthly,24.0,Gold,2.0,2026.0,801.0,801.0,985.0,714.0,8010.0,2026-06-09,2026-07-09,USD,Generated,Pending,3.0,1441.8,1441.8,10.0,801.0,6254.76,0,0,0,1,0,0,0,0,Wrong Pricing,2396.04,1,15.0,1702,4.659822039698836,0.0,1.0,1755.2399999999998,0.780868913857678,0.0,1.0,0.0,0,10.0,7.80868913857678,2.1913108614232204,0.41784037558685444,0.0,1.229712858926342,0.8913857677902621,2026,6,9,1,2,2026,7,9,0.999,99.9,1,Revenue Leakage Detected,HIGH,1755.2399999999998
TEST000194,CUST00232,Burgess LLC,Government,Healthcare,South,Singapore,Port Daniel,coreyrojas@bennett.com,997.506.2397x2652,2024-08-24,Suspended,Net 30,727114.0,Sneha Patel,CON00171,Cloud,Enterprise Cloud,20.0,2961.0,20740.0,0.0,18.0,Yearly,36.0,Silver,7.0,2026.0,1037.0,1037.0,1051.0,1013.0,20740.0,2026-02-25,2026-03-27,EUR,Paid,Overdue,3.0,3733.2,3733.2,0.0,0.0,24473.2,0,0,0,0,0,0,0,0,,0.0,0,30.0,720,1.9712525667351128,0.0,1.0,-3733.2000000000007,1.18,0.0,1.0,0.0,0,20.0,23.6,-3.6000000000000014,0.3502195204322864,0.0,1.013500482160077,0.9768563162970106,2026,2,25,2,1,2026,3,27,0.0443,4.43,0,No Revenue Leakage,LOW,0.0
TEST000195,CUST00029,Evans-Chapman,Retail,Education,East,USA,Torreston,mezajared@baker.com,928.612.0679,2021-11-15,Suspended,Net 15,641460.0,Rahul Sharma,CON00125,Voice,Voice Premium,5.0,1094.0,13045.0,10.0,18.0,Quarterly,36.0,Platinum,2.0,2026.0,2609.0,2609.0,2898.0,2507.0,13045.0,2025-11-17,2025-12-17,USD,Generated,Overdue,2.0,2348.1,2348.1,10.0,1304.5,14088.6,0,0,0,0,0,0,0,0,,0.0,0,15.0,1733,4.744695414099931,0.0,1.0,-1043.6000000000004,1.08,0.0,1.0,0.0,0,5.0,5.4,-0.40000000000000036,2.3848263254113347,0.0,1.1107704101188194,0.9609045611345343,2025,11,17,0,4,2025,12,17,0.0522,5.22,0,No Revenue Leakage,LOW,0.0
TEST000196,CUST00006,"Gonzalez, Brooks and Martin",Retail,Logistics,West,India,New Mariotown,hickmannatasha@allen-allen.org,417-618-2278,2026-01-31,Suspended,Net 15,578178.0,Sneha Patel,CON00099,Security,SOC,15.0,974.0,39585.0,15.0,18.0,Quarterly,12.0,Gold,2.0,2026.0,2639.0,2639.0,2659.0,2486.0,39585.0,2026-01-31,2026-03-02,EUR,Sent,Pending,2.0,7125.3,7125.3,15.0,5937.75,40772.55,0,0,0,0,0,0,0,0,,0.0,0,15.0,195,0.5338809034907598,0.0,1.0,-1187.550000000003,1.03,0.0,1.0,0.0,0,15.0,15.450000000000001,-0.45000000000000107,2.709445585215606,0.0,1.0075786282682835,0.9420234937476317,2026,1,31,5,1,2026,3,2,0.472,47.2,0,No Revenue Leakage,LOW,0.0
TEST000197,CUST00337,"Long, Henderson and Kennedy",Retail,Telecom,South,Singapore,Katherinefurt,rosejustin@leblanc.com,(959)904-7292,2024-01-27,Inactive,Net 15,168413.0,Arjun Kumar,CON00095,SaaS,HRMS,25.0,1160.0,72950.0,10.0,18.0,Quarterly,36.0,Gold,7.0,2026.0,2918.0,2918.0,2983.0,2723.0,72950.0,2026-08-02,2026-09-01,EUR,Paid,Paid,2.0,13131.0,13131.0,10.0,7295.0,65927.23,0,0,0,1,0,0,0,0,Wrong Pricing,12858.77,1,15.0,930,2.546201232032854,0.0,1.0,7022.770000000004,0.9037317340644276,0.0,1.0,0.0,0,25.0,22.59329335161069,2.40670664838931,2.5155172413793103,0.0,1.0222755311857437,0.933173406442769,2026,8,2,6,3,2026,9,1,0.9991,99.91,1,Revenue Leakage Detected,HIGH,7022.770000000004
TEST000198,CUST00297,Peters-Horton,Enterprise,Logistics,East,USA,Farmerside,cobbdebra@ryan.info,+1-215-569-5620x17537,2021-10-06,Suspended,Net 30,831725.0,Priya Nair,CON00018,Voice,Voice Basic,5.0,1536.0,3390.0,10.0,18.0,Quarterly,12.0,Bronze,11.0,2026.0,678.0,678.0,743.0,533.0,3390.0,2025-10-19,2025-11-18,INR,Generated,Paid,2.0,610.2,610.2,10.0,339.0,3661.2,0,0,0,0,0,0,0,0,,0.0,0,30.0,1773,4.854209445585216,0.0,1.0,-271.1999999999998,1.0799999999999998,0.0,1.0,0.0,0,5.0,5.3999999999999995,-0.39999999999999947,0.44140625,0.0,1.0958702064896755,0.7861356932153393,2025,10,19,6,4,2025,11,18,0.0411,4.11,0,No Revenue Leakage,LOW,0.0
TEST000199,CUST00133,Colon-Wagner,Enterprise,Telecom,South,UK,Lake Anthonystad,lwheeler@matthews-bailey.com,614-806-0293x333,2025-12-17,Active,Net 15,436193.0,Arjun Kumar,CON00153,Cloud,Enterprise Cloud,20.0,2129.0,37400.0,15.0,18.0,Yearly,24.0,Silver,12.0,2026.0,1870.0,1870.0,2014.0,1757.0,37400.0,2026-01-21,2026-02-20,USD,Sent,Overdue,3.0,6732.0,6732.0,15.0,5610.0,27494.23,0,0,0,1,0,0,0,0,Wrong Pricing,11027.77,1,15.0,240,0.6570841889117043,0.0,1.0,9905.77,0.7351398395721925,0.0,1.0,0.0,0,20.0,14.70279679144385,5.29720320855615,0.878346641615782,0.0,1.0770053475935828,0.939572192513369,2026,1,21,2,1,2026,2,20,0.9987,99.87,1,Revenue Leakage Detected,HIGH,9905.77
TEST000200,CUST00254,"Hanson, Wolf and Guerrero",SMB,Telecom,South,USA,Sparksborough,ebony78@daniels-pacheco.net,+1-900-961-6756,2021-11-25,Active,Net 45,600719.0,Rahul Sharma,CON00098,Internet,Fiber 100,10.0,1891.0,5130.0,10.0,18.0,Yearly,12.0,Silver,8.0,2026.0,513.0,513.0,717.0,508.0,5130.0,2026-07-02,2026-08-01,USD,Generated,Paid,2.0,923.4,923.4,10.0,513.0,5540.4,0,0,0,0,0,0,0,0,,0.0,0,45.0,1723,4.717316906228611,0.0,1.0,-410.39999999999964,1.0799999999999998,0.0,1.0,0.0,0,10.0,10.799999999999999,-0.7999999999999989,0.27128503437334744,0.0,1.3976608187134503,0.9902534113060428,2026,7,2,3,3,2026,8,1,0.0371,3.71,0,No Revenue Leakage,LOW,0.0
TEST000201,CUST00425,"Hawkins, Joseph and Wilson",Retail,Finance,West,USA,Brittanyville,jonessamantha@lozano-mccoy.biz,872-729-8120x9957,2025-04-29,Active,Net 45,150417.0,Rahul Sharma,CON00144,SaaS,HRMS,25.0,582.0,57675.0,0.0,18.0,Quarterly,12.0,Platinum,4.0,2026.0,2307.0,2307.0,2371.0,2120.0,57675.0,2026-05-18,2026-06-17,EUR,Generated,Paid,1.0,10381.5,10381.5,0.0,0.0,68056.5,0,0,0,0,0,0,0,0,,0.0,0,45.0,472,1.2922655715263518,0.0,1.0,-10381.5,1.18,0.0,1.0,0.0,0,25.0,29.5,-4.5,3.963917525773196,0.0,1.0277416558300823,0.9189423493714781,2026,5,18,0,2,2026,6,17,0.0599,5.99,0,No Revenue Leakage,LOW,0.0
TEST000202,CUST00084,"Hobbs, Buck and Garrett",Enterprise,Healthcare,West,India,Peterston,shelly68@horton-russell.com,(428)873-3427x0866,2023-08-30,Suspended,Net 15,811315.0,Sneha Patel,CON00063,Cloud,Enterprise Cloud,20.0,1979.0,11660.0,0.0,18.0,Quarterly,12.0,Gold,2.0,2026.0,583.0,583.0,755.0,400.0,11660.0,2026-02-11,2026-03-13,INR,Generated,Paid,3.0,2098.8,2098.8,0.0,0.0,13758.8,0,0,0,0,0,0,0,0,,0.0,0,15.0,1080,2.9568788501026693,0.0,1.0,-2098.7999999999993,1.18,0.0,1.0,0.0,0,20.0,23.599999999999998,-3.599999999999998,0.2945932289034866,0.0,1.2950257289879932,0.6861063464837049,2026,2,11,2,1,2026,3,13,0.0361,3.61,0,No Revenue Leakage,LOW,0.0
TEST000203,CUST00218,"Simon, Terrell and Terrell",Retail,Telecom,East,India,Stevenland,sanchezcrystal@horne.org,790-658-0778x7956,2024-01-21,Inactive,Net 30,231144.0,Arjun Kumar,CON00139,Internet,Fiber 300,10.0,1657.0,21800.0,10.0,18.0,Yearly,36.0,Silver,12.0,2026.0,2180.0,2180.0,2442.0,2115.0,21800.0,2026-08-09,2026-09-08,USD,Sent,Paid,1.0,3924.0,3924.0,10.0,2180.0,23544.0,0,0,0,0,0,0,0,0,,0.0,0,30.0,936,2.5626283367556466,0.0,1.0,-1744.0,1.08,0.0,1.0,0.0,0,10.0,10.8,-0.8000000000000007,1.315630657815329,0.0,1.120183486238532,0.9701834862385321,2026,8,9,6,3,2026,9,8,0.0352,3.52,0,No Revenue Leakage,LOW,0.0
TEST000204,CUST00061,Harris-Moody,Retail,Telecom,South,UK,West Sarahhaven,ihays@king-mullins.com,950-954-1566x7652,2024-09-20,Suspended,Net 60,123523.0,Sneha Patel,CON00190,SaaS,ERP,25.0,2604.0,42175.0,15.0,18.0,Quarterly,24.0,Gold,3.0,2026.0,1687.0,1687.0,1704.0,1596.0,42175.0,2025-09-02,2025-10-02,USD,Sent,Paid,3.0,7591.5,7591.5,15.0,6326.25,36182.19,0,0,0,0,1,0,0,0,Missing Charge,7258.06,1,60.0,693,1.8973305954825461,0.0,1.0,5992.809999999998,0.8579061055127446,0.0,1.0,0.0,0,25.0,21.447652637818614,3.5523473621813864,0.6478494623655914,0.0,1.010077059869591,0.946058091286307,2025,9,2,1,3,2025,10,2,0.9991,99.91,1,Revenue Leakage Detected,HIGH,5992.809999999998
TEST000205,CUST00038,Landry-Huerta,Government,Logistics,West,USA,Daniellechester,stephen43@castaneda-rodriguez.biz,001-259-944-0640,2024-01-12,Active,Net 60,520587.0,Rahul Sharma,CON00089,Cloud,Basic Cloud,20.0,1479.0,22640.0,15.0,18.0,Monthly,36.0,Silver,10.0,2026.0,1132.0,1132.0,1383.0,1093.0,22640.0,2026-04-17,2026-05-17,INR,Generated,Paid,3.0,4075.2,4075.2,15.0,3396.0,23319.2,0,0,0,0,0,0,0,0,,0.0,0,60.0,945,2.5872689938398357,0.0,1.0,-679.2000000000007,1.03,0.0,1.0,0.0,0,20.0,20.6,-0.6000000000000014,0.7653820148749155,0.0,1.221731448763251,0.965547703180212,2026,4,17,4,2,2026,5,17,0.1382,13.82,0,No Revenue Leakage,LOW,0.0
TEST000206,CUST00212,Bryant Ltd,SMB,Logistics,West,UK,Ruizbury,michellejensen@myers-lyons.com,477-301-7157x72459,2025-01-17,Active,Net 30,184055.0,Priya Nair,CON00174,SaaS,ERP,25.0,1145.0,20925.0,15.0,18.0,Quarterly,12.0,Silver,12.0,2026.0,837.0,837.0,911.0,690.0,20925.0,2025-11-20,2025-12-20,USD,Generated,Overdue,2.0,3766.5,3766.5,15.0,3138.75,21552.75,0,0,0,0,0,0,0,0,,0.0,0,30.0,574,1.571526351813826,0.0,1.0,-627.75,1.03,0.0,1.0,0.0,0,25.0,25.75,-0.75,0.731004366812227,0.0,1.088410991636798,0.8243727598566308,2025,11,20,3,4,2025,12,20,0.015,1.5,0,No Revenue Leakage,LOW,0.0
TEST000207,CUST00243,Cooper-Parker,SMB,Logistics,South,India,Sawyerland,jessicawallace@lara-roberts.biz,001-862-399-1234x7851,2021-08-26,Inactive,Net 45,313579.0,Arjun Kumar,CON00160,Security,SOC,15.0,2072.0,14685.0,10.0,18.0,Quarterly,36.0,Silver,7.0,2026.0,979.0,880.0,1115.0,821.0,14685.0,2026-07-25,2026-08-24,EUR,Paid,Pending,1.0,2643.3,2643.3,10.0,1468.5,14374.8,0,1,0,0,0,0,0,0,Usage Mismatch,1485.0,1,45.0,1814,4.9664613278576315,99.0,0.898876404494382,310.2000000000007,0.978876404494382,0.0,1.0,0.0,0,15.0,16.335,-1.3350000000000009,0.4724903474903475,0.0,1.1389172625127681,0.8386108273748724,2026,7,25,5,3,2026,8,24,0.9996,99.96,1,Revenue Leakage Detected,HIGH,310.2000000000007
TEST000208,CUST00142,"Caldwell, Hernandez and Davis",SMB,Education,West,Australia,Lake Jenniferview,stephenmadden@marshall-garcia.com,4454561100,2024-05-23,Inactive,Net 45,606542.0,Arjun Kumar,CON00016,Voice,Voice Premium,5.0,2363.0,4950.0,15.0,18.0,Monthly,36.0,Bronze,9.0,2026.0,990.0,990.0,1099.0,973.0,4950.0,2026-02-18,2026-03-20,EUR,Sent,Paid,1.0,891.0,891.0,15.0,742.5,5098.5,0,0,0,0,0,0,0,0,,0.0,0,45.0,813,2.2258726899383983,0.0,1.0,-148.5,1.03,0.0,1.0,0.0,0,5.0,5.15,-0.15000000000000036,0.4189589504866695,0.0,1.11010101010101,0.9828282828282828,2026,2,18,2,1,2026,3,20,0.1556,15.56,0,No Revenue Leakage,LOW,0.0
TEST000209,CUST00398,Garner and Sons,Retail,Healthcare,West,Australia,Fowlerview,harcher@baker.com,969-764-4309x85916,2024-01-19,Inactive,Net 45,711616.0,Rahul Sharma,CON00062,Security,Firewall,15.0,806.0,7920.0,0.0,18.0,Yearly,36.0,Platinum,2.0,2026.0,528.0,528.0,781.0,351.0,7920.0,2025-12-30,2026-01-29,EUR,Sent,Pending,1.0,1425.6,1425.6,0.0,0.0,9345.6,0,0,0,0,0,1,0,0,Duplicate Invoice,9345.6,1,45.0,938,2.568104038329911,0.0,1.0,-1425.6000000000004,1.18,0.0,1.0,0.0,0,15.0,17.7,-2.6999999999999993,0.6550868486352357,0.0,1.4791666666666667,0.6647727272727273,2025,12,30,1,4,2026,1,29,0.077,7.7,0,No Revenue Leakage,LOW,0.0
TEST000210,CUST00487,Wilson-Ramirez,SMB,Telecom,East,Australia,Matthewburgh,matthew78@alvarado-barnett.com,001-684-415-6082x13711,2024-07-21,Suspended,Net 15,742148.0,Priya Nair,CON00056,Voice,Voice Basic,5.0,2658.0,13625.0,5.0,18.0,Monthly,36.0,Platinum,6.0,2026.0,2725.0,2725.0,2734.0,2676.0,13625.0,2025-09-15,2025-10-15,EUR,Generated,Pending,1.0,2452.5,2452.5,5.0,681.25,15396.25,0,0,0,0,0,0,0,0,,0.0,0,15.0,754,2.0643394934976045,0.0,1.0,-1771.25,1.13,0.0,1.0,0.0,0,5.0,5.65,-0.6500000000000004,1.0252069224981188,0.0,1.003302752293578,0.9820183486238532,2025,9,15,0,3,2025,10,15,0.0777,7.77,0,No Revenue Leakage,LOW,0.0
TEST000211,CUST00281,Wilson-Perez,SMB,Education,South,Australia,South Jonathan,kristen08@kemp-castaneda.net,+1-310-477-1199x180,2022-08-07,Active,Net 30,438076.0,Rahul Sharma,CON00173,Security,Endpoint Security,15.0,1568.0,28785.0,0.0,18.0,Yearly,36.0,Platinum,11.0,2026.0,1919.0,1919.0,2148.0,1819.0,28785.0,2025-10-23,2025-11-22,INR,Generated,Paid,2.0,5181.3,5181.3,0.0,0.0,33966.3,0,0,0,0,0,0,0,0,,0.0,0,30.0,1468,4.0191649555099245,0.0,1.0,-5181.300000000003,1.1800000000000002,0.0,1.0,0.0,0,15.0,17.700000000000003,-2.700000000000003,1.2238520408163265,0.0,1.119332985930172,0.9478895257946848,2025,10,23,3,4,2025,11,22,0.0708,7.08,0,No Revenue Leakage,LOW,0.0
TEST000212,CUST00129,"Johnson, Duncan and Black",Enterprise,Finance,South,UK,North Stacy,kthompson@stokes.com,(716)632-9451x16868,2026-01-06,Suspended,Net 45,710482.0,John Thomas,CON00167,SaaS,CRM,25.0,2413.0,14700.0,15.0,18.0,Monthly,36.0,Bronze,10.0,2026.0,588.0,588.0,786.0,461.0,14700.0,2026-05-26,2026-06-25,EUR,Generated,Pending,2.0,2646.0,2646.0,15.0,2205.0,15141.0,0,0,0,0,0,0,0,0,,0.0,0,45.0,220,0.6023271731690623,0.0,1.0,-441.0,1.03,0.0,1.0,0.0,0,25.0,25.75,-0.75,0.24368006630750103,0.0,1.336734693877551,0.7840136054421769,2026,5,26,1,2,2026,6,25,0.0499,4.99,0,No Revenue Leakage,LOW,0.0
TEST000213,CUST00015,Velasquez Group,Government,IT,West,UK,Kevinbury,andrewlee@ramirez-jones.com,(386)885-0142x940,2024-07-15,Suspended,Net 15,62666.0,Sneha Patel,CON00014,Cloud,Enterprise Cloud,20.0,2214.0,42660.0,0.0,18.0,Quarterly,24.0,Gold,1.0,2026.0,2133.0,2133.0,2297.0,2101.0,42660.0,2026-07-07,2026-08-06,USD,Sent,Overdue,1.0,7678.8,7678.8,0.0,0.0,50338.8,0,0,0,0,0,0,0,0,,0.0,0,15.0,760,2.080766598220397,0.0,1.0,-7678.800000000003,1.1800000000000002,0.0,1.0,0.0,0,20.0,23.6,-3.6000000000000014,0.9634146341463414,0.0,1.0768870135958744,0.9849976558837318,2026,7,7,1,3,2026,8,6,0.1562,15.62,0,No Revenue Leakage,LOW,0.0
TEST000214,CUST00369,Davila PLC,Government,Telecom,East,UK,New Valeriefort,williamschristopher@smith-kelly.com,(483)256-5215x6818,2026-08-04,Suspended,Net 45,638315.0,John Thomas,CON00165,Voice,Voice Basic,5.0,2119.0,4925.0,10.0,18.0,Yearly,36.0,Platinum,8.0,2026.0,985.0,985.0,1261.0,794.0,4925.0,2026-01-15,2026-02-14,EUR,Paid,Overdue,2.0,886.5,886.5,10.0,492.5,5319.0,0,0,0,0,0,0,0,1,Late Billing,4536.0,1,45.0,10,0.02737850787132101,0.0,1.0,-394.0,1.08,0.0,1.0,0.0,0,5.0,5.4,-0.40000000000000036,0.464841906559698,0.0,1.280203045685279,0.8060913705583757,2026,1,15,3,1,2026,2,14,0.0593,5.93,0,No Revenue Leakage,LOW,0.0
TEST000215,CUST00310,"Rogers, Hayes and Reynolds",Retail,Healthcare,East,Australia,Lindamouth,patrick27@baker.com,348-388-1431,2024-08-29,Active,Net 45,900538.0,Sneha Patel,CON00080,Internet,Fiber 1000,10.0,2858.0,13720.0,5.0,18.0,Quarterly,36.0,Silver,9.0,2026.0,1372.0,1372.0,1598.0,1212.0,13720.0,2025-10-04,2025-11-03,EUR,Paid,Pending,3.0,2469.6,2469.6,5.0,686.0,15503.6,0,0,0,0,0,0,0,0,,0.0,0,45.0,715,1.9575633127994525,0.0,1.0,-1783.6000000000004,1.1300000000000001,0.0,1.0,0.0,0,10.0,11.3,-1.3000000000000007,0.4800559832050385,0.0,1.1647230320699709,0.8833819241982507,2025,10,4,5,4,2025,11,3,0.0189,1.89,0,No Revenue Leakage,LOW,0.0
TEST000216,CUST00004,Adams-Clark,Enterprise,IT,West,USA,Jasonfort,pwilkerson@thomas-taylor.net,+1-949-369-6532,2021-12-30,Inactive,Net 15,308795.0,Rahul Sharma,CON00062,Security,Firewall,15.0,806.0,34590.0,0.0,18.0,Yearly,36.0,Platinum,12.0,2026.0,2306.0,2306.0,2589.0,2228.0,34590.0,2026-01-30,2026-03-01,EUR,Paid,Pending,3.0,6226.2,6226.2,0.0,0.0,31210.29,0,0,0,1,0,0,0,0,Wrong Pricing,9605.91,1,15.0,1688,4.621492128678987,0.0,1.0,3379.709999999999,0.9022922810060712,0.0,1.0,0.0,0,15.0,13.534384215091068,1.4656157849089322,2.861042183622829,0.0,1.1227233304423243,0.9661751951431049,2026,1,30,4,1,2026,3,1,0.9999,99.99,1,Revenue Leakage Detected,HIGH,3379.709999999999
TEST000217,CUST00494,Berry-Mills,SMB,IT,East,Singapore,Lichester,robinsonhenry@bautista.com,001-474-555-5347x0574,2026-05-07,Active,Net 15,485633.0,Sneha Patel,CON00130,Voice,Voice Premium,5.0,1259.0,8015.0,15.0,18.0,Monthly,24.0,Platinum,5.0,2026.0,1603.0,1603.0,1848.0,1438.0,8015.0,2026-07-30,2026-08-29,EUR,Paid,Paid,2.0,1442.7,1442.7,15.0,1202.25,8255.45,0,0,0,0,0,0,0,0,,0.0,0,15.0,99,0.27104722792607805,0.0,1.0,-240.45000000000073,1.03,0.0,1.0,0.0,0,5.0,5.15,-0.15000000000000036,1.2732327243844321,0.0,1.1528384279475983,0.8970679975046787,2026,7,30,3,3,2026,8,29,0.0454,4.54,0,No Revenue Leakage,LOW,0.0
TEST000218,CUST00370,Woods-Melton,Government,Finance,North,Australia,West Evanmouth,mcclurechristopher@hall.com,001-228-889-8572x54596,2023-08-18,Inactive,Net 30,962735.0,Priya Nair,CON00159,SaaS,ERP,25.0,2670.0,14300.0,15.0,18.0,Quarterly,36.0,Silver,5.0,2026.0,572.0,572.0,716.0,374.0,14300.0,2025-08-14,2025-09-13,INR,Generated,Pending,1.0,2574.0,2574.0,15.0,2145.0,14729.0,0,0,0,0,0,0,0,0,,0.0,0,30.0,1092,2.9897330595482545,0.0,1.0,-429.0,1.03,0.0,1.0,0.0,0,25.0,25.75,-0.75,0.21423220973782772,0.0,1.2517482517482517,0.6538461538461539,2025,8,14,3,3,2025,9,13,0.0253,2.53,0,No Revenue Leakage,LOW,0.0
TEST000219,CUST00221,Williams Group,SMB,Logistics,North,India,Alvarezfort,noahthornton@baker-moreno.biz,7478658018,2023-11-30,Active,Net 60,780051.0,Arjun Kumar,CON00191,Internet,Fiber 300,10.0,2732.0,24930.0,15.0,18.0,Yearly,24.0,Platinum,5.0,2026.0,2493.0,2493.0,2545.0,2493.0,24930.0,2025-09-13,2025-10-13,INR,Generated,Pending,2.0,4487.4,4487.4,30.0,7479.0,21938.4,0,0,1,0,0,0,0,0,Extra Discount,3739.5,1,60.0,988,2.704996577686516,0.0,1.0,2991.5999999999985,0.88,0.0,1.0,-15.0,1,10.0,8.8,1.1999999999999993,0.9125183016105417,0.0,1.0208584035298838,1.0,2025,9,13,5,3,2025,10,13,0.9998,99.98,1,Revenue Leakage Detected,HIGH,2991.5999999999985
TEST000220,CUST00350,Rodriguez-Gonzales,Government,Healthcare,East,UK,Martinstad,tsmith@rodriguez.com,(366)850-2374,2025-10-03,Active,Net 45,617201.0,Priya Nair,CON00133,Security,SOC,15.0,2488.0,35250.0,5.0,18.0,Quarterly,12.0,Platinum,11.0,2026.0,2350.0,2350.0,2467.0,2163.0,35250.0,2025-08-09,2025-09-08,USD,Paid,Overdue,2.0,6345.0,4632.186214757089,5.0,1762.5,38119.69,1,0,0,0,0,0,0,0,Missing GST,1712.81,1,45.0,315,0.8624229979466119,0.0,1.0,-2869.6900000000023,1.081409645390071,1712.8137852429109,0.7300529889294073,0.0,0,15.0,16.221144680851065,-1.221144680851065,0.9445337620578779,0.0,1.0497872340425531,0.9204255319148936,2025,8,9,5,3,2025,9,8,0.989,98.9,1,Revenue Leakage Detected,HIGH,0.0
TEST000221,CUST00312,"Curry, Wells and Black",Enterprise,Manufacturing,South,UK,Sharpmouth,latoya53@carrillo-wolfe.com,778.505.2924x075,2025-02-28,Inactive,Net 30,187084.0,Arjun Kumar,CON00156,Voice,Voice Premium,5.0,993.0,9270.0,5.0,18.0,Monthly,36.0,Bronze,2.0,2026.0,1854.0,1854.0,2032.0,1671.0,9270.0,2026-01-31,2026-03-02,EUR,Generated,Overdue,1.0,1668.6,1668.6,5.0,463.5,10102.91,0,0,0,0,0,0,1,0,Contract Violation,372.19,1,30.0,532,1.4565366187542779,0.0,1.0,-832.9099999999999,1.0898500539374325,0.0,1.0,0.0,0,5.0,5.4492502696871625,-0.44925026968716253,1.8670694864048338,0.0,1.0960086299892124,0.901294498381877,2026,1,31,5,1,2026,3,2,0.6676,66.76,1,Revenue Leakage Detected,MEDIUM,0.0
TEST000222,CUST00390,Jackson and Sons,SMB,Manufacturing,North,Singapore,Lisaside,villamiranda@ware-williams.com,714-459-6422x9712,2026-07-25,Suspended,Net 60,936514.0,John Thomas,CON00035,Internet,Fiber 300,10.0,2955.0,29980.0,10.0,18.0,Quarterly,12.0,Silver,6.0,2026.0,2998.0,2998.0,3208.0,2921.0,29980.0,2026-03-22,2026-04-21,USD,Generated,Overdue,3.0,5396.4,5396.4,10.0,2998.0,32378.4,0,0,0,0,0,0,0,0,,0.0,0,60.0,20,0.05475701574264202,0.0,1.0,-2398.4000000000015,1.08,0.0,1.0,0.0,0,10.0,10.8,-0.8000000000000007,1.0145516074450085,0.0,1.0700466977985323,0.9743162108072048,2026,3,22,6,1,2026,4,21,0.0093,0.93,0,No Revenue Leakage,LOW,0.0
TEST000223,CUST00084,"Hobbs, Buck and Garrett",Enterprise,Healthcare,West,India,Peterston,shelly68@horton-russell.com,(428)873-3427x0866,2023-08-30,Suspended,Net 15,811315.0,Sneha Patel,CON00105,Security,Endpoint Security,15.0,841.0,43350.0,10.0,18.0,Quarterly,36.0,Gold,9.0,2026.0,2890.0,2890.0,2969.0,2796.0,43350.0,2026-03-09,2026-04-08,USD,Paid,Paid,2.0,7803.0,7803.0,10.0,4335.0,46818.0,0,0,0,0,0,0,0,0,,0.0,0,15.0,1080,2.9568788501026693,0.0,1.0,-3468.0,1.08,0.0,1.0,0.0,0,15.0,16.2,-1.1999999999999993,3.436385255648038,0.0,1.0273356401384084,0.9674740484429065,2026,3,9,0,1,2026,4,8,0.0256,2.56,0,No Revenue Leakage,LOW,0.0
TEST000224,CUST00186,Lee-Vega,Retail,Healthcare,South,USA,New Justin,hdavidson@mills.com,(820)931-7310,2026-01-25,Suspended,Net 45,257990.0,Arjun Kumar,CON00194,Internet,Fiber 100,10.0,2374.0,24980.0,10.0,18.0,Quarterly,36.0,Silver,7.0,2026.0,2498.0,2498.0,2682.0,2368.0,24980.0,2026-08-06,2026-09-05,EUR,Generated,Paid,2.0,4496.4,4496.4,10.0,2498.0,26978.4,0,0,0,0,0,0,0,0,,0.0,0,45.0,201,0.5503080082135524,0.0,1.0,-1998.4000000000015,1.08,0.0,1.0,0.0,0,10.0,10.8,-0.8000000000000007,1.0522325189553496,0.0,1.0736589271417134,0.9479583666933546,2026,8,6,3,3,2026,9,5,0.107,10.7,0,No Revenue Leakage,LOW,0.0
TEST000225,CUST00407,"Webb, Estes and Obrien",Government,IT,West,India,New Jeanette,david59@bailey.com,5233117753,2023-01-28,Inactive,Net 15,980997.0,Arjun Kumar,CON00015,Internet,Fiber 1000,10.0,2546.0,25270.0,10.0,18.0,Yearly,36.0,Bronze,1.0,2026.0,2527.0,2527.0,2788.0,2439.0,25270.0,2026-06-29,2026-07-29,USD,Generated,Overdue,1.0,4548.6,4548.6,10.0,2527.0,27291.6,0,0,0,0,0,1,0,0,Duplicate Invoice,27291.6,1,15.0,1294,3.542778918548939,0.0,1.0,-2021.5999999999985,1.0799999999999998,0.0,1.0,0.0,0,10.0,10.799999999999999,-0.7999999999999989,0.9925373134328358,0.0,1.1032845271072418,0.9651760981400871,2026,6,29,0,2,2026,7,29,0.0453,4.53,0,No Revenue Leakage,LOW,0.0
TEST000226,CUST00097,Ford-Frazier,Government,Healthcare,West,India,West Whitney,agarcia@wilson.com,(745)373-8757x177,2024-02-24,Inactive,Net 45,67640.0,Rahul Sharma,CON00015,Internet,Fiber 1000,10.0,2546.0,18050.0,10.0,18.0,Yearly,36.0,Bronze,7.0,2026.0,1805.0,1805.0,1931.0,1651.0,18050.0,2025-09-10,2025-10-10,INR,Generated,Paid,1.0,3249.0,3249.0,10.0,1805.0,19494.0,0,0,0,0,0,0,0,0,,0.0,0,45.0,902,2.4695414099931554,0.0,1.0,-1444.0,1.08,0.0,1.0,0.0,0,10.0,10.8,-0.8000000000000007,0.7089552238805971,0.0,1.0698060941828256,0.9146814404432133,2025,9,10,2,3,2025,10,10,0.0245,2.45,0,No Revenue Leakage,LOW,0.0
TEST000227,CUST00072,"Patel, Erickson and Evans",Enterprise,Telecom,West,UK,West Markville,ysilva@wiggins.com,+1-299-330-9728x9623,2023-03-21,Inactive,Net 45,403824.0,Rahul Sharma,CON00190,SaaS,ERP,25.0,2604.0,72450.0,15.0,18.0,Quarterly,24.0,Gold,2.0,2026.0,2898.0,2898.0,3119.0,2751.0,72450.0,2026-04-02,2026-05-02,EUR,Sent,Overdue,3.0,13041.0,13041.0,15.0,10867.5,74623.5,0,0,0,0,0,0,0,0,,0.0,0,45.0,1242,3.40041067761807,0.0,1.0,-2173.5,1.03,0.0,1.0,0.0,0,25.0,25.75,-0.75,1.1129032258064515,0.0,1.0762594893029676,0.9492753623188406,2026,4,2,3,2,2026,5,2,0.1541,15.41,0,No Revenue Leakage,LOW,0.0
TEST000228,CUST00424,Fisher-Lucero,Government,Education,West,Singapore,Chenborough,nancysmith@barnes.info,001-712-406-0212x8866,2025-01-06,Inactive,Net 45,499916.0,Rahul Sharma,CON00070,Voice,Voice Basic,5.0,1572.0,2830.0,10.0,18.0,Quarterly,12.0,Platinum,10.0,2026.0,566.0,566.0,737.0,412.0,2830.0,2026-06-13,2026-07-13,USD,Paid,Paid,3.0,509.4,509.4,10.0,283.0,3056.4,0,0,0,0,0,0,0,0,,0.0,0,45.0,585,1.6016427104722792,0.0,1.0,-226.4000000000001,1.08,0.0,1.0,0.0,0,5.0,5.4,-0.40000000000000036,0.36005089058524176,0.0,1.302120141342756,0.7279151943462897,2026,6,13,5,2,2026,7,13,0.0218,2.18,0,No Revenue Leakage,LOW,0.0
TEST000229,CUST00299,"Anderson, Brown and Green",Enterprise,IT,East,Australia,New Jessica,james08@king.biz,+1-505-266-4187x7580,2023-12-17,Active,Net 15,684457.0,Arjun Kumar,CON00060,Cloud,Business Cloud,20.0,2259.0,53700.0,0.0,18.0,Monthly,12.0,Bronze,6.0,2026.0,2685.0,2685.0,2863.0,2538.0,53700.0,2025-10-25,2025-11-24,USD,Generated,Overdue,3.0,9666.0,9666.0,0.0,0.0,63366.0,0,0,0,0,0,0,0,0,,0.0,0,15.0,971,2.6584531143052703,0.0,1.0,-9666.0,1.18,0.0,1.0,0.0,0,20.0,23.6,-3.6000000000000014,1.1885790172642763,0.0,1.066294227188082,0.9452513966480447,2025,10,25,5,4,2025,11,24,0.0778,7.78,0,No Revenue Leakage,LOW,0.0
TEST000230,CUST00463,Hudson Group,SMB,Telecom,South,India,West Andrewfurt,melissamartin@sharp-allen.info,001-935-524-1039x773,2023-02-06,Suspended,Net 30,177795.0,Sneha Patel,CON00119,Voice,Voice Basic,5.0,577.0,12395.0,5.0,18.0,Monthly,36.0,Silver,4.0,2026.0,2479.0,2377.0,2572.0,2399.0,12395.0,2025-11-13,2025-12-13,USD,Paid,Overdue,2.0,2231.1,2231.1,5.0,619.75,13496.35,0,1,0,0,0,0,0,0,Usage Mismatch,510.0,1,30.0,1285,3.5181382614647503,102.0,0.9588543767648245,-1101.3500000000004,1.0888543767648247,0.0,1.0,0.0,0,5.0,5.677892301220026,-0.6778923012200258,4.296360485268631,0.0,1.037515127067366,0.9677289229528035,2025,11,13,3,4,2025,12,13,0.9895,98.95,1,Revenue Leakage Detected,HIGH,0.0
TEST000231,CUST00398,Garner and Sons,Retail,Healthcare,West,Australia,Fowlerview,harcher@baker.com,969-764-4309x85916,2024-01-19,Inactive,Net 45,711616.0,Rahul Sharma,CON00078,Security,SOC,15.0,2819.0,24660.0,15.0,18.0,Yearly,12.0,Platinum,5.0,2026.0,1644.0,1644.0,1938.0,1623.0,24660.0,2025-09-24,2025-10-24,INR,Paid,Pending,3.0,4438.8,4438.8,15.0,3699.0,25399.8,0,0,0,0,0,0,0,0,,0.0,0,45.0,938,2.568104038329911,0.0,1.0,-739.7999999999993,1.03,0.0,1.0,0.0,0,15.0,15.45,-0.4499999999999993,0.583185526782547,0.0,1.1788321167883211,0.9872262773722628,2025,9,24,2,3,2025,10,24,0.0782,7.82,0,No Revenue Leakage,LOW,0.0
TEST000232,CUST00453,Santiago-Cordova,Retail,Manufacturing,East,India,East Nicoleburgh,mikemorgan@bishop.com,+1-832-473-0346x1562,2024-01-08,Suspended,Net 60,260294.0,Rahul Sharma,CON00031,Voice,Voice Premium,5.0,2088.0,4160.0,10.0,18.0,Monthly,12.0,Bronze,1.0,2026.0,832.0,832.0,982.0,671.0,4160.0,2026-04-07,2026-05-07,USD,Paid,Overdue,3.0,748.8,748.8,10.0,416.0,4492.8,0,0,0,0,0,0,0,0,,0.0,0,60.0,949,2.598220396988364,0.0,1.0,-332.8000000000002,1.08,0.0,1.0,0.0,0,5.0,5.4,-0.40000000000000036,0.39846743295019155,0.0,1.1802884615384615,0.8064903846153846,2026,4,7,1,2,2026,5,7,0.0847,8.47,0,No Revenue Leakage,LOW,0.0
TEST000233,CUST00204,Butler and Sons,Government,Education,South,USA,Lake Justin,tammycurry@huynh-davis.com,856-516-8147x21458,2023-05-17,Suspended,Net 15,175995.0,John Thomas,CON00086,Security,SOC,15.0,2718.0,27735.0,0.0,18.0,Quarterly,36.0,Platinum,9.0,2026.0,1849.0,1849.0,2016.0,1774.0,27735.0,2025-08-26,2025-09-25,INR,Paid,Paid,2.0,4992.3,4992.3,0.0,0.0,32727.3,0,0,0,0,0,0,0,0,,0.0,0,15.0,1185,3.24435318275154,0.0,1.0,-4992.299999999999,1.18,0.0,1.0,0.0,0,15.0,17.7,-2.6999999999999993,0.6802796173657101,0.0,1.0903190914007572,0.9594375338020552,2025,8,26,1,3,2025,9,25,0.1396,13.96,0,No Revenue Leakage,LOW,0.0
TEST000234,CUST00476,"Roth, Norris and Taylor",Enterprise,Manufacturing,West,Australia,Port Kristimouth,rebecca73@morris.info,(953)244-9021x666,2026-02-02,Active,Net 15,769449.0,Arjun Kumar,CON00183,SaaS,CRM,25.0,804.0,63750.0,10.0,18.0,Yearly,24.0,Silver,7.0,2026.0,2550.0,2550.0,2662.0,2444.0,63750.0,2026-05-27,2026-06-26,INR,Sent,Overdue,1.0,11475.0,11475.0,10.0,6375.0,58606.93,0,0,0,1,0,0,0,0,Wrong Pricing,10243.07,1,15.0,193,0.5284052019164955,0.0,1.0,5143.07,0.9193243921568628,0.0,1.0,0.0,0,25.0,22.983109803921568,2.016890196078432,3.171641791044776,0.0,1.043921568627451,0.9584313725490196,2026,5,27,2,2,2026,6,26,0.9996,99.96,1,Revenue Leakage Detected,HIGH,5143.07
TEST000235,CUST00206,Wilson Group,Government,Telecom,South,UK,Lake Melaniechester,wwilliams@shaffer.com,214-448-8501x556,2023-03-31,Suspended,Net 15,61344.0,Sneha Patel,CON00182,SaaS,CRM,25.0,1355.0,26250.0,5.0,18.0,Monthly,36.0,Gold,5.0,2026.0,1050.0,1050.0,1320.0,870.0,26250.0,2026-03-09,2026-04-08,USD,Paid,Overdue,1.0,4725.0,4725.0,5.0,1312.5,29662.5,0,0,0,0,0,0,0,0,,0.0,0,15.0,1232,3.373032169746749,0.0,1.0,-3412.5,1.13,0.0,1.0,0.0,0,25.0,28.25,-3.25,0.7749077490774908,0.0,1.2571428571428571,0.8285714285714286,2026,3,9,0,1,2026,4,8,0.1305,13.05,0,No Revenue Leakage,LOW,0.0
TEST000236,CUST00196,Garner-Smith,SMB,Finance,South,USA,Michaelport,wendyirwin@cain-garrett.biz,8845325621,2025-02-22,Inactive,Net 45,242192.0,John Thomas,CON00167,SaaS,CRM,25.0,2413.0,52300.0,15.0,18.0,Monthly,36.0,Bronze,6.0,2026.0,2092.0,2092.0,2259.0,1930.0,52300.0,2025-11-21,2025-12-21,EUR,Generated,Paid,3.0,9414.0,9414.0,15.0,7845.0,53869.0,0,0,0,0,0,0,0,0,,0.0,0,45.0,538,1.4729637234770705,0.0,1.0,-1569.0,1.03,0.0,1.0,0.0,0,25.0,25.75,-0.75,0.8669705760464153,0.0,1.0798279158699808,0.9225621414913958,2025,11,21,4,4,2025,12,21,0.0364,3.64,0,No Revenue Leakage,LOW,0.0
TEST000237,CUST00139,Steele LLC,SMB,Education,East,India,Davidfurt,gary04@bryant-meyer.net,262-457-5326x03323,2022-08-23,Inactive,Net 45,585242.0,Priya Nair,CON00105,Security,Endpoint Security,15.0,841.0,22395.0,10.0,18.0,Quarterly,36.0,Gold,11.0,2026.0,1493.0,1493.0,1739.0,1334.0,22395.0,2026-04-25,2026-05-25,EUR,Generated,Overdue,3.0,4031.1,4031.1,10.0,2239.5,24186.6,0,0,0,0,0,0,0,0,,0.0,0,45.0,1452,3.975359342915811,0.0,1.0,-1791.5999999999985,1.0799999999999998,0.0,1.0,0.0,0,15.0,16.2,-1.1999999999999993,1.775267538644471,0.0,1.1647689216342934,0.8935030140656397,2026,4,25,5,2,2026,5,25,0.0855,8.55,0,No Revenue Leakage,LOW,0.0
TEST000238,CUST00411,"Johnson, Morgan and Green",Enterprise,Manufacturing,West,UK,Pamelaton,jamesmontoya@glass-alvarado.com,371.999.0516,2022-09-12,Inactive,Net 30,416008.0,Sneha Patel,CON00131,Internet,Fiber 1000,10.0,860.0,18680.0,0.0,18.0,Quarterly,24.0,Silver,10.0,2026.0,1868.0,1868.0,2050.0,1740.0,18680.0,2026-05-30,2026-06-29,EUR,Generated,Overdue,3.0,3362.4,3362.4,0.0,0.0,22042.4,0,0,0,0,0,0,0,0,,0.0,0,30.0,1432,3.920602327173169,0.0,1.0,-3362.4000000000015,1.1800000000000002,0.0,1.0,0.0,0,10.0,11.8,-1.8000000000000007,2.172093023255814,0.0,1.0974304068522485,0.9314775160599572,2026,5,30,5,2,2026,6,29,0.1182,11.82,0,No Revenue Leakage,LOW,0.0
TEST000239,CUST00123,Daugherty Ltd,Enterprise,Finance,North,USA,Connerfort,grant89@walker-chapman.com,(544)322-0969x0295,2025-10-25,Suspended,Net 45,107108.0,Sneha Patel,CON00043,Cloud,Business Cloud,20.0,2765.0,21680.0,0.0,18.0,Monthly,36.0,Platinum,5.0,2026.0,1084.0,1084.0,1214.0,1034.0,21680.0,2026-04-12,2026-05-12,USD,Generated,Paid,2.0,3902.4,3902.4,0.0,0.0,20449.88,0,0,0,0,1,0,0,0,Missing Charge,5132.52,1,45.0,293,0.8021902806297057,0.0,1.0,1230.119999999999,0.943260147601476,0.0,1.0,0.0,0,20.0,18.86520295202952,1.1347970479704799,0.39204339963833634,0.0,1.1199261992619927,0.9538745387453874,2026,4,12,6,2,2026,5,12,1.0,100.0,1,Revenue Leakage Detected,HIGH,1230.119999999999
TEST000240,CUST00005,Hernandez and Sons,Enterprise,Healthcare,East,USA,Carlsonfurt,dcarlson@king.com,+1-384-651-4627x04828,2025-11-30,Suspended,Net 30,179981.0,John Thomas,CON00134,Cloud,Basic Cloud,20.0,2212.0,23600.0,15.0,18.0,Yearly,36.0,Gold,6.0,2026.0,1180.0,1180.0,1376.0,1085.0,23600.0,2025-12-25,2026-01-24,USD,Paid,Overdue,3.0,4248.0,4248.0,15.0,3540.0,24308.0,0,0,0,0,0,0,0,0,,0.0,0,30.0,257,0.70362765229295,0.0,1.0,-708.0,1.03,0.0,1.0,0.0,0,20.0,20.6,-0.6000000000000014,0.5334538878842676,0.0,1.1661016949152543,0.9194915254237288,2025,12,25,3,4,2026,1,24,0.0479,4.79,0,No Revenue Leakage,LOW,0.0
TEST000241,CUST00351,"Simpson, Maldonado and Anderson",Enterprise,Finance,South,UK,Shawfurt,danielrodriguez@martinez.net,6306569067,2025-09-23,Inactive,Net 15,535278.0,Rahul Sharma,CON00055,SaaS,ERP,25.0,2505.0,64750.0,0.0,18.0,Quarterly,24.0,Silver,9.0,2026.0,2590.0,2590.0,2669.0,2418.0,64750.0,2025-10-08,2025-11-07,EUR,Paid,Overdue,3.0,11655.0,11655.0,0.0,0.0,76405.0,0,0,0,0,0,0,0,0,,0.0,0,15.0,325,0.8898015058179329,0.0,1.0,-11655.0,1.18,0.0,1.0,0.0,0,25.0,29.5,-4.5,1.033932135728543,0.0,1.0305019305019305,0.9335907335907336,2025,10,8,2,4,2025,11,7,0.0844,8.44,0,No Revenue Leakage,LOW,0.0
TEST000242,CUST00466,Cobb-Lyons,SMB,Telecom,South,USA,Brookeberg,aimeejohnson@elliott-reeves.com,001-829-647-7422x294,2023-07-15,Suspended,Net 45,899256.0,Rahul Sharma,CON00200,Security,Firewall,15.0,719.0,18120.0,5.0,18.0,Monthly,36.0,Silver,7.0,2026.0,1208.0,1208.0,1341.0,1127.0,18120.0,2025-08-10,2025-09-09,EUR,Sent,Overdue,3.0,3261.6,3261.6,5.0,906.0,20475.6,0,0,0,0,0,0,0,0,,0.0,0,45.0,1126,3.082819986310746,0.0,1.0,-2355.5999999999985,1.13,0.0,1.0,0.0,0,15.0,16.95,-1.9499999999999993,1.6801112656467316,0.0,1.1100993377483444,0.9329470198675497,2025,8,10,6,3,2025,9,9,0.0343,3.43,0,No Revenue Leakage,LOW,0.0
TEST000243,CUST00124,Rivera Inc,SMB,Telecom,South,Australia,West Toni,daisymccarty@santiago.com,433-815-4100x676,2025-10-15,Inactive,Net 15,614037.0,Rahul Sharma,CON00196,Voice,Voice Premium,5.0,1397.0,10895.0,5.0,18.0,Monthly,36.0,Bronze,7.0,2026.0,2179.0,2179.0,2301.0,2011.0,10895.0,2025-12-08,2026-01-07,USD,Sent,Paid,2.0,1961.1,1961.1,5.0,544.75,12311.35,0,0,0,0,0,0,0,0,,0.0,0,15.0,303,0.8295687885010267,0.0,1.0,-1416.3500000000004,1.1300000000000001,0.0,1.0,0.0,0,5.0,5.65,-0.6500000000000004,1.5597709377236937,0.0,1.0559889857732905,0.9229004130335016,2025,12,8,0,4,2026,1,7,0.0755,7.55,0,No Revenue Leakage,LOW,0.0
TEST000244,CUST00499,"Anderson, Pollard and Mueller",Retail,IT,North,Australia,Nicholsville,jenniferrobbins@bray.com,001-407-297-7961,2026-05-11,Active,Net 45,900350.0,Arjun Kumar,CON00184,Cloud,Enterprise Cloud,20.0,692.0,58800.0,0.0,18.0,Quarterly,12.0,Bronze,8.0,2026.0,2940.0,2940.0,3118.0,2847.0,58800.0,2026-04-24,2026-05-24,USD,Sent,Paid,3.0,10584.0,10584.0,0.0,0.0,69384.0,0,0,0,0,0,0,0,0,,0.0,0,45.0,95,0.2600958247775496,0.0,1.0,-10584.0,1.18,0.0,1.0,0.0,0,20.0,23.6,-3.6000000000000014,4.2485549132947975,0.0,1.0605442176870747,0.9683673469387755,2026,4,24,4,2,2026,5,24,0.0788,7.88,0,No Revenue Leakage,LOW,0.0
TEST000245,CUST00465,Ross-Ho,Government,Logistics,West,Singapore,Pattersonville,thomasjose@molina.biz,+1-752-637-3415x17734,2025-05-18,Inactive,Net 60,557820.0,John Thomas,CON00066,Internet,Fiber 100,10.0,2347.0,16420.0,15.0,18.0,Quarterly,36.0,Gold,7.0,2026.0,1642.0,1642.0,1913.0,1579.0,16420.0,2026-03-23,2026-04-22,EUR,Sent,Paid,2.0,2955.6,2955.6,15.0,2463.0,16912.6,0,0,0,0,0,0,0,0,,0.0,0,60.0,453,1.2402464065708418,0.0,1.0,-492.59999999999854,1.0299999999999998,0.0,1.0,0.0,0,10.0,10.299999999999999,-0.29999999999999893,0.6996165317426501,0.0,1.1650426309378807,0.96163215590743,2026,3,23,0,1,2026,4,22,0.0288,2.88,0,No Revenue Leakage,LOW,0.0
TEST000246,CUST00341,Peters LLC,Enterprise,Telecom,South,Singapore,North Davidborough,christopherscott@miller.net,458-926-0340x8487,2024-04-04,Suspended,Net 15,717689.0,Priya Nair,CON00097,SaaS,CRM,25.0,2679.0,50450.0,10.0,18.0,Quarterly,24.0,Platinum,8.0,2026.0,2018.0,2018.0,2105.0,1824.0,50450.0,2026-03-20,2026-04-19,USD,Generated,Paid,2.0,9081.0,9081.0,10.0,5045.0,54486.0,0,0,0,0,0,0,0,0,,0.0,0,15.0,862,2.3600273785078714,0.0,1.0,-4036.0,1.08,0.0,1.0,0.0,0,25.0,27.0,-2.0,0.7532661440836133,0.0,1.0431119920713579,0.9038652130822596,2026,3,20,4,1,2026,4,19,0.0289,2.89,0,No Revenue Leakage,LOW,0.0
TEST000247,CUST00399,Montes Group,SMB,Logistics,West,India,South Erin,cindy24@roberts-marsh.com,203.249.1074x065,2023-09-26,Suspended,Net 60,339530.0,John Thomas,CON00037,Internet,Fiber 300,10.0,1598.0,5520.0,0.0,18.0,Monthly,24.0,Gold,2.0,2026.0,552.0,350.0,756.0,365.0,5520.0,2026-06-03,2026-07-03,USD,Paid,Paid,2.0,993.6,993.6,0.0,0.0,4493.6,0,1,0,0,0,0,0,0,Usage Mismatch,2020.0,1,60.0,1053,2.8829568788501025,202.0,0.6340579710144928,1026.3999999999996,0.8140579710144928,0.0,1.0,0.0,0,10.0,12.838857142857144,-2.838857142857144,0.3454317897371715,0.0,1.3695652173913044,0.6612318840579711,2026,6,3,2,2,2026,7,3,0.9997,99.97,1,Revenue Leakage Detected,HIGH,1026.3999999999996
TEST000248,CUST00013,Walters LLC,Retail,Finance,North,Singapore,North Matthewberg,evan78@patterson.com,+1-605-798-2620,2021-12-07,Active,Net 15,612332.0,Sneha Patel,CON00037,Internet,Fiber 300,10.0,1598.0,16930.0,0.0,18.0,Monthly,24.0,Gold,5.0,2026.0,1693.0,1693.0,1844.0,1617.0,16930.0,2026-08-03,2026-09-02,INR,Generated,Pending,1.0,3047.4,3047.4,0.0,0.0,19977.4,0,0,0,0,0,0,0,0,,0.0,0,15.0,1711,4.684462696783025,0.0,1.0,-3047.4000000000015,1.1800000000000002,0.0,1.0,0.0,0,10.0,11.8,-1.8000000000000007,1.0594493116395494,0.0,1.089190785587714,0.9551092734790313,2026,8,3,0,3,2026,9,2,0.1004,10.04,0,No Revenue Leakage,LOW,0.0
TEST000249,CUST00054,Shelton-Williams,Government,Healthcare,South,USA,Cameronville,umitchell@brandt.com,001-825-746-2914,2022-09-07,Inactive,Net 15,208823.0,Rahul Sharma,CON00173,Security,Endpoint Security,15.0,1568.0,20265.0,0.0,18.0,Yearly,36.0,Platinum,8.0,2026.0,1351.0,1351.0,1461.0,1316.0,20265.0,2026-07-09,2026-08-08,INR,Generated,Pending,3.0,3647.7,3647.7,0.0,0.0,23912.7,0,0,0,0,0,0,0,0,,0.0,0,15.0,1437,3.9342915811088295,0.0,1.0,-3647.7000000000007,1.18,0.0,1.0,0.0,0,15.0,17.7,-2.6999999999999993,0.8616071428571429,0.0,1.081421169504071,0.9740932642487047,2026,7,9,3,3,2026,8,8,0.1345,13.45,0,No Revenue Leakage,LOW,0.0
TEST000250,CUST00035,Pollard and Sons,Government,Telecom,West,UK,Hallchester,floresthomas@hughes-alvarado.com,802.489.5171x8702,2022-03-26,Suspended,Net 30,609042.0,John Thomas,CON00042,Voice,Voice Basic,5.0,2724.0,14645.0,5.0,18.0,Yearly,36.0,Bronze,10.0,2026.0,2929.0,2929.0,2954.0,2852.0,14645.0,2026-02-16,2026-03-18,EUR,Paid,Pending,2.0,2636.1,2636.1,5.0,732.25,16548.85,0,0,0,0,0,1,0,0,Duplicate Invoice,16548.85,1,30.0,1602,4.386036960985626,0.0,1.0,-1903.8499999999985,1.13,0.0,1.0,0.0,0,5.0,5.6499999999999995,-0.6499999999999995,1.0752569750367107,0.0,1.00853533629225,0.9737111642198703,2026,2,16,0,1,2026,3,18,0.0154,1.54,0,No Revenue Leakage,LOW,0.0
TEST000251,CUST00253,Estrada-Clements,Retail,Education,East,India,Dixonberg,qrodriguez@crawford-fuller.com,7104170269,2024-03-03,Active,Net 45,842058.0,Rahul Sharma,CON00070,Voice,Voice Basic,5.0,1572.0,13785.0,10.0,18.0,Quarterly,12.0,Platinum,10.0,2026.0,2757.0,2757.0,3020.0,2755.0,13785.0,2026-05-03,2026-06-02,USD,Generated,Pending,1.0,2481.3,2481.3,10.0,1378.5,14887.8,0,0,0,0,0,0,0,0,,0.0,0,45.0,894,2.4476386036960984,0.0,1.0,-1102.7999999999993,1.0799999999999998,0.0,1.0,0.0,0,5.0,5.3999999999999995,-0.39999999999999947,1.7538167938931297,0.0,1.0953935437069278,0.9992745738121146,2026,5,3,6,2,2026,6,2,0.0289,2.89,0,No Revenue Leakage,LOW,0.0
TEST000252,CUST00338,Clark Ltd,Enterprise,Logistics,South,Australia,Lake Denise,jessica91@floyd.biz,+1-820-515-7201x85962,2021-11-19,Inactive,Net 15,609873.0,John Thomas,CON00187,Security,Firewall,15.0,1004.0,8520.0,5.0,18.0,Monthly,12.0,Gold,10.0,2026.0,568.0,568.0,681.0,458.0,8520.0,2026-05-15,2026-06-14,USD,Sent,Pending,2.0,1533.6,1533.6,5.0,426.0,9627.6,0,0,0,0,0,0,0,0,,0.0,0,15.0,1729,4.733744010951403,0.0,1.0,-1107.6000000000004,1.1300000000000001,0.0,1.0,0.0,0,15.0,16.95,-1.9499999999999993,0.5657370517928287,0.0,1.198943661971831,0.8063380281690141,2026,5,15,4,2,2026,6,14,0.1435,14.35,0,No Revenue Leakage,LOW,0.0
TEST000253,CUST00245,Valdez LLC,SMB,Telecom,East,India,Whitebury,wilsonjoshua@george.org,296.447.1589x0429,2024-04-25,Inactive,Net 15,647897.0,Rahul Sharma,CON00153,Cloud,Enterprise Cloud,20.0,2129.0,16400.0,15.0,18.0,Yearly,24.0,Silver,8.0,2026.0,820.0,820.0,862.0,795.0,16400.0,2026-08-08,2026-09-07,USD,Sent,Overdue,3.0,2952.0,2952.0,15.0,2460.0,16892.0,0,0,0,0,0,0,0,0,,0.0,0,15.0,841,2.302532511978097,0.0,1.0,-492.0,1.03,0.0,1.0,0.0,0,20.0,20.6,-0.6000000000000014,0.3851573508689526,0.0,1.051219512195122,0.9695121951219512,2026,8,8,5,3,2026,9,7,0.1962,19.62,0,No Revenue Leakage,LOW,0.0
TEST000254,CUST00229,"Thompson, Brown and Hill",Government,IT,North,Singapore,Jacksonstad,samuelfrost@anderson.org,(420)571-0021x9467,2022-10-24,Inactive,Net 15,815537.0,John Thomas,CON00189,Voice,Voice Premium,5.0,928.0,5470.0,10.0,18.0,Yearly,12.0,Gold,8.0,2026.0,1094.0,1094.0,1147.0,1030.0,5470.0,2025-09-30,2025-10-30,USD,Paid,Pending,2.0,984.6,984.6,10.0,547.0,5907.6,0,0,0,0,0,0,0,0,,0.0,0,15.0,1390,3.805612594113621,0.0,1.0,-437.60000000000036,1.08,0.0,1.0,0.0,0,5.0,5.4,-0.40000000000000036,1.1788793103448276,0.0,1.0484460694698354,0.9414990859232175,2025,9,30,1,3,2025,10,30,0.0281,2.81,0,No Revenue Leakage,LOW,0.0
TEST000255,CUST00334,"Martinez, Taylor and Nichols",Retail,Telecom,West,Singapore,Davismouth,sarahmiranda@brown.biz,+1-586-333-4141x1159,2026-06-20,Suspended,Net 60,917869.0,Sneha Patel,CON00050,Security,Endpoint Security,15.0,1148.0,23385.0,0.0,18.0,Quarterly,24.0,Gold,5.0,2026.0,1559.0,1559.0,1589.0,1422.0,23385.0,2026-03-08,2026-04-07,USD,Generated,Overdue,2.0,4209.3,4209.3,0.0,0.0,27594.3,0,0,0,0,0,0,0,1,Late Billing,1859.0,1,60.0,55,0.15058179329226556,0.0,1.0,-4209.299999999999,1.18,0.0,1.0,0.0,0,15.0,17.7,-2.6999999999999993,1.35801393728223,0.0,1.0192431045542014,0.9121231558691469,2026,3,8,6,1,2026,4,7,0.0779,7.79,0,No Revenue Leakage,LOW,0.0
TEST000256,CUST00484,Moore Inc,Retail,Education,West,USA,Phyllisland,hmcneil@marshall-perry.net,329.904.7742x585,2025-10-15,Active,Net 15,734029.0,Arjun Kumar,CON00172,Cloud,Basic Cloud,20.0,2200.0,38240.0,10.0,18.0,Monthly,36.0,Platinum,7.0,2026.0,1912.0,1912.0,2037.0,1721.0,38240.0,2025-11-03,2025-12-03,EUR,Paid,Pending,2.0,6883.2,6883.2,10.0,3824.0,31254.66,0,0,0,0,1,0,0,0,Missing Charge,10044.54,1,15.0,303,0.8295687885010267,0.0,1.0,6985.34,0.8173289748953975,0.0,1.0,0.0,0,20.0,16.34657949790795,3.6534205020920503,0.8690909090909091,0.0,1.0653765690376569,0.9001046025104602,2025,11,3,0,4,2025,12,3,0.9994,99.94,1,Revenue Leakage Detected,HIGH,6985.34
TEST000257,CUST00024,Hunter LLC,SMB,Telecom,West,Singapore,Port Robertfort,hamiltonmichael@zimmerman-graham.net,+1-949-587-7694x5314,2025-07-19,Inactive,Net 30,202906.0,Priya Nair,CON00048,Security,Firewall,15.0,2019.0,7875.0,5.0,18.0,Quarterly,36.0,Gold,5.0,2026.0,525.0,413.0,726.0,379.0,7875.0,2026-02-08,2026-03-10,USD,Generated,Paid,1.0,1417.5,1417.5,5.0,393.75,7218.75,0,1,0,0,0,0,0,0,Usage Mismatch,1680.0,1,30.0,391,1.0704996577686516,112.0,0.7866666666666666,656.25,0.9166666666666666,0.0,1.0,0.0,0,15.0,17.478813559322035,-2.4788135593220346,0.2600297176820208,0.0,1.3828571428571428,0.7219047619047619,2026,2,8,6,1,2026,3,10,0.9997,99.97,1,Revenue Leakage Detected,HIGH,656.25
TEST000258,CUST00013,Walters LLC,Retail,Finance,North,Singapore,North Matthewberg,evan78@patterson.com,+1-605-798-2620,2021-12-07,Active,Net 15,612332.0,Sneha Patel,CON00057,Security,Firewall,15.0,2956.0,18360.0,15.0,18.0,Quarterly,36.0,Platinum,7.0,2026.0,1224.0,1224.0,1263.0,1149.0,18360.0,2026-03-25,2026-04-24,INR,Generated,Pending,1.0,3304.8,3304.8,15.0,2754.0,18910.8,0,0,0,0,0,0,0,0,,0.0,0,15.0,1711,4.684462696783025,0.0,1.0,-550.7999999999993,1.03,0.0,1.0,0.0,0,15.0,15.45,-0.4499999999999993,0.4140730717185386,0.0,1.0318627450980393,0.9387254901960784,2026,3,25,2,1,2026,4,24,0.1269,12.69,0,No Revenue Leakage,LOW,0.0
TEST000259,CUST00315,Anderson Group,SMB,IT,South,UK,Paulfurt,davidharris@meyers-ortega.com,+1-394-893-8743x027,2023-09-11,Suspended,Net 45,225211.0,Priya Nair,CON00107,Internet,Fiber 300,10.0,1368.0,24920.0,0.0,18.0,Yearly,24.0,Gold,3.0,2026.0,2492.0,2492.0,2656.0,2423.0,24920.0,2025-09-28,2025-10-28,USD,Sent,Paid,3.0,4485.6,4485.6,0.0,0.0,29405.6,0,0,0,0,0,0,0,0,,0.0,0,45.0,1068,2.924024640657084,0.0,1.0,-4485.5999999999985,1.18,0.0,1.0,0.0,0,10.0,11.799999999999999,-1.799999999999999,1.8216374269005848,0.0,1.0658105939004816,0.9723113964686998,2025,9,28,6,3,2025,10,28,0.0632,6.32,0,No Revenue Leakage,LOW,0.0
TEST000260,CUST00034,"Romero, Suarez and Shields",Government,IT,North,Singapore,Kendrachester,sarah84@campbell.org,001-872-978-7558,2024-05-01,Suspended,Net 30,101663.0,Sneha Patel,CON00165,Voice,Voice Basic,5.0,2119.0,3135.0,10.0,18.0,Yearly,36.0,Platinum,10.0,2026.0,627.0,627.0,844.0,522.0,3135.0,2026-03-29,2026-04-28,INR,Paid,Paid,1.0,564.3,564.3,10.0,313.5,3385.8,0,0,0,0,0,0,0,0,,0.0,0,30.0,835,2.2861054072553046,0.0,1.0,-250.80000000000018,1.08,0.0,1.0,0.0,0,5.0,5.4,-0.40000000000000036,0.2958942897593204,0.0,1.346092503987241,0.8325358851674641,2026,3,29,6,1,2026,4,28,0.1191,11.91,0,No Revenue Leakage,LOW,0.0
TEST000261,CUST00155,Miller Inc,Retail,Manufacturing,South,India,Port Johnathan,andrewsjeremy@russell-hayes.biz,(350)661-8091x90158,2024-02-28,Active,Net 15,900916.0,John Thomas,CON00073,Cloud,Business Cloud,20.0,2446.0,30160.0,5.0,18.0,Yearly,24.0,Platinum,5.0,2026.0,1508.0,1340.0,1711.0,1398.0,30160.0,2026-07-15,2026-08-14,EUR,Generated,Pending,1.0,5428.8,5428.8,5.0,1508.0,30720.8,0,1,0,0,0,0,0,0,Usage Mismatch,3360.0,1,15.0,898,2.458590006844627,168.0,0.8885941644562334,-560.7999999999993,1.0185941644562333,0.0,1.0,0.0,0,20.0,22.925970149253732,-2.9259701492537324,0.616516762060507,0.0,1.1346153846153846,0.9270557029177718,2026,7,15,2,3,2026,8,14,0.9995,99.95,1,Revenue Leakage Detected,HIGH,0.0
TEST000262,CUST00127,Davis and Sons,Government,Manufacturing,North,USA,Lake Kelly,wellsdarrell@ruiz-jacobson.com,286-625-6527,2025-05-03,Active,Net 60,964032.0,John Thomas,CON00098,Internet,Fiber 100,10.0,1891.0,9650.0,10.0,18.0,Yearly,12.0,Silver,5.0,2026.0,965.0,965.0,1164.0,848.0,9650.0,2026-05-04,2026-06-03,INR,Sent,Paid,2.0,1737.0,1737.0,10.0,965.0,10422.0,0,0,0,0,0,0,0,0,,0.0,0,60.0,468,1.2813141683778233,0.0,1.0,-772.0,1.08,0.0,1.0,0.0,0,10.0,10.8,-0.8000000000000007,0.5103120042305659,0.0,1.206217616580311,0.8787564766839379,2026,5,4,0,2,2026,6,3,0.0795,7.95,0,No Revenue Leakage,LOW,0.0
TEST000263,CUST00080,Bond-Ramos,Retail,IT,East,Australia,Lake Brandy,nolansean@chavez.biz,390.287.4064x039,2025-03-14,Suspended,Net 15,904882.0,Rahul Sharma,CON00035,Internet,Fiber 300,10.0,2955.0,21680.0,10.0,18.0,Quarterly,12.0,Silver,6.0,2026.0,2168.0,2168.0,2221.0,1972.0,21680.0,2026-02-21,2026-03-23,USD,Paid,Paid,2.0,3902.4,3902.4,10.0,2168.0,23414.4,0,0,0,0,0,0,0,0,,0.0,0,15.0,518,1.4182067077344285,0.0,1.0,-1734.4000000000015,1.08,0.0,1.0,0.0,0,10.0,10.8,-0.8000000000000007,0.7336717428087987,0.0,1.0244464944649447,0.9095940959409594,2026,2,21,5,1,2026,3,23,0.0803,8.03,0,No Revenue Leakage,LOW,0.0
TEST000264,CUST00446,Franklin-Barker,Retail,Finance,North,Australia,Thompsontown,joshua51@owens-huff.com,001-271-411-2125,2021-09-07,Suspended,Net 15,493316.0,Arjun Kumar,CON00098,Internet,Fiber 100,10.0,1891.0,27300.0,10.0,18.0,Yearly,12.0,Silver,12.0,2026.0,2730.0,2730.0,2796.0,2575.0,27300.0,2025-11-29,2025-12-29,INR,Generated,Pending,3.0,4914.0,4914.0,10.0,2730.0,29484.0,0,0,0,0,0,0,0,0,,0.0,0,15.0,1802,4.933607118412047,0.0,1.0,-2184.0,1.08,0.0,1.0,0.0,0,10.0,10.8,-0.8000000000000007,1.4436805922792173,0.0,1.024175824175824,0.9432234432234432,2025,11,29,5,4,2025,12,29,0.1052,10.52,0,No Revenue Leakage,LOW,0.0
TEST000265,CUST00096,Gibbs LLC,Government,Manufacturing,West,Australia,North Kaylastad,deborahwilliams@byrd.biz,501-943-8889,2024-10-11,Suspended,Net 60,333876.0,Arjun Kumar,CON00180,Internet,Fiber 100,10.0,1445.0,25890.0,5.0,18.0,Yearly,12.0,Bronze,9.0,2026.0,2589.0,2589.0,2687.0,2529.0,25890.0,2025-09-10,2025-10-10,EUR,Paid,Overdue,2.0,4660.2,4660.2,5.0,1294.5,29255.7,0,0,0,0,0,0,0,0,,0.0,0,60.0,672,1.839835728952772,0.0,1.0,-3365.7000000000007,1.1300000000000001,0.0,1.0,0.0,0,10.0,11.3,-1.3000000000000007,1.7916955017301037,0.0,1.0378524526844342,0.9768250289687138,2025,9,10,2,3,2025,10,10,0.0733,7.33,0,No Revenue Leakage,LOW,0.0
TEST000266,CUST00245,Valdez LLC,SMB,Telecom,East,India,Whitebury,wilsonjoshua@george.org,296.447.1589x0429,2024-04-25,Inactive,Net 15,647897.0,Rahul Sharma,CON00182,SaaS,CRM,25.0,1355.0,12875.0,5.0,18.0,Monthly,36.0,Gold,9.0,2026.0,515.0,515.0,522.0,451.0,12875.0,2026-01-18,2026-02-17,INR,Generated,Pending,1.0,2317.5,2317.5,5.0,643.75,14548.75,0,0,0,0,0,0,0,0,,0.0,0,15.0,841,2.302532511978097,0.0,1.0,-1673.75,1.13,0.0,1.0,0.0,0,25.0,28.25,-3.25,0.3800738007380074,0.0,1.0135922330097087,0.8757281553398059,2026,1,18,6,1,2026,2,17,0.1228,12.28,0,No Revenue Leakage,LOW,0.0
TEST000267,CUST00014,Clark-Wright,Enterprise,IT,East,India,West Kimberlychester,sarayoung@cherry.biz,2259634216,2023-06-28,Active,Net 60,183767.0,John Thomas,CON00017,Cloud,Basic Cloud,20.0,1339.0,21380.0,10.0,18.0,Yearly,12.0,Silver,10.0,2026.0,1069.0,1069.0,1291.0,1003.0,21380.0,2026-04-25,2026-05-25,EUR,Generated,Pending,1.0,3848.4,3848.4,10.0,2138.0,23090.4,0,0,0,0,0,0,0,0,,0.0,0,60.0,1143,3.1293634496919918,0.0,1.0,-1710.4000000000015,1.08,0.0,1.0,0.0,0,20.0,21.6,-1.6000000000000014,0.7983569828230023,0.0,1.207670720299345,0.9382600561272217,2026,4,25,5,2,2026,5,25,0.0718,7.18,0,No Revenue Leakage,LOW,0.0
TEST000268,CUST00221,Williams Group,SMB,Logistics,North,India,Alvarezfort,noahthornton@baker-moreno.biz,7478658018,2023-11-30,Active,Net 60,780051.0,Arjun Kumar,CON00027,Internet,Fiber 100,10.0,2630.0,28950.0,10.0,18.0,Quarterly,12.0,Platinum,2.0,2026.0,2895.0,2895.0,3170.0,2823.0,28950.0,2025-10-10,2025-11-09,EUR,Generated,Paid,2.0,5211.0,5211.0,10.0,2895.0,29563.04,0,0,0,0,0,0,1,0,Contract Violation,1702.96,1,60.0,988,2.704996577686516,0.0,1.0,-613.0400000000009,1.0211758203799655,0.0,1.0,0.0,0,10.0,10.211758203799654,-0.21175820379965415,1.1007604562737643,0.0,1.0949913644214162,0.9751295336787564,2025,10,10,4,4,2025,11,9,0.996,99.6,1,Revenue Leakage Detected,HIGH,0.0
TEST000269,CUST00322,Rogers PLC,Government,Telecom,South,India,Reyesbury,hallchristina@parker.biz,001-539-910-2574x32630,2024-05-23,Suspended,Net 15,99104.0,Sneha Patel,CON00050,Security,Endpoint Security,15.0,1148.0,34545.0,0.0,18.0,Quarterly,24.0,Gold,12.0,2026.0,2303.0,2303.0,2347.0,2273.0,34545.0,2026-08-07,2026-09-06,USD,Sent,Paid,1.0,6218.1,6218.1,0.0,0.0,37524.92,0,0,0,0,0,0,1,0,Contract Violation,3238.18,1,15.0,813,2.2258726899383983,0.0,1.0,-2979.9199999999983,1.086261977131278,0.0,1.0,0.0,0,15.0,16.29392965696917,-1.2939296569691692,2.0060975609756095,0.0,1.019105514546244,0.9869735128093791,2026,8,7,4,3,2026,9,6,0.9664,96.64,1,Revenue Leakage Detected,HIGH,0.0
TEST000270,CUST00120,Day PLC,Enterprise,Education,East,UK,Lake Virginia,mayokimberly@castillo-harrington.com,001-585-264-2059,2023-12-26,Suspended,Net 45,711614.0,Rahul Sharma,CON00068,Internet,Fiber 100,10.0,1917.0,6330.0,10.0,18.0,Monthly,24.0,Gold,1.0,2026.0,633.0,633.0,698.0,506.0,6330.0,2025-09-30,2025-10-30,INR,Sent,Pending,3.0,1139.4,1139.4,10.0,633.0,6836.4,0,0,0,0,0,0,0,0,,0.0,0,45.0,962,2.6338124572210813,0.0,1.0,-506.39999999999964,1.0799999999999998,0.0,1.0,0.0,0,10.0,10.799999999999999,-0.7999999999999989,0.3302034428794992,0.0,1.1026856240126381,0.7993680884676145,2025,9,30,1,3,2025,10,30,0.077,7.7,0,No Revenue Leakage,LOW,0.0
TEST000271,CUST00225,Jones Ltd,SMB,IT,South,India,Kimberlytown,ohernandez@fitzpatrick.biz,525-269-0877x661,2024-11-12,Active,Net 30,236626.0,Sneha Patel,CON00172,Cloud,Basic Cloud,20.0,2200.0,45920.0,10.0,18.0,Monthly,36.0,Platinum,11.0,2026.0,2296.0,2296.0,2566.0,2143.0,45920.0,2026-06-09,2026-07-09,INR,Paid,Pending,2.0,8265.6,8265.6,10.0,4592.0,49593.6,0,0,0,0,0,0,0,0,,0.0,0,30.0,640,1.7522245037645447,0.0,1.0,-3673.5999999999985,1.08,0.0,1.0,0.0,0,20.0,21.599999999999998,-1.5999999999999979,1.0436363636363637,0.0,1.117595818815331,0.9333623693379791,2026,6,9,1,2,2026,7,9,0.0696,6.96,0,No Revenue Leakage,LOW,0.0
TEST000272,CUST00159,Arnold-Thompson,Retail,Manufacturing,South,UK,Port Juanberg,josemercado@luna.net,+1-409-796-9308x4887,2024-12-07,Suspended,Net 45,482882.0,Arjun Kumar,CON00019,Internet,Fiber 300,10.0,2249.0,13800.0,10.0,18.0,Yearly,12.0,Silver,1.0,2026.0,1380.0,1380.0,1501.0,1230.0,13800.0,2026-06-08,2026-07-08,USD,Paid,Paid,3.0,2484.0,2484.0,10.0,1380.0,14904.0,0,0,0,0,0,0,0,0,,0.0,0,45.0,615,1.6837782340862424,0.0,1.0,-1104.0,1.08,0.0,1.0,0.0,0,10.0,10.8,-0.8000000000000007,0.6136060471320587,0.0,1.0876811594202898,0.8913043478260869,2026,6,8,0,2,2026,7,8,0.1155,11.55,0,No Revenue Leakage,LOW,0.0
TEST000273,CUST00111,"Hines, Santos and Day",Enterprise,Telecom,South,India,Hollybury,sanchezsandy@chavez.com,721-402-0275x8842,2023-11-19,Active,Net 60,944751.0,Priya Nair,CON00138,Security,Endpoint Security,15.0,2914.0,32835.0,5.0,18.0,Quarterly,36.0,Bronze,7.0,2026.0,2189.0,2189.0,2356.0,2066.0,32835.0,2026-07-30,2026-08-29,INR,Sent,Overdue,2.0,5910.3,5910.3,5.0,1641.75,37103.55,0,0,0,0,0,0,0,0,,0.0,0,60.0,999,2.735112936344969,0.0,1.0,-4268.550000000003,1.1300000000000001,0.0,1.0,0.0,0,15.0,16.950000000000003,-1.9500000000000028,0.7512010981468772,0.0,1.076290543627227,0.9438099588853358,2026,7,30,3,3,2026,8,29,0.0512,5.12,0,No Revenue Leakage,LOW,0.0
TEST000274,CUST00410,"Miller, Patton and Evans",Retail,Education,East,USA,South Jerryside,andrew44@warner-jones.com,318-993-8984x6908,2023-11-01,Active,Net 15,361877.0,Arjun Kumar,CON00067,Security,SOC,15.0,2052.0,24135.0,10.0,18.0,Quarterly,12.0,Platinum,4.0,2026.0,1609.0,1609.0,1613.0,1540.0,24135.0,2026-03-24,2026-04-23,USD,Generated,Overdue,1.0,4344.3,4344.3,10.0,2413.5,26065.8,0,0,0,0,0,0,0,0,,0.0,0,15.0,1017,2.784394250513347,0.0,1.0,-1930.7999999999993,1.08,0.0,1.0,0.0,0,15.0,16.2,-1.1999999999999993,0.7841130604288499,0.0,1.002486016159105,0.9571162212554382,2026,3,24,1,1,2026,4,23,0.0719,7.19,0,No Revenue Leakage,LOW,0.0
TEST000275,CUST00369,Davila PLC,Government,Telecom,East,UK,New Valeriefort,williamschristopher@smith-kelly.com,(483)256-5215x6818,2026-08-04,Suspended,Net 45,638315.0,John Thomas,CON00024,SaaS,CRM,25.0,756.0,58500.0,15.0,18.0,Yearly,12.0,Silver,10.0,2026.0,2340.0,2340.0,2403.0,2267.0,58500.0,2025-12-05,2026-01-04,USD,Sent,Pending,3.0,10530.0,10530.0,15.0,8775.0,60255.0,0,0,0,0,0,0,0,0,,0.0,0,45.0,10,0.02737850787132101,0.0,1.0,-1755.0,1.03,0.0,1.0,0.0,0,25.0,25.75,-0.75,3.0952380952380953,0.0,1.0269230769230768,0.9688034188034188,2025,12,5,4,4,2026,1,4,0.0477,4.77,0,No Revenue Leakage,LOW,0.0
TEST000276,CUST00096,Gibbs LLC,Government,Manufacturing,West,Australia,North Kaylastad,deborahwilliams@byrd.biz,501-943-8889,2024-10-11,Suspended,Net 60,333876.0,Arjun Kumar,CON00053,Cloud,Basic Cloud,20.0,2774.0,30640.0,0.0,18.0,Monthly,36.0,Bronze,4.0,2026.0,1532.0,1532.0,1589.0,1435.0,30640.0,2026-02-22,2026-03-24,USD,Sent,Pending,3.0,5515.2,5515.2,0.0,0.0,36155.2,0,0,0,0,0,0,0,0,,0.0,0,60.0,672,1.839835728952772,0.0,1.0,-5515.199999999997,1.18,0.0,1.0,0.0,0,20.0,23.599999999999998,-3.599999999999998,0.5522710886806056,0.0,1.037206266318538,0.9366840731070496,2026,2,22,6,1,2026,3,24,0.013,1.3,0,No Revenue Leakage,LOW,0.0
TEST000277,CUST00218,"Simon, Terrell and Terrell",Retail,Telecom,East,India,Stevenland,sanchezcrystal@horne.org,790-658-0778x7956,2024-01-21,Inactive,Net 30,231144.0,Arjun Kumar,CON00061,Internet,Fiber 1000,10.0,2559.0,17990.0,15.0,18.0,Yearly,12.0,Bronze,10.0,2026.0,1799.0,1799.0,1802.0,1754.0,17990.0,2026-01-16,2026-02-15,USD,Generated,Paid,3.0,3238.2,3238.2,15.0,2698.5,18529.7,0,0,0,0,0,0,0,0,,0.0,0,30.0,936,2.5626283367556466,0.0,1.0,-539.7000000000007,1.03,0.0,1.0,0.0,0,10.0,10.3,-0.3000000000000007,0.7030089878858929,0.0,1.0016675931072818,0.9749861033907726,2026,1,16,4,1,2026,2,15,0.0148,1.48,0,No Revenue Leakage,LOW,0.0
TEST000278,CUST00060,Reid LLC,Retail,Manufacturing,North,Australia,Juliestad,cooperjessica@garcia.com,3589527722,2021-11-28,Active,Net 45,661523.0,Sneha Patel,CON00122,Cloud,Basic Cloud,20.0,889.0,58580.0,15.0,18.0,Monthly,36.0,Platinum,3.0,2026.0,2929.0,2929.0,3177.0,2781.0,58580.0,2026-01-07,2026-02-06,EUR,Paid,Overdue,1.0,10544.4,10544.4,15.0,8787.0,60337.4,0,0,0,0,0,0,0,0,,0.0,0,45.0,1720,4.7091033538672145,0.0,1.0,-1757.4000000000015,1.03,0.0,1.0,0.0,0,20.0,20.6,-0.6000000000000014,3.294713160854893,0.0,1.0846705360191191,0.9494708091498805,2026,1,7,2,1,2026,2,6,0.1698,16.98,0,No Revenue Leakage,LOW,0.0
TEST000279,CUST00467,Rosales PLC,Retail,Logistics,South,India,Eddietown,michael88@woods-yoder.com,+1-929-885-8567x2872,2021-09-19,Inactive,Net 15,974220.0,Arjun Kumar,CON00086,Security,SOC,15.0,2718.0,30195.0,0.0,18.0,Quarterly,36.0,Platinum,9.0,2026.0,2013.0,2013.0,2038.0,1834.0,30195.0,2026-06-18,2026-07-18,USD,Sent,Paid,2.0,5435.1,5435.1,0.0,0.0,35630.1,0,0,0,0,0,0,0,0,,0.0,0,15.0,1790,4.900752908966461,0.0,1.0,-5435.0999999999985,1.18,0.0,1.0,0.0,0,15.0,17.7,-2.6999999999999993,0.7406181015452539,0.0,1.0124192747143568,0.9110779930452062,2026,6,18,3,2,2026,7,18,0.0437,4.37,0,No Revenue Leakage,LOW,0.0
TEST000280,CUST00049,Fischer Inc,Retail,Telecom,South,Australia,Russellport,trose@walker.com,2349324451,2025-04-04,Inactive,Net 15,879957.0,John Thomas,CON00009,Internet,Fiber 1000,10.0,2208.0,15310.0,10.0,18.0,Quarterly,24.0,Bronze,1.0,2026.0,1531.0,1531.0,1732.0,1486.0,15310.0,2025-10-05,2025-11-04,EUR,Paid,Paid,2.0,2755.8,2755.8,10.0,1531.0,16534.8,0,0,0,0,0,0,0,0,,0.0,0,15.0,497,1.3607118412046544,0.0,1.0,-1224.7999999999993,1.0799999999999998,0.0,1.0,0.0,0,10.0,10.799999999999999,-0.7999999999999989,0.6933876811594203,0.0,1.131286740692358,0.9706074461136512,2025,10,5,6,4,2025,11,4,0.0794,7.94,0,No Revenue Leakage,LOW,0.0
TEST000281,CUST00298,Becker-Fletcher,SMB,IT,South,India,North Lisa,lindsey33@coffey-johnson.info,001-593-403-6149x872,2022-02-25,Suspended,Net 60,480424.0,Arjun Kumar,CON00002,Voice,Voice Premium,5.0,1939.0,12705.0,0.0,18.0,Yearly,24.0,Silver,2.0,2026.0,2541.0,2541.0,2571.0,2479.0,12705.0,2026-02-26,2026-03-28,INR,Generated,Pending,1.0,2286.9,2286.9,0.0,0.0,14991.9,0,0,0,0,0,1,0,0,Duplicate Invoice,14991.9,1,60.0,1631,4.465434633812457,0.0,1.0,-2286.8999999999996,1.18,0.0,1.0,0.0,0,5.0,5.8999999999999995,-0.8999999999999995,1.3104693140794224,0.0,1.011806375442739,0.9756001574183393,2026,2,26,3,1,2026,3,28,0.0369,3.69,0,No Revenue Leakage,LOW,0.0
TEST000282,CUST00051,"Gillespie, Davis and Richard",Retail,IT,West,Australia,South Brianna,fosterkyle@walker-maxwell.com,418.383.5523x12432,2023-02-07,Active,Net 60,318246.0,Rahul Sharma,CON00133,Security,SOC,15.0,2488.0,28005.0,5.0,18.0,Quarterly,12.0,Platinum,3.0,2026.0,1867.0,1867.0,1928.0,1854.0,28005.0,2026-06-18,2026-07-18,EUR,Generated,Overdue,2.0,5040.9,3391.8371118550454,5.0,1400.25,29996.59,1,0,0,0,0,0,0,0,Missing GST,1649.06,1,60.0,1284,3.515400410677618,0.0,1.0,-1991.5900000000001,1.0711155150865916,1649.0628881449543,0.6728633997609644,0.0,0,15.0,16.066732726298877,-1.066732726298877,0.7504019292604501,0.0,1.032672737011248,0.9930369576861274,2026,6,18,3,2,2026,7,18,0.9977,99.77,1,Revenue Leakage Detected,HIGH,0.0
TEST000283,CUST00217,"Coleman, Wilkins and Cruz",Enterprise,Education,North,Australia,East Roger,lanemelanie@joseph.biz,+1-995-300-9751,2022-10-21,Inactive,Net 15,243259.0,Rahul Sharma,CON00090,Voice,Voice Basic,5.0,773.0,4960.0,0.0,18.0,Monthly,12.0,Platinum,2.0,2026.0,992.0,992.0,1165.0,931.0,4960.0,2025-10-24,2025-11-23,USD,Generated,Pending,3.0,892.8,892.8,0.0,0.0,5852.8,0,0,0,0,0,0,0,0,,0.0,0,15.0,1393,3.813826146475017,0.0,1.0,-892.8000000000002,1.18,0.0,1.0,0.0,0,5.0,5.9,-0.9000000000000004,1.2833117723156533,0.0,1.1743951612903225,0.938508064516129,2025,10,24,4,4,2025,11,23,0.0465,4.65,0,No Revenue Leakage,LOW,0.0
TEST000284,CUST00127,Davis and Sons,Government,Manufacturing,North,USA,Lake Kelly,wellsdarrell@ruiz-jacobson.com,286-625-6527,2025-05-03,Active,Net 60,964032.0,John Thomas,CON00113,Security,Firewall,15.0,1394.0,8865.0,15.0,18.0,Quarterly,12.0,Platinum,6.0,2026.0,591.0,591.0,735.0,446.0,8865.0,2026-01-02,2026-02-01,USD,Generated,Paid,1.0,1595.7,1595.7,15.0,1329.75,6443.82,0,0,0,0,0,0,1,0,Contract Violation,2687.13,1,60.0,468,1.2813141683778233,0.0,1.0,2421.1800000000003,0.7268832487309644,0.0,1.0,0.0,0,15.0,10.903248730964467,4.096751269035533,0.42395982783357244,0.0,1.2436548223350254,0.754653130287648,2026,1,2,4,1,2026,2,1,0.9986,99.86,1,Revenue Leakage Detected,HIGH,2421.1800000000003
TEST000285,CUST00177,"Adams, Newman and Nelson",SMB,IT,South,UK,Normanstad,lgutierrez@martinez.com,001-313-326-1117x8006,2023-10-30,Suspended,Net 30,996369.0,Arjun Kumar,CON00168,SaaS,ERP,25.0,1700.0,59125.0,5.0,18.0,Quarterly,24.0,Gold,5.0,2026.0,2365.0,2365.0,2389.0,2183.0,59125.0,2025-08-14,2025-09-13,USD,Generated,Paid,3.0,10642.5,10642.5,5.0,2956.25,66811.25,0,0,0,0,0,0,0,0,,0.0,0,30.0,1019,2.7898699520876113,0.0,1.0,-7686.25,1.13,0.0,1.0,0.0,0,25.0,28.25,-3.25,1.3911764705882352,0.0,1.0101479915433405,0.9230443974630022,2025,8,14,3,3,2025,9,13,0.0419,4.19,0,No Revenue Leakage,LOW,0.0
TEST000286,CUST00087,Hudson-Sanchez,Enterprise,Finance,South,Singapore,Jonathanfort,umurray@jackson-cortez.info,(480)580-1006,2022-03-05,Active,Net 15,487477.0,Sneha Patel,CON00188,Security,Endpoint Security,15.0,1722.0,22380.0,5.0,18.0,Monthly,24.0,Gold,6.0,2026.0,1492.0,1492.0,1772.0,1422.0,22380.0,2025-09-19,2025-10-19,EUR,Generated,Overdue,1.0,4028.4,4028.4,5.0,1119.0,25289.4,0,0,0,0,0,0,0,0,,0.0,0,15.0,1623,4.4435318275154,0.0,1.0,-2909.4000000000015,1.1300000000000001,0.0,1.0,0.0,0,15.0,16.95,-1.9499999999999993,0.8664343786295006,0.0,1.1876675603217157,0.953083109919571,2025,9,19,4,3,2025,10,19,0.1421,14.21,0,No Revenue Leakage,LOW,0.0
TEST000287,CUST00208,"Ferguson, Martin and Obrien",SMB,IT,North,USA,New Darryl,janet50@gutierrez-crawford.com,(974)238-4215x031,2025-09-13,Suspended,Net 60,87641.0,Rahul Sharma,CON00049,Security,Firewall,15.0,1536.0,41775.0,5.0,18.0,Monthly,36.0,Bronze,3.0,2026.0,2785.0,2785.0,3068.0,2663.0,41775.0,2026-01-07,2026-02-06,INR,Paid,Paid,3.0,7519.5,7519.5,5.0,2088.75,47205.75,0,0,0,0,0,0,0,0,,0.0,0,60.0,335,0.917180013689254,0.0,1.0,-5430.75,1.13,0.0,1.0,0.0,0,15.0,16.95,-1.9499999999999993,1.8131510416666667,0.0,1.1016157989228008,0.9561938958707361,2026,1,7,2,1,2026,2,6,0.0673,6.73,0,No Revenue Leakage,LOW,0.0
TEST000288,CUST00366,"Johnson, Hanna and Watson",Government,Manufacturing,West,Singapore,Lake Bonniefort,anthonydiaz@sanchez.org,(422)272-8476x57041,2021-11-13,Active,Net 45,273332.0,Sneha Patel,CON00163,Voice,Voice Premium,5.0,2277.0,13750.0,0.0,18.0,Monthly,24.0,Silver,6.0,2026.0,2750.0,2750.0,3018.0,2612.0,13750.0,2026-07-19,2026-08-18,USD,Paid,Pending,2.0,2475.0,2475.0,0.0,0.0,16225.0,0,0,0,0,0,0,0,0,,0.0,0,45.0,1735,4.7501711156741955,0.0,1.0,-2475.0,1.18,0.0,1.0,0.0,0,5.0,5.9,-0.9000000000000004,1.2077294685990339,0.0,1.0974545454545455,0.9498181818181818,2026,7,19,6,3,2026,8,18,0.0181,1.81,0,No Revenue Leakage,LOW,0.0
TEST000289,CUST00259,"Brock, Reynolds and Fernandez",SMB,IT,West,Australia,South Richard,jpowers@ibarra.net,(297)537-4896,2024-09-10,Active,Net 30,891047.0,John Thomas,CON00111,Cloud,Enterprise Cloud,20.0,2083.0,13660.0,15.0,18.0,Yearly,24.0,Bronze,9.0,2026.0,683.0,683.0,865.0,629.0,13660.0,2025-09-06,2025-10-06,EUR,Generated,Pending,3.0,2458.8,1581.4147064893525,15.0,2049.0,13192.41,1,0,0,0,0,0,0,0,Missing GST,877.39,1,30.0,703,1.9247091033538672,0.0,1.0,467.59000000000015,0.9657693997071742,877.3852935106477,0.6431652458473045,0.0,0,20.0,19.315387994143485,0.6846120058565148,0.32789246279404705,0.0,1.2664714494875549,0.9209370424597365,2025,9,6,5,3,2025,10,6,0.9986,99.86,1,Revenue Leakage Detected,HIGH,467.59000000000015
TEST000290,CUST00037,Nguyen Inc,Retail,IT,East,Singapore,Michaelchester,johnjenkins@sparks.biz,+1-637-492-3747x407,2022-03-23,Active,Net 15,424705.0,Priya Nair,CON00064,Security,Endpoint Security,15.0,988.0,12870.0,0.0,18.0,Quarterly,12.0,Silver,8.0,2026.0,858.0,858.0,908.0,857.0,12870.0,2025-08-28,2025-09-27,USD,Generated,Paid,2.0,2316.6,2316.6,0.0,0.0,15186.6,0,0,0,0,0,0,0,0,,0.0,0,15.0,1605,4.394250513347022,0.0,1.0,-2316.6000000000004,1.18,0.0,1.0,0.0,0,15.0,17.7,-2.6999999999999993,0.868421052631579,0.0,1.0582750582750582,0.9988344988344988,2025,8,28,3,3,2025,9,27,0.0294,2.94,0,No Revenue Leakage,LOW,0.0
TEST000291,CUST00232,Burgess LLC,Government,Healthcare,South,Singapore,Port Daniel,coreyrojas@bennett.com,997.506.2397x2652,2024-08-24,Suspended,Net 30,727114.0,Sneha Patel,CON00025,Cloud,Business Cloud,20.0,913.0,27920.0,10.0,18.0,Quarterly,24.0,Gold,10.0,2026.0,1396.0,1396.0,1502.0,1346.0,27920.0,2026-06-28,2026-07-28,EUR,Generated,Pending,2.0,5025.6,5025.6,10.0,2792.0,30153.6,0,0,0,0,0,0,0,0,,0.0,0,30.0,720,1.9712525667351128,0.0,1.0,-2233.5999999999985,1.0799999999999998,0.0,1.0,0.0,0,20.0,21.599999999999998,-1.5999999999999979,1.529025191675794,0.0,1.0759312320916905,0.9641833810888252,2026,6,28,6,2,2026,7,28,0.0252,2.52,0,No Revenue Leakage,LOW,0.0
TEST000292,CUST00285,Johnson LLC,Retail,Telecom,North,UK,Hardyberg,jason88@boyd-sherman.com,3082943468,2024-10-07,Inactive,Net 45,607685.0,Priya Nair,CON00053,Cloud,Basic Cloud,20.0,2774.0,16840.0,0.0,18.0,Monthly,36.0,Bronze,8.0,2026.0,842.0,842.0,940.0,717.0,16840.0,2025-12-21,2026-01-20,EUR,Generated,Overdue,3.0,3031.2,3031.2,0.0,0.0,19871.2,0,0,0,0,0,0,0,0,,0.0,0,45.0,676,1.8507871321013005,0.0,1.0,-3031.2000000000007,1.18,0.0,1.0,0.0,0,20.0,23.6,-3.6000000000000014,0.3035328046142754,0.0,1.1163895486935866,0.8515439429928741,2025,12,21,6,4,2026,1,20,0.047,4.7,0,No Revenue Leakage,LOW,0.0
TEST000293,CUST00117,Ford-Phelps,Enterprise,Education,North,Singapore,East Lindseyport,lewismelissa@davis.com,(980)344-2067x8831,2022-10-14,Inactive,Net 45,757689.0,John Thomas,CON00084,Voice,Voice Basic,5.0,686.0,4450.0,15.0,18.0,Quarterly,12.0,Silver,1.0,2026.0,890.0,890.0,1089.0,886.0,4450.0,2026-04-16,2026-05-16,USD,Sent,Overdue,2.0,801.0,801.0,15.0,667.5,3921.74,0,0,0,0,1,0,0,0,Missing Charge,661.76,1,45.0,1400,3.8329911019849416,0.0,1.0,528.2600000000002,0.8812898876404494,0.0,1.0,0.0,0,5.0,4.406449438202247,0.5935505617977528,1.2973760932944607,0.0,1.2235955056179775,0.9955056179775281,2026,4,16,3,2,2026,5,16,0.9966,99.66,1,Revenue Leakage Detected,HIGH,528.2600000000002
TEST000294,CUST00044,Williams-Harmon,Enterprise,Telecom,North,Singapore,Lake Brycemouth,william17@walker.net,470-307-6617x7115,2022-09-02,Active,Net 30,927844.0,Arjun Kumar,CON00155,SaaS,ERP,25.0,2493.0,66250.0,5.0,18.0,Monthly,36.0,Gold,9.0,2026.0,2650.0,2650.0,2864.0,2467.0,66250.0,2025-12-24,2026-01-23,INR,Generated,Overdue,3.0,11925.0,11925.0,5.0,3312.5,66014.07,0,0,0,0,0,0,1,0,Contract Violation,8848.43,1,30.0,1442,3.9479808350444903,0.0,1.0,235.92999999999302,0.9964387924528303,0.0,1.0,0.0,0,25.0,24.910969811320758,0.08903018867924217,1.0629763337344564,0.0,1.080754716981132,0.9309433962264151,2025,12,24,2,4,2026,1,23,0.9998,99.98,1,Revenue Leakage Detected,HIGH,235.92999999999302
TEST000295,CUST00212,Bryant Ltd,SMB,Logistics,West,UK,Ruizbury,michellejensen@myers-lyons.com,477-301-7157x72459,2025-01-17,Active,Net 30,184055.0,Priya Nair,CON00194,Internet,Fiber 100,10.0,2374.0,28830.0,10.0,18.0,Quarterly,36.0,Silver,6.0,2026.0,2883.0,2883.0,2945.0,2881.0,28830.0,2026-08-06,2026-09-05,USD,Paid,Paid,3.0,5189.4,5189.4,10.0,2883.0,25235.5,0,0,0,1,0,0,0,0,Wrong Pricing,5900.9,1,30.0,574,1.571526351813826,0.0,1.0,3594.5,0.8753208463406175,0.0,1.0,0.0,0,10.0,8.753208463406175,1.2467915365938254,1.2144060657118787,0.0,1.021505376344086,0.9993062781824489,2026,8,6,3,3,2026,9,5,0.9994,99.94,1,Revenue Leakage Detected,HIGH,3594.5
TEST000296,CUST00376,"Barker, Martin and Horton",Retail,Finance,East,India,Ritashire,jmorrow@gonzalez.com,450-927-2751x64807,2026-07-07,Active,Net 60,875146.0,Arjun Kumar,CON00069,Voice,Voice Basic,5.0,1591.0,12380.0,10.0,18.0,Yearly,12.0,Platinum,1.0,2026.0,2476.0,2476.0,2614.0,2469.0,12380.0,2026-06-03,2026-07-03,INR,Generated,Overdue,2.0,2228.4,2228.4,10.0,1238.0,13370.4,0,0,0,0,0,0,0,0,,0.0,0,60.0,38,0.10403832991101986,0.0,1.0,-990.3999999999996,1.08,0.0,1.0,0.0,0,5.0,5.3999999999999995,-0.39999999999999947,1.5562539283469516,0.0,1.055735056542811,0.997172859450727,2026,6,3,2,2,2026,7,3,0.0512,5.12,0,No Revenue Leakage,LOW,0.0
TEST000297,CUST00172,"Smith, Vincent and Rubio",SMB,Manufacturing,West,India,Watsonmouth,kvillanueva@henry-joyce.net,763-892-0867x808,2023-01-31,Active,Net 15,144270.0,John Thomas,CON00173,Security,Endpoint Security,15.0,1568.0,40335.0,0.0,18.0,Yearly,36.0,Platinum,11.0,2026.0,2689.0,2689.0,2751.0,2658.0,40335.0,2025-08-19,2025-09-18,EUR,Sent,Overdue,1.0,7260.3,7260.3,0.0,0.0,47595.3,0,0,0,0,0,0,0,0,,0.0,0,15.0,1291,3.5345653661875427,0.0,1.0,-7260.300000000003,1.1800000000000002,0.0,1.0,0.0,0,15.0,17.700000000000003,-2.700000000000003,1.714923469387755,0.0,1.0230568984752697,0.9884715507623651,2025,8,19,1,3,2025,9,18,0.0233,2.33,0,No Revenue Leakage,LOW,0.0
TEST000298,CUST00117,Ford-Phelps,Enterprise,Education,North,Singapore,East Lindseyport,lewismelissa@davis.com,(980)344-2067x8831,2022-10-14,Inactive,Net 45,757689.0,John Thomas,CON00140,Cloud,Basic Cloud,20.0,1244.0,34100.0,10.0,18.0,Yearly,24.0,Platinum,3.0,2026.0,1705.0,1705.0,1950.0,1607.0,34100.0,2025-08-18,2025-09-17,USD,Sent,Pending,2.0,6138.0,6138.0,10.0,3410.0,36828.0,0,0,0,0,0,0,0,0,,0.0,0,45.0,1400,3.8329911019849416,0.0,1.0,-2728.0,1.08,0.0,1.0,0.0,0,20.0,21.6,-1.6000000000000014,1.3705787781350482,0.0,1.1436950146627567,0.9425219941348973,2025,8,18,0,3,2025,9,17,0.0583,5.83,0,No Revenue Leakage,LOW,0.0
TEST000299,CUST00231,Rodriguez and Sons,SMB,Telecom,South,India,Jimenezburgh,brownmichael@hamilton.org,001-970-710-8220x78113,2025-02-27,Suspended,Net 60,878952.0,Sneha Patel,CON00168,SaaS,ERP,25.0,1700.0,53075.0,5.0,18.0,Quarterly,24.0,Gold,10.0,2026.0,2123.0,2123.0,2231.0,1981.0,53075.0,2026-02-23,2026-03-25,EUR,Paid,Overdue,1.0,9553.5,9553.5,5.0,2653.75,59974.75,0,0,0,0,0,0,0,0,,0.0,0,60.0,533,1.45927446954141,0.0,1.0,-6899.75,1.13,0.0,1.0,0.0,0,25.0,28.25,-3.25,1.2488235294117647,0.0,1.0508714083843618,0.9331135186057465,2026,2,23,0,1,2026,3,25,0.1969,19.69,0,No Revenue Leakage,LOW,0.0
TEST000300,CUST00176,"Johnston, Banks and Thompson",Government,Healthcare,South,Australia,Michaelhaven,champton@james.info,+1-722-756-9961x1253,2024-01-28,Active,Net 15,223532.0,John Thomas,CON00072,Internet,Fiber 100,10.0,2552.0,20340.0,15.0,18.0,Monthly,24.0,Gold,8.0,2026.0,2034.0,2034.0,2119.0,1987.0,20340.0,2026-02-09,2026-03-11,INR,Generated,Overdue,3.0,3661.2,3661.2,15.0,3051.0,20950.2,0,0,0,0,0,0,0,0,,0.0,0,15.0,929,2.543463381245722,0.0,1.0,-610.2000000000007,1.03,0.0,1.0,0.0,0,10.0,10.3,-0.3000000000000007,0.7970219435736677,0.0,1.0417895771878072,0.9768928220255654,2026,2,9,0,1,2026,3,11,0.0389,3.89,0,No Revenue Leakage,LOW,0.0
TEST000301,CUST00039,Lawson LLC,SMB,IT,West,Singapore,Lake James,erica21@lucas.org,(621)445-6232x858,2023-10-13,Active,Net 15,341999.0,John Thomas,CON00103,Cloud,Basic Cloud,20.0,1199.0,19040.0,5.0,18.0,Quarterly,12.0,Bronze,6.0,2026.0,952.0,952.0,1130.0,794.0,19040.0,2025-12-14,2026-01-13,INR,Paid,Pending,1.0,3427.2,3427.2,5.0,952.0,21515.2,0,0,0,0,0,1,0,0,Duplicate Invoice,21515.2,1,15.0,1036,2.836413415468857,0.0,1.0,-2475.2000000000007,1.1300000000000001,0.0,1.0,0.0,0,20.0,22.6,-2.6000000000000014,0.7939949958298582,0.0,1.1869747899159664,0.8340336134453782,2025,12,14,6,4,2026,1,13,0.0569,5.69,0,No Revenue Leakage,LOW,0.0
TEST000302,CUST00301,Stone-Young,Enterprise,Manufacturing,North,India,Port Carolmouth,garrettbeth@villegas.biz,612-807-0496x11080,2025-01-04,Suspended,Net 60,569777.0,Sneha Patel,CON00023,Voice,Voice Basic,5.0,2072.0,9850.0,0.0,18.0,Yearly,12.0,Bronze,4.0,2026.0,1970.0,1970.0,2027.0,1870.0,9850.0,2026-05-01,2026-05-31,USD,Paid,Pending,1.0,1773.0,1773.0,0.0,0.0,10558.4,0,0,0,0,0,0,1,0,Contract Violation,1064.6,1,60.0,587,1.6071184120465434,0.0,1.0,-708.3999999999996,1.0719187817258884,0.0,1.0,0.0,0,5.0,5.359593908629441,-0.3595939086294413,0.9507722007722008,0.0,1.0289340101522844,0.949238578680203,2026,5,1,4,2,2026,5,31,0.9927,99.27,1,Revenue Leakage Detected,HIGH,0.0
TEST000303,CUST00476,"Roth, Norris and Taylor",Enterprise,Manufacturing,West,Australia,Port Kristimouth,rebecca73@morris.info,(953)244-9021x666,2026-02-02,Active,Net 15,769449.0,Arjun Kumar,CON00129,SaaS,HRMS,25.0,951.0,59500.0,0.0,18.0,Monthly,24.0,Platinum,4.0,2026.0,2380.0,2380.0,2652.0,2216.0,59500.0,2025-12-04,2026-01-03,INR,Sent,Pending,2.0,10710.0,10710.0,0.0,0.0,53949.23,0,0,0,0,1,0,0,0,Missing Charge,16260.77,1,15.0,193,0.5284052019164955,0.0,1.0,5550.769999999997,0.9067097478991597,0.0,1.0,0.0,0,25.0,22.667743697478993,2.3322563025210066,2.5026288117770767,0.0,1.1142857142857143,0.9310924369747899,2025,12,4,3,4,2026,1,3,0.9999,99.99,1,Revenue Leakage Detected,HIGH,5550.769999999997
TEST000304,CUST00412,Cummings-Garcia,Retail,Finance,North,UK,Romerostad,ywoods@smith.com,001-438-396-0870x66266,2025-04-27,Suspended,Net 30,802254.0,Priya Nair,CON00050,Security,Endpoint Security,15.0,1148.0,12990.0,0.0,18.0,Quarterly,24.0,Gold,1.0,2026.0,866.0,866.0,1080.0,696.0,12990.0,2026-01-30,2026-03-01,USD,Paid,Overdue,1.0,2338.2,2338.2,15.0,1948.5,13379.7,0,0,1,0,0,0,0,0,Extra Discount,1948.5,1,30.0,474,1.297741273100616,0.0,1.0,-389.7000000000007,1.03,0.0,1.0,-15.0,1,15.0,15.450000000000001,-0.45000000000000107,0.7543554006968641,0.0,1.2471131639722863,0.8036951501154734,2026,1,30,4,1,2026,3,1,0.9992,99.92,1,Revenue Leakage Detected,HIGH,0.0
TEST000305,CUST00203,Chapman Group,Enterprise,Logistics,East,UK,Ortizland,sanchezamy@fuller.com,(705)302-0994,2022-01-05,Inactive,Net 15,660411.0,Arjun Kumar,CON00067,Security,SOC,15.0,2052.0,9240.0,10.0,18.0,Quarterly,12.0,Platinum,1.0,2026.0,616.0,616.0,711.0,449.0,9240.0,2025-12-13,2026-01-12,INR,Paid,Paid,2.0,1663.2,1663.2,10.0,924.0,9979.2,0,0,0,0,0,0,0,0,,0.0,0,15.0,1682,4.605065023956194,0.0,1.0,-739.2000000000007,1.08,0.0,1.0,0.0,0,15.0,16.200000000000003,-1.2000000000000028,0.3001949317738791,0.0,1.1542207792207793,0.7288961038961039,2025,12,13,5,4,2026,1,12,0.1303,13.03,0,No Revenue Leakage,LOW,0.0
TEST000306,CUST00379,"Shaffer, Contreras and Christian",Retail,IT,East,USA,East Kimberly,ewilson@bell.biz,+1-860-253-8444x4630,2021-09-23,Active,Net 15,548685.0,Sneha Patel,CON00101,SaaS,ERP,25.0,789.0,46200.0,0.0,18.0,Monthly,12.0,Gold,2.0,2026.0,1848.0,1848.0,2125.0,1662.0,46200.0,2026-07-29,2026-08-28,USD,Generated,Overdue,2.0,8316.0,8316.0,0.0,0.0,54516.0,0,0,0,0,0,0,0,1,Late Billing,1587.0,1,15.0,1786,4.889801505817933,0.0,1.0,-8316.0,1.18,0.0,1.0,0.0,0,25.0,29.5,-4.5,2.3422053231939164,0.0,1.149891774891775,0.8993506493506493,2026,7,29,2,3,2026,8,28,0.0549,5.49,0,No Revenue Leakage,LOW,0.0
TEST000307,CUST00018,"Collins, Drake and Hernandez",Government,IT,East,Australia,East Traceyland,operry@lee.com,(501)363-2870,2025-06-24,Suspended,Net 30,208338.0,Rahul Sharma,CON00119,Voice,Voice Basic,5.0,577.0,8170.0,5.0,18.0,Monthly,36.0,Silver,6.0,2026.0,1634.0,1634.0,1731.0,1583.0,8170.0,2025-09-25,2025-10-25,EUR,Paid,Paid,3.0,1470.6,1470.6,5.0,408.5,9232.1,0,0,0,0,0,0,0,0,,0.0,0,30.0,416,1.1389459274469542,0.0,1.0,-1062.1000000000004,1.1300000000000001,0.0,1.0,0.0,0,5.0,5.65,-0.6500000000000004,2.831889081455806,0.0,1.0593635250917992,0.9687882496940025,2025,9,25,3,3,2025,10,25,0.0333,3.33,0,No Revenue Leakage,LOW,0.0
TEST000308,CUST00148,Williams-Schultz,Government,IT,West,Singapore,Port Patriciamouth,tamarasmith@williams.info,529.622.1699x58669,2024-12-24,Active,Net 60,307802.0,Rahul Sharma,CON00131,Internet,Fiber 1000,10.0,860.0,17210.0,0.0,18.0,Quarterly,24.0,Silver,11.0,2026.0,1721.0,1721.0,1830.0,1582.0,17210.0,2026-02-18,2026-03-20,USD,Paid,Overdue,2.0,3097.8,3097.8,0.0,0.0,20307.8,0,0,0,0,0,0,0,0,,0.0,0,60.0,598,1.6372347707049966,0.0,1.0,-3097.7999999999993,1.18,0.0,1.0,0.0,0,10.0,11.799999999999999,-1.799999999999999,2.0011627906976743,0.0,1.063335270191749,0.9192330040674027,2026,2,18,2,1,2026,3,20,0.0377,3.77,0,No Revenue Leakage,LOW,0.0
TEST000309,CUST00329,Jones Ltd,Retail,Finance,West,Australia,Warrenport,xjackson@padilla.info,(481)579-3230,2023-10-20,Suspended,Net 60,981988.0,Priya Nair,CON00067,Security,SOC,15.0,2052.0,10095.0,10.0,18.0,Quarterly,12.0,Platinum,10.0,2026.0,673.0,673.0,675.0,570.0,10095.0,2026-02-06,2026-03-08,USD,Sent,Paid,2.0,1817.1,1817.1,10.0,1009.5,10902.6,0,0,0,0,0,0,0,0,,0.0,0,60.0,1029,2.817248459958932,0.0,1.0,-807.6000000000004,1.08,0.0,1.0,0.0,0,15.0,16.2,-1.1999999999999993,0.3279727095516569,0.0,1.0029717682020802,0.8469539375928677,2026,2,6,4,1,2026,3,8,0.2182,21.82,0,No Revenue Leakage,LOW,0.0
TEST000310,CUST00469,"Mills, Sanchez and Robles",Enterprise,IT,East,UK,Lake Sharon,jeremylove@williams.com,+1-541-531-2840,2023-09-02,Active,Net 60,932487.0,Rahul Sharma,CON00090,Voice,Voice Basic,5.0,773.0,10355.0,0.0,18.0,Monthly,12.0,Platinum,10.0,2026.0,2071.0,2071.0,2175.0,1973.0,10355.0,2026-03-18,2026-04-17,EUR,Paid,Paid,1.0,1863.9,1863.9,0.0,0.0,12218.9,0,0,0,0,0,0,0,0,,0.0,0,60.0,1077,2.948665297741273,0.0,1.0,-1863.8999999999996,1.18,0.0,1.0,0.0,0,5.0,5.8999999999999995,-0.8999999999999995,2.679172056921087,0.0,1.0502172863351038,0.9526798647996138,2026,3,18,2,1,2026,4,17,0.0584,5.84,0,No Revenue Leakage,LOW,0.0
TEST000311,CUST00201,Sharp Inc,Government,Finance,North,USA,Port Brenda,phillipmorris@white.com,814.452.1117x518,2024-10-25,Inactive,Net 15,674712.0,Rahul Sharma,CON00074,SaaS,ERP,25.0,2081.0,60550.0,0.0,18.0,Quarterly,12.0,Silver,2.0,2026.0,2422.0,2422.0,2573.0,2404.0,60550.0,2026-04-06,2026-05-06,EUR,Sent,Pending,3.0,10899.0,10899.0,0.0,0.0,71449.0,0,0,0,0,0,0,0,1,Late Billing,3080.0,1,15.0,658,1.8015058179329226,0.0,1.0,-10899.0,1.18,0.0,1.0,0.0,0,25.0,29.5,-4.5,1.1638635271504085,0.0,1.0623451692815855,0.9925681255161024,2026,4,6,0,2,2026,5,6,0.2129,21.29,0,No Revenue Leakage,LOW,0.0
TEST000312,CUST00414,Bailey-Rios,Enterprise,Finance,North,USA,West David,hmendoza@jones.info,001-353-274-5843x845,2024-07-17,Active,Net 45,299430.0,Priya Nair,CON00127,SaaS,HRMS,25.0,1016.0,48150.0,0.0,18.0,Quarterly,12.0,Bronze,6.0,2026.0,1926.0,1926.0,2203.0,1826.0,48150.0,2026-06-17,2026-07-17,INR,Generated,Paid,1.0,8667.0,8667.0,0.0,0.0,43343.77,0,0,0,1,0,0,0,0,Wrong Pricing,13473.23,1,45.0,758,2.0752908966461328,0.0,1.0,4806.230000000003,0.9001821391484942,0.0,1.0,0.0,0,25.0,22.504553478712356,2.4954465212876435,1.8956692913385826,0.0,1.1438213914849429,0.9480789200415368,2026,6,17,2,2,2026,7,17,1.0,100.0,1,Revenue Leakage Detected,HIGH,4806.230000000003
TEST000313,CUST00091,Hall-Jones,Enterprise,Telecom,South,UK,Novakmouth,walterskristen@henry-kelly.biz,(829)761-9431x14262,2024-08-30,Inactive,Net 30,799074.0,John Thomas,CON00145,Cloud,Basic Cloud,20.0,1117.0,52520.0,15.0,18.0,Quarterly,24.0,Platinum,2.0,2026.0,2626.0,2626.0,2675.0,2496.0,52520.0,2025-10-14,2025-11-13,EUR,Sent,Paid,2.0,9453.6,9453.6,15.0,7878.0,54095.6,0,0,0,0,0,0,0,0,,0.0,0,30.0,714,1.9548254620123204,0.0,1.0,-1575.5999999999985,1.03,0.0,1.0,0.0,0,20.0,20.599999999999998,-0.5999999999999979,2.3509400179051028,0.0,1.0186595582635187,0.9504950495049505,2025,10,14,1,4,2025,11,13,0.2043,20.43,0,No Revenue Leakage,LOW,0.0
TEST000314,CUST00360,"Barber, Richardson and Barrera",Government,Manufacturing,West,Australia,South Hunterburgh,jacobhenry@white.com,(293)312-1637x6182,2024-10-23,Inactive,Net 30,678419.0,Priya Nair,CON00148,Security,Firewall,15.0,572.0,11265.0,10.0,18.0,Quarterly,36.0,Gold,6.0,2026.0,751.0,751.0,1024.0,730.0,11265.0,2025-10-07,2025-11-06,USD,Generated,Paid,2.0,2027.7,2027.7,10.0,1126.5,12166.2,0,0,0,0,0,0,0,0,,0.0,0,30.0,660,1.8069815195071868,0.0,1.0,-901.2000000000007,1.08,0.0,1.0,0.0,0,15.0,16.2,-1.1999999999999993,1.312937062937063,0.0,1.363515312916112,0.9720372836218375,2025,10,7,1,4,2025,11,6,0.0523,5.23,0,No Revenue Leakage,LOW,0.0
TEST000315,CUST00026,Sullivan and Sons,Retail,Manufacturing,North,UK,Elizabethstad,wtran@barajas-pierce.com,001-574-544-3135x182,2025-09-18,Suspended,Net 30,71959.0,John Thomas,CON00022,Voice,Voice Premium,5.0,612.0,10895.0,15.0,18.0,Yearly,24.0,Silver,3.0,2026.0,2179.0,2179.0,2393.0,2004.0,10895.0,2026-03-26,2026-04-25,USD,Generated,Paid,1.0,1961.1,1961.1,15.0,1634.25,8913.08,0,0,0,1,0,0,0,0,Wrong Pricing,2308.77,1,30.0,330,0.9034907597535934,0.0,1.0,1981.92,0.8180890316659017,0.0,1.0,0.0,0,5.0,4.0904451583295085,0.9095548416704915,3.560457516339869,0.0,1.0982101881597064,0.9196879302432308,2026,3,26,3,1,2026,4,25,0.9978,99.78,1,Revenue Leakage Detected,HIGH,1981.92
TEST000316,CUST00393,Mcgee and Sons,SMB,Education,South,Singapore,South Jacobtown,cstanley@baker-mcintosh.com,(763)326-8685x074,2022-01-05,Active,Net 15,982883.0,Rahul Sharma,CON00173,Security,Endpoint Security,15.0,1568.0,40410.0,0.0,18.0,Yearly,36.0,Platinum,5.0,2026.0,2694.0,2694.0,2822.0,2595.0,40410.0,2026-02-26,2026-03-28,INR,Sent,Overdue,3.0,7273.8,7273.8,0.0,0.0,47683.8,0,0,0,0,0,0,0,0,,0.0,0,15.0,1682,4.605065023956194,0.0,1.0,-7273.800000000003,1.1800000000000002,0.0,1.0,0.0,0,15.0,17.700000000000003,-2.700000000000003,1.718112244897959,0.0,1.0475129918337045,0.9632516703786191,2026,2,26,3,1,2026,3,28,0.0492,4.92,0,No Revenue Leakage,LOW,0.0
TEST000317,CUST00029,Evans-Chapman,Retail,Education,East,USA,Torreston,mezajared@baker.com,928.612.0679,2021-11-15,Suspended,Net 15,641460.0,Rahul Sharma,CON00190,SaaS,ERP,25.0,2604.0,63500.0,15.0,18.0,Quarterly,24.0,Gold,12.0,2026.0,2540.0,2540.0,2806.0,2400.0,63500.0,2025-10-28,2025-11-27,EUR,Generated,Paid,1.0,11430.0,11430.0,15.0,9525.0,65405.0,0,0,0,0,0,1,0,0,Duplicate Invoice,65405.0,1,15.0,1733,4.744695414099931,0.0,1.0,-1905.0,1.03,0.0,1.0,0.0,0,25.0,25.75,-0.75,0.9754224270353302,0.0,1.104724409448819,0.9448818897637795,2025,10,28,1,4,2025,11,27,0.0619,6.19,0,No Revenue Leakage,LOW,0.0
TEST000318,CUST00323,Ramirez Ltd,Government,Healthcare,West,UK,New Latoyachester,karen35@allen-ryan.com,+1-439-568-5270x17130,2022-08-31,Inactive,Net 15,208285.0,Sneha Patel,CON00093,Voice,Voice Basic,5.0,604.0,13170.0,0.0,18.0,Quarterly,12.0,Bronze,12.0,2026.0,2634.0,2634.0,2720.0,2571.0,13170.0,2026-01-24,2026-02-23,INR,Generated,Pending,1.0,2370.6,2370.6,0.0,0.0,15540.6,0,0,0,0,0,0,0,0,,0.0,0,15.0,1444,3.9534565366187544,0.0,1.0,-2370.6000000000004,1.18,0.0,1.0,0.0,0,5.0,5.9,-0.9000000000000004,4.360927152317881,0.0,1.0326499620349279,0.9760820045558086,2026,1,24,5,1,2026,2,23,0.044,4.4,0,No Revenue Leakage,LOW,0.0
TEST000319,CUST00111,"Hines, Santos and Day",Enterprise,Telecom,South,India,Hollybury,sanchezsandy@chavez.com,721-402-0275x8842,2023-11-19,Active,Net 60,944751.0,Priya Nair,CON00144,SaaS,HRMS,25.0,582.0,28100.0,0.0,18.0,Quarterly,12.0,Platinum,8.0,2026.0,1124.0,1124.0,1405.0,1094.0,28100.0,2026-04-08,2026-05-08,USD,Paid,Overdue,1.0,5058.0,5058.0,0.0,0.0,33158.0,0,0,0,0,0,0,0,0,,0.0,0,60.0,999,2.735112936344969,0.0,1.0,-5058.0,1.18,0.0,1.0,0.0,0,25.0,29.5,-4.5,1.9312714776632303,0.0,1.25,0.9733096085409253,2026,4,8,2,2,2026,5,8,0.1706,17.06,0,No Revenue Leakage,LOW,0.0
TEST000320,CUST00234,"Patterson, Salas and Wright",Enterprise,Finance,West,Australia,Rileyshire,robinvillanueva@baird-williams.info,001-280-868-6717x7318,2023-06-14,Inactive,Net 15,134082.0,Priya Nair,CON00093,Voice,Voice Basic,5.0,604.0,10105.0,0.0,18.0,Quarterly,12.0,Bronze,8.0,2026.0,2021.0,2021.0,2195.0,1885.0,10105.0,2025-12-17,2026-01-16,USD,Sent,Overdue,3.0,1818.9,1818.9,0.0,0.0,11923.9,0,0,0,0,0,0,0,0,,0.0,0,15.0,1157,3.167693360711841,0.0,1.0,-1818.8999999999996,1.18,0.0,1.0,0.0,0,5.0,5.8999999999999995,-0.8999999999999995,3.346026490066225,0.0,1.0860959920831272,0.9327065809005443,2025,12,17,2,4,2026,1,16,0.0625,6.25,0,No Revenue Leakage,LOW,0.0
TEST000321,CUST00309,"Johnson, Robinson and Harris",SMB,Manufacturing,East,Singapore,South Jeffery,koneal@walls.com,+1-212-914-7853,2025-12-14,Suspended,Net 45,470182.0,Priya Nair,CON00059,Security,SOC,15.0,2205.0,33945.0,10.0,18.0,Yearly,36.0,Silver,10.0,2026.0,2263.0,2263.0,2486.0,2236.0,33945.0,2026-02-03,2026-03-05,INR,Sent,Overdue,3.0,6110.1,6110.1,10.0,3394.5,36660.6,0,0,0,0,0,0,0,0,,0.0,0,45.0,243,0.6652977412731006,0.0,1.0,-2715.5999999999985,1.0799999999999998,0.0,1.0,0.0,0,15.0,16.2,-1.1999999999999993,1.0263038548752834,0.0,1.0985417587273532,0.9880689350419797,2026,2,3,1,1,2026,3,5,0.0692,6.92,0,No Revenue Leakage,LOW,0.0
TEST000322,CUST00359,Galloway-Garrett,SMB,Manufacturing,North,Singapore,Port Michaelview,jonathansmith@irwin.com,001-464-998-3735x4396,2023-07-26,Active,Net 45,513547.0,John Thomas,CON00192,Security,Firewall,15.0,1184.0,21915.0,5.0,18.0,Quarterly,12.0,Bronze,11.0,2026.0,1461.0,1461.0,1657.0,1340.0,21915.0,2026-03-29,2026-04-28,USD,Generated,Overdue,2.0,3944.7,3944.7,5.0,1095.75,24763.95,0,0,0,0,0,0,0,0,,0.0,0,45.0,1115,3.052703627652293,0.0,1.0,-2848.9500000000007,1.1300000000000001,0.0,1.0,0.0,0,15.0,16.95,-1.9499999999999993,1.2339527027027026,0.0,1.1341546885694729,0.917180013689254,2026,3,29,6,1,2026,4,28,0.1664,16.64,0,No Revenue Leakage,LOW,0.0
TEST000323,CUST00199,Christian Group,Government,Logistics,West,Australia,Taylorborough,antonioduran@schaefer.com,001-233-812-7975x7366,2024-04-04,Active,Net 30,811379.0,Arjun Kumar,CON00002,Voice,Voice Premium,5.0,1939.0,11790.0,0.0,18.0,Yearly,24.0,Silver,8.0,2026.0,2358.0,2358.0,2531.0,2333.0,11790.0,2025-11-07,2025-12-07,INR,Paid,Paid,3.0,2122.2,2122.2,0.0,0.0,13912.2,0,0,0,0,0,0,0,0,,0.0,0,30.0,862,2.3600273785078714,0.0,1.0,-2122.2000000000007,1.1800000000000002,0.0,1.0,0.0,0,5.0,5.9,-0.9000000000000004,1.2160907684373388,0.0,1.0733672603901612,0.9893977947413062,2025,11,7,4,4,2025,12,7,0.0203,2.03,0,No Revenue Leakage,LOW,0.0
TEST000324,CUST00219,Johnson PLC,Enterprise,IT,South,India,Jessicashire,bryan79@berry.com,001-690-647-1281x4429,2023-10-13,Suspended,Net 15,608221.0,Priya Nair,CON00084,Voice,Voice Basic,5.0,686.0,11480.0,15.0,18.0,Quarterly,12.0,Silver,3.0,2026.0,2296.0,2296.0,2512.0,2160.0,11480.0,2026-04-29,2026-05-29,EUR,Paid,Overdue,2.0,2066.4,2066.4,15.0,1722.0,11824.4,0,0,0,0,0,0,0,0,,0.0,0,15.0,1036,2.836413415468857,0.0,1.0,-344.39999999999964,1.03,0.0,1.0,0.0,0,5.0,5.1499999999999995,-0.14999999999999947,3.3469387755102042,0.0,1.0940766550522647,0.9407665505226481,2026,4,29,2,2,2026,5,29,0.0867,8.67,0,No Revenue Leakage,LOW,0.0
TEST000325,CUST00430,Walters Inc,Government,Logistics,West,USA,North Ryan,ngrant@thompson.biz,+1-793-957-8243x4776,2024-02-09,Inactive,Net 60,472355.0,Arjun Kumar,CON00123,Voice,Voice Basic,5.0,1981.0,5925.0,0.0,18.0,Yearly,36.0,Platinum,2.0,2026.0,1185.0,984.0,1441.0,1015.0,5925.0,2026-05-12,2026-06-11,EUR,Paid,Overdue,3.0,1066.5,1066.5,0.0,0.0,5986.5,0,1,0,0,0,0,0,0,Usage Mismatch,1005.0,1,60.0,917,2.510609171800137,201.0,0.830379746835443,-61.5,1.010379746835443,0.0,1.0,0.0,0,5.0,6.083841463414634,-1.0838414634146343,0.5981827359919233,0.0,1.2160337552742615,0.8565400843881856,2026,5,12,1,2,2026,6,11,0.9999,99.99,1,Revenue Leakage Detected,HIGH,0.0
TEST000326,CUST00403,Cunningham-Vaughn,Enterprise,Healthcare,North,Australia,North Joyhaven,mileszachary@yang.com,340-579-3110x2918,2023-05-02,Inactive,Net 15,795466.0,Sneha Patel,CON00087,Internet,Fiber 1000,10.0,848.0,23650.0,10.0,18.0,Monthly,36.0,Bronze,10.0,2026.0,2365.0,2365.0,2641.0,2242.0,23650.0,2025-09-04,2025-10-04,INR,Paid,Paid,1.0,4257.0,4257.0,10.0,2365.0,22501.7,0,0,0,0,1,0,0,0,Missing Charge,3040.3,1,15.0,1200,3.2854209445585214,0.0,1.0,1148.2999999999993,0.951446088794926,0.0,1.0,0.0,0,10.0,9.51446088794926,0.4855391120507395,2.7889150943396226,0.0,1.1167019027484144,0.9479915433403806,2025,9,4,3,3,2025,10,4,0.9996,99.96,1,Revenue Leakage Detected,HIGH,1148.2999999999993
TEST000327,CUST00387,Smith Ltd,SMB,Healthcare,North,USA,Lake Markmouth,rachel81@campbell-lewis.com,784-591-9665,2023-04-10,Active,Net 60,810109.0,John Thomas,CON00056,Voice,Voice Basic,5.0,2658.0,5155.0,5.0,18.0,Monthly,36.0,Platinum,7.0,2026.0,1031.0,1031.0,1138.0,864.0,5155.0,2026-03-09,2026-04-08,USD,Generated,Paid,1.0,927.9,927.9,5.0,257.75,5300.92,0,0,0,0,1,0,0,0,Missing Charge,524.23,1,60.0,1222,3.345653661875428,0.0,1.0,-145.92000000000007,1.0283064985451018,0.0,1.0,0.0,0,5.0,5.141532492725509,-0.14153249272550905,0.38788562829194884,0.0,1.1037827352085354,0.8380213385063046,2026,3,9,0,1,2026,4,8,0.9977,99.77,1,Revenue Leakage Detected,HIGH,0.0
TEST000328,CUST00424,Fisher-Lucero,Government,Education,West,Singapore,Chenborough,nancysmith@barnes.info,001-712-406-0212x8866,2025-01-06,Inactive,Net 45,499916.0,Rahul Sharma,CON00139,Internet,Fiber 300,10.0,1657.0,22260.0,10.0,18.0,Yearly,36.0,Silver,1.0,2026.0,2226.0,2226.0,2351.0,2114.0,22260.0,2026-01-11,2026-02-10,USD,Generated,Overdue,3.0,4006.8,4006.8,10.0,2226.0,18826.23,0,0,0,1,0,0,0,0,Wrong Pricing,5214.57,1,45.0,585,1.6016427104722792,0.0,1.0,3433.7700000000004,0.8457425876010781,0.0,1.0,0.0,0,10.0,8.457425876010781,1.542574123989219,1.3433916716958358,0.0,1.0561545372866128,0.949685534591195,2026,1,11,6,1,2026,2,10,0.9995,99.95,1,Revenue Leakage Detected,HIGH,3433.7700000000004
TEST000329,CUST00484,Moore Inc,Retail,Education,West,USA,Phyllisland,hmcneil@marshall-perry.net,329.904.7742x585,2025-10-15,Active,Net 15,734029.0,Arjun Kumar,CON00168,SaaS,ERP,25.0,1700.0,21700.0,5.0,18.0,Quarterly,24.0,Gold,1.0,2026.0,868.0,868.0,1059.0,765.0,21700.0,2025-08-22,2025-09-21,USD,Generated,Paid,1.0,3906.0,3906.0,5.0,1085.0,24521.0,0,0,0,0,0,0,0,0,,0.0,0,15.0,303,0.8295687885010267,0.0,1.0,-2821.0,1.13,0.0,1.0,0.0,0,25.0,28.25,-3.25,0.5105882352941177,0.0,1.2200460829493087,0.881336405529954,2025,8,22,4,3,2025,9,21,0.1291,12.91,0,No Revenue Leakage,LOW,0.0
TEST000330,CUST00268,Wood Ltd,SMB,Telecom,West,USA,Millerfort,monicamccann@mcdaniel-reeves.biz,001-294-211-8005x3759,2023-10-03,Inactive,Net 60,456845.0,John Thomas,CON00064,Security,Endpoint Security,15.0,988.0,23340.0,0.0,18.0,Quarterly,12.0,Silver,6.0,2026.0,1556.0,1556.0,1631.0,1519.0,23340.0,2025-10-23,2025-11-22,USD,Sent,Overdue,2.0,4201.2,3662.0348646809343,0.0,0.0,27002.03,1,0,0,0,0,0,0,0,Missing GST,539.17,1,60.0,1046,2.863791923340178,0.0,1.0,-3662.029999999999,1.1568993144815767,539.1651353190655,0.8716640161575109,0.0,0,15.0,17.35348971722365,-2.353489717223649,1.5748987854251013,0.0,1.0482005141388175,0.9762210796915167,2025,10,23,3,4,2025,11,22,0.9981,99.81,1,Revenue Leakage Detected,HIGH,0.0
TEST000331,CUST00055,"Warner, Valentine and Osborn",Enterprise,Healthcare,South,Australia,Lake Ellenhaven,andrew42@peterson.com,222.714.1888,2022-09-17,Inactive,Net 45,492905.0,John Thomas,CON00097,SaaS,CRM,25.0,2679.0,59350.0,10.0,18.0,Quarterly,24.0,Platinum,1.0,2026.0,2374.0,2374.0,2450.0,2270.0,59350.0,2026-04-17,2026-05-17,USD,Generated,Pending,2.0,10683.0,10683.0,10.0,5935.0,64098.0,0,0,0,0,0,0,0,0,,0.0,0,45.0,1427,3.9069130732375084,0.0,1.0,-4748.0,1.08,0.0,1.0,0.0,0,25.0,27.0,-2.0,0.8861515490854797,0.0,1.0320134793597304,0.9561920808761584,2026,4,17,4,2,2026,5,17,0.0122,1.22,0,No Revenue Leakage,LOW,0.0
TEST000332,CUST00290,Olson-Collins,Retail,Finance,North,India,Mcculloughfurt,mdavenport@gill.info,001-277-925-1996x63658,2023-12-15,Suspended,Net 45,267285.0,Sneha Patel,CON00140,Cloud,Basic Cloud,20.0,1244.0,53980.0,10.0,18.0,Yearly,24.0,Platinum,3.0,2026.0,2699.0,2699.0,2717.0,2533.0,53980.0,2026-08-01,2026-08-31,INR,Sent,Overdue,2.0,9716.4,9716.4,10.0,5398.0,58298.4,0,0,0,0,0,0,0,0,,0.0,0,45.0,973,2.6639288158795345,0.0,1.0,-4318.4000000000015,1.08,0.0,1.0,0.0,0,20.0,21.6,-1.6000000000000014,2.169614147909968,0.0,1.0066691367173026,0.9384957391626528,2026,8,1,5,3,2026,8,31,0.0188,1.88,0,No Revenue Leakage,LOW,0.0
TEST000333,CUST00025,"Bishop, Gray and Johnson",Government,Telecom,North,India,Hunterborough,lauren54@haynes.com,236-378-3777,2024-02-06,Active,Net 15,504589.0,Rahul Sharma,CON00116,SaaS,ERP,25.0,1863.0,55400.0,15.0,18.0,Monthly,24.0,Gold,11.0,2026.0,2216.0,2216.0,2235.0,2087.0,55400.0,2025-10-15,2025-11-14,USD,Paid,Overdue,3.0,9972.0,9972.0,15.0,8310.0,57062.0,0,0,0,0,0,0,0,0,,0.0,0,15.0,920,2.518822724161533,0.0,1.0,-1662.0,1.03,0.0,1.0,0.0,0,25.0,25.75,-0.75,1.1894793344068706,0.0,1.0085740072202165,0.9417870036101083,2025,10,15,2,4,2025,11,14,0.0228,2.28,0,No Revenue Leakage,LOW,0.0
TEST000334,CUST00338,Clark Ltd,Enterprise,Logistics,South,Australia,Lake Denise,jessica91@floyd.biz,+1-820-515-7201x85962,2021-11-19,Inactive,Net 15,609873.0,John Thomas,CON00187,Security,Firewall,15.0,1004.0,20850.0,5.0,18.0,Monthly,12.0,Gold,6.0,2026.0,1390.0,1390.0,1671.0,1231.0,20850.0,2025-08-26,2025-09-25,INR,Paid,Paid,2.0,3753.0,3753.0,5.0,1042.5,23560.5,0,0,0,0,0,0,0,0,,0.0,0,15.0,1729,4.733744010951403,0.0,1.0,-2710.5,1.13,0.0,1.0,0.0,0,15.0,16.95,-1.9499999999999993,1.3844621513944224,0.0,1.202158273381295,0.8856115107913669,2025,8,26,1,3,2025,9,25,0.1055,10.55,0,No Revenue Leakage,LOW,0.0
TEST000335,CUST00188,"Cruz, Lee and Sandoval",Retail,Finance,South,Singapore,New Kara,xreese@ray.biz,922-786-8528,2024-04-11,Active,Net 30,491501.0,John Thomas,CON00182,SaaS,CRM,25.0,1355.0,24925.0,5.0,18.0,Monthly,36.0,Gold,3.0,2026.0,997.0,997.0,1094.0,936.0,24925.0,2026-04-17,2026-05-17,INR,Sent,Paid,1.0,4486.5,4486.5,5.0,1246.25,28165.25,0,0,0,0,0,0,0,0,,0.0,0,30.0,855,2.3408624229979464,0.0,1.0,-3240.25,1.13,0.0,1.0,0.0,0,25.0,28.25,-3.25,0.7357933579335794,0.0,1.0972918756268806,0.9388164493480441,2026,4,17,4,2,2026,5,17,0.1877,18.77,0,No Revenue Leakage,LOW,0.0
TEST000336,CUST00052,"Snyder, Webster and Wolf",Retail,Healthcare,West,USA,Maldonadoshire,michelle52@jones-ramos.com,690-358-1477x005,2022-05-13,Active,Net 30,563758.0,Priya Nair,CON00029,Internet,Fiber 300,10.0,1536.0,19140.0,15.0,18.0,Yearly,24.0,Gold,4.0,2026.0,1914.0,1914.0,2169.0,1829.0,19140.0,2026-03-08,2026-04-07,USD,Sent,Paid,3.0,3445.2,3445.2,15.0,2871.0,19714.2,0,0,0,0,0,0,0,0,,0.0,0,30.0,1554,4.254620123203286,0.0,1.0,-574.2000000000007,1.03,0.0,1.0,0.0,0,10.0,10.3,-0.3000000000000007,1.24609375,0.0,1.1332288401253918,0.9555903866248694,2026,3,8,6,1,2026,4,7,0.0489,4.89,0,No Revenue Leakage,LOW,0.0
TEST000337,CUST00436,Farmer-Klein,Retail,Telecom,South,USA,Walkertown,cwise@woods-rodriguez.com,921-518-2379x31269,2022-02-05,Suspended,Net 45,582726.0,John Thomas,CON00021,Voice,Voice Premium,5.0,556.0,11035.0,5.0,18.0,Yearly,24.0,Gold,5.0,2026.0,2207.0,2207.0,2246.0,2191.0,11035.0,2026-08-05,2026-09-04,USD,Sent,Pending,1.0,1986.3,1986.3,5.0,551.75,12469.55,0,0,0,0,0,0,0,0,,0.0,0,45.0,1651,4.520191649555099,0.0,1.0,-1434.5499999999993,1.13,0.0,1.0,0.0,0,5.0,5.6499999999999995,-0.6499999999999995,3.9694244604316546,0.0,1.0176710466696874,0.9927503398278206,2026,8,5,2,3,2026,9,4,0.1447,14.47,0,No Revenue Leakage,LOW,0.0
TEST000338,CUST00490,Fischer and Sons,Retail,IT,West,USA,South Lynn,petermoore@myers-lee.com,934-426-1923,2023-12-09,Active,Net 45,118803.0,Sneha Patel,CON00133,Security,SOC,15.0,2488.0,39945.0,5.0,18.0,Quarterly,12.0,Platinum,10.0,2026.0,2663.0,2663.0,2746.0,2547.0,39945.0,2026-06-30,2026-07-30,USD,Paid,Pending,1.0,7190.1,7190.1,5.0,1997.25,45137.85,0,0,0,0,0,0,0,0,,0.0,0,45.0,979,2.6803559206023273,0.0,1.0,-5192.8499999999985,1.13,0.0,1.0,0.0,0,15.0,16.95,-1.9499999999999993,1.0703376205787782,0.0,1.0311678558017274,0.9564401051445738,2026,6,30,1,2,2026,7,30,0.0898,8.98,0,No Revenue Leakage,LOW,0.0
TEST000339,CUST00177,"Adams, Newman and Nelson",SMB,IT,South,UK,Normanstad,lgutierrez@martinez.com,001-313-326-1117x8006,2023-10-30,Suspended,Net 30,996369.0,Arjun Kumar,CON00092,Internet,Fiber 300,10.0,1927.0,13790.0,15.0,18.0,Yearly,12.0,Silver,11.0,2026.0,1379.0,1379.0,1577.0,1370.0,13790.0,2025-08-27,2025-09-26,EUR,Sent,Overdue,2.0,2482.2,2482.2,15.0,2068.5,11343.93,0,0,0,1,0,0,0,0,Wrong Pricing,2859.77,1,30.0,1019,2.7898699520876113,0.0,1.0,2446.0699999999997,0.8226200145032633,0.0,1.0,0.0,0,10.0,8.226200145032633,1.7737998549673666,0.7156201349247535,0.0,1.1435823060188541,0.9934735315445975,2025,8,27,2,3,2025,9,26,0.9982,99.82,1,Revenue Leakage Detected,HIGH,2446.0699999999997
TEST000340,CUST00056,"Bennett, Martin and Guerra",SMB,IT,West,Australia,Lake Samuel,udiaz@montes.com,001-873-483-4735x97746,2023-04-18,Inactive,Net 45,270984.0,Arjun Kumar,CON00122,Cloud,Basic Cloud,20.0,889.0,44700.0,15.0,18.0,Monthly,36.0,Platinum,2.0,2026.0,2235.0,2235.0,2476.0,2115.0,44700.0,2026-01-31,2026-03-02,EUR,Paid,Overdue,2.0,8046.0,8046.0,30.0,13410.0,39336.0,0,0,1,0,0,0,0,0,Extra Discount,6705.0,1,45.0,1214,3.323750855578371,0.0,1.0,5364.0,0.88,0.0,1.0,-15.0,1,20.0,17.6,2.3999999999999986,2.514060742407199,0.0,1.1078299776286353,0.9463087248322147,2026,1,31,5,1,2026,3,2,0.9995,99.95,1,Revenue Leakage Detected,HIGH,5364.0
TEST000341,CUST00430,Walters Inc,Government,Logistics,West,USA,North Ryan,ngrant@thompson.biz,+1-793-957-8243x4776,2024-02-09,Inactive,Net 60,472355.0,Arjun Kumar,CON00106,Security,Endpoint Security,15.0,2488.0,21255.0,0.0,18.0,Yearly,12.0,Silver,10.0,2026.0,1417.0,1417.0,1710.0,1375.0,21255.0,2026-07-12,2026-08-11,EUR,Generated,Overdue,2.0,3825.9,3825.9,0.0,0.0,25080.9,0,0,0,0,0,0,0,0,,0.0,0,60.0,917,2.510609171800137,0.0,1.0,-3825.9000000000015,1.1800000000000002,0.0,1.0,0.0,0,15.0,17.7,-2.6999999999999993,0.5695337620578779,0.0,1.206774876499647,0.9703599153140438,2026,7,12,6,3,2026,8,11,0.0101,1.01,0,No Revenue Leakage,LOW,0.0
TEST000342,CUST00034,"Romero, Suarez and Shields",Government,IT,North,Singapore,Kendrachester,sarah84@campbell.org,001-872-978-7558,2024-05-01,Suspended,Net 30,101663.0,Sneha Patel,CON00036,Security,Firewall,15.0,1994.0,32940.0,15.0,18.0,Quarterly,36.0,Platinum,1.0,2026.0,2196.0,2196.0,2252.0,2145.0,32940.0,2026-05-29,2026-06-28,INR,Paid,Paid,1.0,5929.2,5929.2,15.0,4941.0,33928.2,0,0,0,0,0,0,0,0,,0.0,0,30.0,835,2.2861054072553046,0.0,1.0,-988.1999999999971,1.0299999999999998,0.0,1.0,0.0,0,15.0,15.45,-0.4499999999999993,1.1013039117352057,0.0,1.0255009107468125,0.976775956284153,2026,5,29,4,2,2026,6,28,0.0664,6.64,0,No Revenue Leakage,LOW,0.0
TEST000343,CUST00060,Reid LLC,Retail,Manufacturing,North,Australia,Juliestad,cooperjessica@garcia.com,3589527722,2021-11-28,Active,Net 45,661523.0,Sneha Patel,CON00165,Voice,Voice Basic,5.0,2119.0,4075.0,10.0,18.0,Yearly,36.0,Platinum,5.0,2026.0,815.0,815.0,926.0,784.0,4075.0,2026-04-14,2026-05-14,EUR,Generated,Pending,3.0,733.5,733.5,10.0,407.5,4401.0,0,0,0,0,0,0,0,0,,0.0,0,45.0,1720,4.7091033538672145,0.0,1.0,-326.0,1.08,0.0,1.0,0.0,0,5.0,5.4,-0.40000000000000036,0.38461538461538464,0.0,1.136196319018405,0.9619631901840491,2026,4,14,1,2,2026,5,14,0.0219,2.19,0,No Revenue Leakage,LOW,0.0
TEST000344,CUST00482,Key Inc,SMB,Education,South,UK,Liutown,jessica50@boone.org,5286227009,2024-10-03,Inactive,Net 15,155848.0,Arjun Kumar,CON00145,Cloud,Basic Cloud,20.0,1117.0,30000.0,15.0,18.0,Quarterly,24.0,Platinum,5.0,2026.0,1500.0,1500.0,1530.0,1380.0,30000.0,2025-10-21,2025-11-20,INR,Sent,Pending,3.0,5400.0,5400.0,15.0,4500.0,30900.0,0,0,0,0,0,0,0,0,,0.0,0,15.0,680,1.8617385352498288,0.0,1.0,-900.0,1.03,0.0,1.0,0.0,0,20.0,20.6,-0.6000000000000014,1.3428827215756491,0.0,1.02,0.92,2025,10,21,1,4,2025,11,20,0.0804,8.04,0,No Revenue Leakage,LOW,0.0
TEST000345,CUST00092,Davis LLC,Enterprise,Manufacturing,South,Singapore,Wardview,andersonjacob@hawkins-hunt.com,2156819956,2025-02-11,Inactive,Net 30,80355.0,Arjun Kumar,CON00013,Cloud,Business Cloud,20.0,898.0,29220.0,10.0,18.0,Yearly,36.0,Platinum,12.0,2026.0,1461.0,1461.0,1486.0,1382.0,29220.0,2026-02-12,2026-03-14,INR,Paid,Paid,2.0,5259.6,5259.6,10.0,2922.0,25495.7,0,0,0,1,0,0,0,0,Wrong Pricing,6061.9,1,30.0,549,1.5030800821355237,0.0,1.0,3724.2999999999993,0.8725427789185489,0.0,1.0,0.0,0,20.0,17.45085557837098,2.5491444216290198,1.6269487750556793,0.0,1.0171115674195756,0.945927446954141,2026,2,12,3,1,2026,3,14,0.9995,99.95,1,Revenue Leakage Detected,HIGH,3724.2999999999993
TEST000346,CUST00426,Romero PLC,Retail,Education,East,Singapore,Shirleyville,kennethpeterson@holmes.biz,756-352-2036x8499,2024-07-20,Active,Net 30,91971.0,John Thomas,CON00166,SaaS,CRM,25.0,2859.0,28650.0,5.0,18.0,Yearly,36.0,Bronze,4.0,2026.0,1146.0,1146.0,1323.0,1024.0,28650.0,2026-05-12,2026-06-11,USD,Generated,Pending,2.0,5157.0,5157.0,5.0,1432.5,32374.5,0,0,0,0,0,1,0,0,Duplicate Invoice,32374.5,1,30.0,755,2.0670773442847366,0.0,1.0,-3724.5,1.13,0.0,1.0,0.0,0,25.0,28.25,-3.25,0.40083945435466944,0.0,1.1544502617801047,0.893542757417103,2026,5,12,1,2,2026,6,11,0.166,16.6,0,No Revenue Leakage,LOW,0.0
TEST000347,CUST00100,"Anderson, Wilson and Torres",Retail,Telecom,North,USA,West Heather,ibarnes@reyes.com,+1-227-742-2579,2021-09-04,Inactive,Net 60,396809.0,Arjun Kumar,CON00133,Security,SOC,15.0,2488.0,9585.0,5.0,18.0,Quarterly,12.0,Platinum,6.0,2026.0,639.0,639.0,805.0,447.0,9585.0,2026-04-29,2026-05-29,USD,Generated,Pending,1.0,1725.3,1725.3,5.0,479.25,10831.05,0,0,0,0,0,0,0,0,,0.0,0,60.0,1805,4.941820670773443,0.0,1.0,-1246.0499999999993,1.13,0.0,1.0,0.0,0,15.0,16.95,-1.9499999999999993,0.25683279742765275,0.0,1.2597809076682316,0.6995305164319249,2026,4,29,2,2,2026,5,29,0.0285,2.85,0,No Revenue Leakage,LOW,0.0
TEST000348,CUST00104,Ray LLC,Retail,Manufacturing,East,India,Brooksland,powellkara@mayer.com,001-801-575-1863,2025-10-21,Inactive,Net 30,528007.0,Priya Nair,CON00093,Voice,Voice Basic,5.0,604.0,2685.0,0.0,18.0,Quarterly,12.0,Bronze,3.0,2026.0,537.0,362.0,716.0,469.0,2685.0,2026-07-15,2026-08-14,USD,Paid,Pending,3.0,483.3,483.3,0.0,0.0,2293.3,0,1,0,0,0,0,0,0,Usage Mismatch,875.0,1,30.0,297,0.813141683778234,175.0,0.6741154562383612,391.6999999999998,0.8541154562383614,0.0,1.0,0.0,0,5.0,6.335082872928178,-1.3350828729281776,0.8890728476821192,0.0,1.3333333333333333,0.8733705772811918,2026,7,15,2,3,2026,8,14,0.9988,99.88,1,Revenue Leakage Detected,HIGH,391.6999999999998
TEST000349,CUST00445,Walsh-Brown,Government,Logistics,South,India,Port Amyborough,cookemily@hurst-jackson.org,001-458-906-6013x8241,2021-12-22,Active,Net 60,741958.0,John Thomas,CON00063,Cloud,Enterprise Cloud,20.0,1979.0,41440.0,0.0,18.0,Quarterly,12.0,Gold,3.0,2026.0,2072.0,2072.0,2099.0,1886.0,41440.0,2025-08-16,2025-09-15,EUR,Generated,Pending,2.0,7459.2,7459.2,0.0,0.0,48899.2,0,0,0,0,0,1,0,0,Duplicate Invoice,48899.2,1,60.0,1696,4.643394934976044,0.0,1.0,-7459.199999999997,1.18,0.0,1.0,0.0,0,20.0,23.599999999999998,-3.599999999999998,1.0469934310257707,0.0,1.013030888030888,0.9102316602316602,2025,8,16,5,3,2025,9,15,0.0571,5.71,0,No Revenue Leakage,LOW,0.0
TEST000350,CUST00240,Franco Ltd,SMB,Logistics,East,USA,East John,chaneyautumn@green-lopez.net,001-205-852-5782x841,2025-11-04,Inactive,Net 30,239004.0,Sneha Patel,CON00025,Cloud,Business Cloud,20.0,913.0,11020.0,10.0,18.0,Quarterly,24.0,Gold,6.0,2026.0,551.0,551.0,627.0,459.0,11020.0,2025-09-28,2025-10-28,INR,Paid,Paid,3.0,1983.6,1983.6,10.0,1102.0,11901.6,0,0,0,0,0,0,0,0,,0.0,0,30.0,283,0.7748117727583846,0.0,1.0,-881.6000000000004,1.08,0.0,1.0,0.0,0,20.0,21.6,-1.6000000000000014,0.6035049288061336,0.0,1.1379310344827587,0.8330308529945554,2025,9,28,6,3,2025,10,28,0.0527,5.27,0,No Revenue Leakage,LOW,0.0
TEST000351,CUST00066,"Jones, Owens and Holmes",Government,Logistics,North,Australia,Port Kimberly,katrinaanderson@bartlett.com,422-653-5841x4384,2026-02-18,Suspended,Net 45,790427.0,Priya Nair,CON00125,Voice,Voice Premium,5.0,1094.0,14475.0,10.0,18.0,Quarterly,36.0,Platinum,12.0,2026.0,2895.0,2895.0,2996.0,2778.0,14475.0,2026-04-16,2026-05-16,EUR,Generated,Overdue,1.0,2605.5,2605.5,10.0,1447.5,15633.0,0,0,0,0,0,0,0,0,,0.0,0,45.0,177,0.48459958932238195,0.0,1.0,-1158.0,1.08,0.0,1.0,0.0,0,5.0,5.4,-0.40000000000000036,2.6462522851919563,0.0,1.0348877374784111,0.9595854922279793,2026,4,16,3,2,2026,5,16,0.0176,1.76,0,No Revenue Leakage,LOW,0.0
TEST000352,CUST00359,Galloway-Garrett,SMB,Manufacturing,North,Singapore,Port Michaelview,jonathansmith@irwin.com,001-464-998-3735x4396,2023-07-26,Active,Net 45,513547.0,John Thomas,CON00013,Cloud,Business Cloud,20.0,898.0,57360.0,10.0,18.0,Yearly,36.0,Platinum,11.0,2026.0,2868.0,2868.0,3043.0,2824.0,57360.0,2026-03-02,2026-04-01,USD,Generated,Overdue,1.0,10324.8,10324.8,10.0,5736.0,61948.8,0,0,0,0,0,0,0,0,,0.0,0,45.0,1115,3.052703627652293,0.0,1.0,-4588.800000000003,1.08,0.0,1.0,0.0,0,20.0,21.6,-1.6000000000000014,3.1937639198218264,0.0,1.0610181311018132,0.9846582984658299,2026,3,2,0,1,2026,4,1,0.0204,2.04,0,No Revenue Leakage,LOW,0.0
TEST000353,CUST00344,Jones-Bowman,Government,Finance,East,USA,Reginaview,mistyperez@garcia.biz,712-684-9718,2026-04-15,Inactive,Net 60,236321.0,Priya Nair,CON00179,Cloud,Enterprise Cloud,20.0,518.0,52320.0,10.0,18.0,Quarterly,12.0,Platinum,7.0,2026.0,2616.0,2616.0,2656.0,2469.0,52320.0,2025-11-01,2025-12-01,EUR,Paid,Pending,1.0,9417.6,9417.6,10.0,5232.0,56505.6,0,0,0,0,0,0,0,1,Late Billing,2277.0,1,60.0,121,0.33127994524298426,0.0,1.0,-4185.5999999999985,1.08,0.0,1.0,0.0,0,20.0,21.599999999999998,-1.5999999999999979,5.05019305019305,0.0,1.0152905198776758,0.9438073394495413,2025,11,1,5,4,2025,12,1,0.1464,14.64,0,No Revenue Leakage,LOW,0.0
TEST000354,CUST00332,Montgomery-Hopkins,Retail,Education,West,USA,Robertsonborough,andersensusan@smith-ward.com,001-857-639-7691x5671,2023-04-04,Active,Net 15,885036.0,Rahul Sharma,CON00079,Voice,Voice Premium,5.0,1855.0,11150.0,10.0,18.0,Monthly,24.0,Bronze,1.0,2026.0,2230.0,2230.0,2464.0,2132.0,11150.0,2026-06-10,2026-07-10,USD,Paid,Pending,3.0,2007.0,2007.0,10.0,1115.0,12042.0,0,0,0,0,0,1,0,0,Duplicate Invoice,12042.0,1,15.0,1228,3.36208076659822,0.0,1.0,-892.0,1.08,0.0,1.0,0.0,0,5.0,5.4,-0.40000000000000036,1.202156334231806,0.0,1.104932735426009,0.9560538116591928,2026,6,10,2,2,2026,7,10,0.0624,6.24,0,No Revenue Leakage,LOW,0.0
TEST000355,CUST00014,Clark-Wright,Enterprise,IT,East,India,West Kimberlychester,sarayoung@cherry.biz,2259634216,2023-06-28,Active,Net 60,183767.0,John Thomas,CON00043,Cloud,Business Cloud,20.0,2765.0,20940.0,0.0,18.0,Monthly,36.0,Platinum,8.0,2026.0,1047.0,1047.0,1149.0,1024.0,20940.0,2026-07-17,2026-08-16,INR,Paid,Paid,3.0,3769.2,3769.2,0.0,0.0,24709.2,0,0,0,0,0,0,0,0,,0.0,0,60.0,1143,3.1293634496919918,0.0,1.0,-3769.2000000000007,1.18,0.0,1.0,0.0,0,20.0,23.6,-3.6000000000000014,0.3786618444846293,0.0,1.0974212034383954,0.9780324737344794,2026,7,17,4,3,2026,8,16,0.0783,7.83,0,No Revenue Leakage,LOW,0.0
TEST000356,CUST00145,Combs PLC,Retail,IT,East,Australia,North Dawnburgh,kchristian@walton.com,340-983-8663x17797,2025-05-25,Active,Net 15,822042.0,John Thomas,CON00071,Security,Firewall,15.0,658.0,39645.0,0.0,18.0,Quarterly,36.0,Silver,2.0,2026.0,2643.0,2643.0,2656.0,2534.0,39645.0,2026-02-25,2026-03-27,EUR,Generated,Overdue,2.0,7136.1,7136.1,0.0,0.0,46781.1,0,0,0,0,0,0,0,0,,0.0,0,15.0,446,1.2210814510609171,0.0,1.0,-7136.0999999999985,1.18,0.0,1.0,0.0,0,15.0,17.7,-2.6999999999999993,4.0167173252279635,0.0,1.0049186530457812,0.9587589860007567,2026,2,25,2,1,2026,3,27,0.0633,6.33,0,No Revenue Leakage,LOW,0.0
TEST000357,CUST00318,Smith Inc,SMB,Telecom,North,USA,West Ellen,ewashington@kelley.info,(674)322-0912,2026-02-22,Active,Net 45,656217.0,Priya Nair,CON00144,SaaS,HRMS,25.0,582.0,14450.0,0.0,18.0,Quarterly,12.0,Platinum,8.0,2026.0,578.0,578.0,674.0,518.0,14450.0,2026-07-22,2026-08-21,INR,Paid,Pending,3.0,2601.0,2601.0,0.0,0.0,17051.0,0,0,0,0,0,0,0,0,,0.0,0,45.0,173,0.4736481861738535,0.0,1.0,-2601.0,1.18,0.0,1.0,0.0,0,25.0,29.5,-4.5,0.993127147766323,0.0,1.166089965397924,0.8961937716262975,2026,7,22,2,3,2026,8,21,0.1064,10.64,0,No Revenue Leakage,LOW,0.0
TEST000358,CUST00334,"Martinez, Taylor and Nichols",Retail,Telecom,West,Singapore,Davismouth,sarahmiranda@brown.biz,+1-586-333-4141x1159,2026-06-20,Suspended,Net 60,917869.0,Sneha Patel,CON00055,SaaS,ERP,25.0,2505.0,41100.0,0.0,18.0,Quarterly,24.0,Silver,2.0,2026.0,1644.0,1644.0,1883.0,1496.0,41100.0,2025-10-01,2025-10-31,EUR,Generated,Overdue,3.0,7398.0,7398.0,0.0,0.0,48498.0,0,0,0,0,0,0,0,0,,0.0,0,60.0,55,0.15058179329226556,0.0,1.0,-7398.0,1.18,0.0,1.0,0.0,0,25.0,29.5,-4.5,0.6562874251497006,0.0,1.1453771289537713,0.9099756690997567,2025,10,1,2,4,2025,10,31,0.0471,4.71,0,No Revenue Leakage,LOW,0.0
TEST000359,CUST00413,Prince LLC,Retail,Healthcare,West,Australia,Jameschester,allenchristopher@perez.net,001-400-630-1027,2021-12-19,Inactive,Net 30,445755.0,Rahul Sharma,CON00033,Cloud,Basic Cloud,20.0,2578.0,41060.0,0.0,18.0,Yearly,24.0,Gold,5.0,2026.0,2053.0,2053.0,2261.0,1865.0,41060.0,2025-10-10,2025-11-09,USD,Generated,Paid,1.0,7390.8,7390.8,0.0,0.0,48450.8,0,0,0,0,0,0,0,0,,0.0,0,30.0,1699,4.65160848733744,0.0,1.0,-7390.800000000003,1.1800000000000002,0.0,1.0,0.0,0,20.0,23.6,-3.6000000000000014,0.7963537626066718,0.0,1.1013151485630783,0.9084266926449099,2025,10,10,4,4,2025,11,9,0.0339,3.39,0,No Revenue Leakage,LOW,0.0
TEST000360,CUST00353,Johnson-Mooney,Government,Telecom,North,Singapore,South Andres,christopherwilliams@warren-graves.com,356.670.8604,2024-09-08,Suspended,Net 60,73312.0,Sneha Patel,CON00031,Voice,Voice Premium,5.0,2088.0,7385.0,10.0,18.0,Monthly,12.0,Bronze,12.0,2026.0,1477.0,1477.0,1730.0,1435.0,7385.0,2026-04-22,2026-05-22,EUR,Paid,Pending,2.0,1329.3,1329.3,10.0,738.5,7975.8,0,0,0,0,0,0,0,0,,0.0,0,60.0,705,1.9301848049281314,0.0,1.0,-590.8000000000002,1.08,0.0,1.0,0.0,0,5.0,5.4,-0.40000000000000036,0.7073754789272031,0.0,1.1712931618144888,0.9715639810426541,2026,4,22,2,2,2026,5,22,0.041,4.1,0,No Revenue Leakage,LOW,0.0
TEST000361,CUST00387,Smith Ltd,SMB,Healthcare,North,USA,Lake Markmouth,rachel81@campbell-lewis.com,784-591-9665,2023-04-10,Active,Net 60,810109.0,John Thomas,CON00148,Security,Firewall,15.0,572.0,12945.0,10.0,18.0,Quarterly,36.0,Gold,8.0,2026.0,863.0,863.0,1119.0,819.0,12945.0,2026-07-02,2026-08-01,EUR,Generated,Overdue,1.0,2330.1,2330.1,10.0,1294.5,13980.6,0,0,0,0,0,0,0,0,,0.0,0,60.0,1222,3.345653661875428,0.0,1.0,-1035.6000000000004,1.08,0.0,1.0,0.0,0,15.0,16.2,-1.1999999999999993,1.5087412587412588,0.0,1.2966396292004636,0.9490150637311703,2026,7,2,3,3,2026,8,1,0.1864,18.64,0,No Revenue Leakage,LOW,0.0
TEST000362,CUST00309,"Johnson, Robinson and Harris",SMB,Manufacturing,East,Singapore,South Jeffery,koneal@walls.com,+1-212-914-7853,2025-12-14,Suspended,Net 45,470182.0,Priya Nair,CON00025,Cloud,Business Cloud,20.0,913.0,12580.0,10.0,18.0,Quarterly,24.0,Gold,3.0,2026.0,629.0,629.0,776.0,489.0,12580.0,2025-10-20,2025-11-19,USD,Generated,Pending,1.0,2264.4,2264.4,10.0,1258.0,13586.4,0,0,0,0,0,0,0,0,,0.0,0,45.0,243,0.6652977412731006,0.0,1.0,-1006.3999999999996,1.08,0.0,1.0,0.0,0,20.0,21.599999999999998,-1.5999999999999979,0.6889375684556407,0.0,1.2337042925278219,0.7774244833068362,2025,10,20,0,4,2025,11,19,0.0663,6.63,0,No Revenue Leakage,LOW,0.0
TEST000363,CUST00057,"Taylor, Wright and Davidson",Enterprise,Telecom,North,Singapore,Angelaville,mitchellkathryn@cole-palmer.biz,737-550-6068,2024-11-17,Suspended,Net 45,174046.0,Arjun Kumar,CON00023,Voice,Voice Basic,5.0,2072.0,13670.0,0.0,18.0,Yearly,12.0,Bronze,9.0,2026.0,2734.0,2734.0,2773.0,2578.0,13670.0,2026-01-07,2026-02-06,INR,Paid,Paid,1.0,2460.6,2460.6,0.0,0.0,16130.6,0,0,0,0,0,0,0,0,,0.0,0,45.0,635,1.7385352498288844,0.0,1.0,-2460.6000000000004,1.18,0.0,1.0,0.0,0,5.0,5.9,-0.9000000000000004,1.3194980694980696,0.0,1.0142648134601318,0.9429407461594733,2026,1,7,2,1,2026,2,6,0.0379,3.79,0,No Revenue Leakage,LOW,0.0
TEST000364,CUST00165,"Goodwin, Davis and Hopkins",SMB,IT,South,UK,Port Erikachester,cwood@moreno.biz,(899)616-2473x149,2023-03-16,Suspended,Net 15,913021.0,Sneha Patel,CON00196,Voice,Voice Premium,5.0,1397.0,13360.0,5.0,18.0,Monthly,36.0,Bronze,5.0,2026.0,2672.0,2672.0,2840.0,2618.0,13360.0,2025-11-22,2025-12-22,INR,Paid,Paid,2.0,2404.8,2404.8,5.0,668.0,15096.8,0,0,0,0,0,0,0,0,,0.0,0,15.0,1247,3.4140999315537304,0.0,1.0,-1736.7999999999993,1.13,0.0,1.0,0.0,0,5.0,5.6499999999999995,-0.6499999999999995,1.9126700071581961,0.0,1.062874251497006,0.9797904191616766,2025,11,22,5,4,2025,12,22,0.077,7.7,0,No Revenue Leakage,LOW,0.0
TEST000365,CUST00077,"Rodriguez, Bird and Mitchell",SMB,Manufacturing,South,Australia,Smallberg,znelson@rivera.info,+1-742-305-4932x9668,2025-01-02,Suspended,Net 15,581831.0,Arjun Kumar,CON00044,Voice,Voice Basic,5.0,1405.0,7045.0,10.0,18.0,Yearly,36.0,Bronze,9.0,2026.0,1409.0,1409.0,1547.0,1236.0,7045.0,2026-01-21,2026-02-20,INR,Sent,Pending,2.0,1268.1,1268.1,10.0,704.5,7608.6,0,0,0,0,0,0,0,0,,0.0,0,15.0,589,1.6125941136208077,0.0,1.0,-563.6000000000004,1.08,0.0,1.0,0.0,0,5.0,5.4,-0.40000000000000036,1.002846975088968,0.0,1.0979418026969483,0.8772178850248403,2026,1,21,2,1,2026,2,20,0.1486,14.86,0,No Revenue Leakage,LOW,0.0
TEST000366,CUST00110,Lewis-Livingston,Government,IT,North,India,Hunterhaven,zhenderson@davidson.org,(741)841-8328,2026-08-01,Inactive,Net 15,881538.0,Sneha Patel,CON00031,Voice,Voice Premium,5.0,2088.0,7915.0,10.0,18.0,Monthly,12.0,Bronze,7.0,2026.0,1583.0,1583.0,1853.0,1520.0,7915.0,2026-03-04,2026-04-03,EUR,Generated,Overdue,1.0,1424.7,1424.7,10.0,791.5,8548.2,0,0,0,0,0,0,0,0,,0.0,0,15.0,13,0.03559206023271732,0.0,1.0,-633.2000000000007,1.08,0.0,1.0,0.0,0,5.0,5.4,-0.40000000000000036,0.7581417624521073,0.0,1.1705622236260265,0.9602021478205938,2026,3,4,2,1,2026,4,3,0.0133,1.33,0,No Revenue Leakage,LOW,0.0
TEST000367,CUST00145,Combs PLC,Retail,IT,East,Australia,North Dawnburgh,kchristian@walton.com,340-983-8663x17797,2025-05-25,Active,Net 15,822042.0,John Thomas,CON00016,Voice,Voice Premium,5.0,2363.0,6095.0,15.0,18.0,Monthly,36.0,Bronze,9.0,2026.0,1219.0,1219.0,1468.0,1059.0,6095.0,2026-01-16,2026-02-15,INR,Sent,Paid,2.0,1097.1,1097.1,15.0,914.25,6277.85,0,0,0,0,0,0,0,0,,0.0,0,15.0,446,1.2210814510609171,0.0,1.0,-182.85000000000036,1.03,0.0,1.0,0.0,0,5.0,5.15,-0.15000000000000036,0.5158696572154041,0.0,1.2042657916324857,0.8687448728465955,2026,1,16,4,1,2026,2,15,0.418,41.8,0,No Revenue Leakage,LOW,0.0
TEST000368,CUST00315,Anderson Group,SMB,IT,South,UK,Paulfurt,davidharris@meyers-ortega.com,+1-394-893-8743x027,2023-09-11,Suspended,Net 45,225211.0,Priya Nair,CON00184,Cloud,Enterprise Cloud,20.0,692.0,48420.0,0.0,18.0,Quarterly,12.0,Bronze,12.0,2026.0,2421.0,2421.0,2526.0,2334.0,48420.0,2026-07-12,2026-08-11,INR,Paid,Paid,3.0,8715.6,8715.6,0.0,0.0,57135.6,0,0,0,0,0,0,0,0,,0.0,0,45.0,1068,2.924024640657084,0.0,1.0,-8715.599999999999,1.18,0.0,1.0,0.0,0,20.0,23.599999999999998,-3.599999999999998,3.4985549132947975,0.0,1.043370508054523,0.9640644361833953,2026,7,12,6,3,2026,8,11,0.0556,5.56,0,No Revenue Leakage,LOW,0.0
TEST000369,CUST00134,Hancock Ltd,Government,Education,South,India,South Rhondaburgh,walkercharlene@marquez-fletcher.com,(765)674-3748x96910,2024-02-19,Suspended,Net 30,412920.0,Sneha Patel,CON00010,Voice,Voice Basic,5.0,1476.0,7150.0,15.0,18.0,Monthly,12.0,Silver,10.0,2026.0,1430.0,1430.0,1702.0,1321.0,7150.0,2025-09-08,2025-10-08,EUR,Paid,Paid,2.0,1287.0,1287.0,15.0,1072.5,7364.5,0,0,0,0,0,0,0,0,,0.0,0,30.0,907,2.4832306639288158,0.0,1.0,-214.5,1.03,0.0,1.0,0.0,0,5.0,5.15,-0.15000000000000036,0.9688346883468835,0.0,1.1902097902097901,0.9237762237762238,2025,9,8,0,3,2025,10,8,0.21,21.0,0,No Revenue Leakage,LOW,0.0
TEST000370,CUST00173,Bray-Wolfe,SMB,Finance,West,USA,Stewarttown,craignicolas@nguyen.com,(484)934-7955,2025-03-15,Active,Net 15,296726.0,Rahul Sharma,CON00108,Cloud,Business Cloud,20.0,2409.0,38160.0,15.0,18.0,Yearly,36.0,Platinum,2.0,2026.0,1908.0,1908.0,2205.0,1892.0,38160.0,2026-01-04,2026-02-03,INR,Sent,Paid,2.0,6868.8,4862.814032874161,15.0,5724.0,37298.81,1,0,0,0,0,0,0,0,Missing GST,2005.99,1,15.0,517,1.4154688569472964,0.0,1.0,861.1900000000023,0.9774321278825995,2005.9859671258391,0.707956853143804,0.0,0,20.0,19.54864255765199,0.4513574423480087,0.7920298879202988,0.0,1.1556603773584906,0.9916142557651991,2026,1,4,6,1,2026,2,3,0.999,99.9,1,Revenue Leakage Detected,HIGH,861.1900000000023
TEST000371,CUST00217,"Coleman, Wilkins and Cruz",Enterprise,Education,North,Australia,East Roger,lanemelanie@joseph.biz,+1-995-300-9751,2022-10-21,Inactive,Net 15,243259.0,Rahul Sharma,CON00105,Security,Endpoint Security,15.0,841.0,28410.0,10.0,18.0,Quarterly,36.0,Gold,8.0,2026.0,1894.0,1894.0,2191.0,1747.0,28410.0,2025-12-05,2026-01-04,INR,Paid,Paid,2.0,5113.8,5113.8,10.0,2841.0,30682.8,0,0,0,0,0,0,0,0,,0.0,0,15.0,1393,3.813826146475017,0.0,1.0,-2272.7999999999993,1.08,0.0,1.0,0.0,0,15.0,16.2,-1.1999999999999993,2.2520808561236625,0.0,1.1568109820485744,0.9223864836325237,2025,12,5,4,4,2026,1,4,0.0639,6.39,0,No Revenue Leakage,LOW,0.0
TEST000372,CUST00368,Martin-Pratt,Retail,IT,North,Singapore,Leeville,millercarrie@johnson-campbell.net,213-590-4383,2023-11-20,Active,Net 60,191214.0,Arjun Kumar,CON00147,Security,Endpoint Security,15.0,1932.0,22080.0,15.0,18.0,Yearly,12.0,Gold,8.0,2026.0,1472.0,1472.0,1678.0,1435.0,22080.0,2025-10-20,2025-11-19,INR,Paid,Paid,2.0,3974.4,3974.4,15.0,3312.0,22742.4,0,0,0,0,0,0,0,0,,0.0,0,60.0,998,2.732375085557837,0.0,1.0,-662.4000000000015,1.03,0.0,1.0,0.0,0,15.0,15.450000000000001,-0.45000000000000107,0.7619047619047619,0.0,1.139945652173913,0.9748641304347826,2025,10,20,0,4,2025,11,19,0.0481,4.81,0,No Revenue Leakage,LOW,0.0
TEST000373,CUST00113,Williams LLC,Government,Finance,West,India,Moraburgh,tranrobin@rios.com,319-951-8023x806,2023-12-31,Inactive,Net 60,681172.0,John Thomas,CON00027,Internet,Fiber 100,10.0,2630.0,14580.0,10.0,18.0,Quarterly,12.0,Platinum,5.0,2026.0,1458.0,1458.0,1725.0,1435.0,14580.0,2025-12-20,2026-01-19,USD,Sent,Paid,2.0,2624.4,2624.4,10.0,1458.0,15746.4,0,0,0,0,0,0,0,0,,0.0,0,60.0,957,2.620123203285421,0.0,1.0,-1166.3999999999996,1.08,0.0,1.0,0.0,0,10.0,10.799999999999999,-0.7999999999999989,0.5543726235741445,0.0,1.183127572016461,0.9842249657064472,2025,12,20,5,4,2026,1,19,0.0931,9.31,0,No Revenue Leakage,LOW,0.0
TEST000374,CUST00283,Espinoza-Perry,Retail,Finance,East,India,East Karen,icobb@gutierrez-ortiz.info,250.872.0811x55626,2021-11-29,Suspended,Net 15,797512.0,Arjun Kumar,CON00146,Cloud,Business Cloud,20.0,2318.0,49900.0,5.0,18.0,Quarterly,24.0,Gold,4.0,2026.0,2495.0,2495.0,2617.0,2422.0,49900.0,2025-10-15,2025-11-14,INR,Generated,Paid,2.0,8982.0,6023.324981628322,5.0,2495.0,53428.32,1,0,0,0,0,0,0,0,Missing GST,2958.68,1,15.0,1719,4.706365503080082,0.0,1.0,-3528.3199999999997,1.0707078156312626,2958.6750183716777,0.6705995303527413,0.0,0,20.0,21.414156312625252,-1.414156312625252,1.0763589301121657,0.0,1.0488977955911825,0.9707414829659319,2025,10,15,2,4,2025,11,14,0.9989,99.89,1,Revenue Leakage Detected,HIGH,0.0
TEST000375,CUST00187,"Miles, Scott and Diaz",Retail,Manufacturing,North,India,North Sarahborough,fhebert@owen-brown.net,001-365-309-4801x4138,2023-07-24,Inactive,Net 15,188155.0,John Thomas,CON00065,Security,Firewall,15.0,1647.0,24750.0,10.0,18.0,Quarterly,36.0,Platinum,6.0,2026.0,1650.0,1650.0,1846.0,1591.0,24750.0,2025-11-19,2025-12-19,INR,Sent,Paid,3.0,4455.0,4455.0,10.0,2475.0,26730.0,0,0,0,0,0,0,0,0,,0.0,0,15.0,1117,3.058179329226557,0.0,1.0,-1980.0,1.08,0.0,1.0,0.0,0,15.0,16.2,-1.1999999999999993,1.0018214936247722,0.0,1.1187878787878789,0.9642424242424242,2025,11,19,2,4,2025,12,19,0.0753,7.53,0,No Revenue Leakage,LOW,0.0
TEST000376,CUST00185,"Lopez, Bailey and Oconnor",Government,Telecom,North,Singapore,Mikaylaside,caseymoore@weiss-weaver.info,7863209593,2026-03-07,Inactive,Net 30,310910.0,Sneha Patel,CON00037,Internet,Fiber 300,10.0,1598.0,10540.0,0.0,18.0,Monthly,24.0,Gold,10.0,2026.0,1054.0,1054.0,1123.0,1033.0,10540.0,2026-02-05,2026-03-07,EUR,Generated,Paid,1.0,1897.2,1897.2,0.0,0.0,12437.2,0,0,0,0,0,0,0,0,,0.0,0,30.0,160,0.4380561259411362,0.0,1.0,-1897.2000000000007,1.1800000000000002,0.0,1.0,0.0,0,10.0,11.8,-1.8000000000000007,0.6595744680851063,0.0,1.0654648956356736,0.9800759013282733,2026,2,5,3,1,2026,3,7,0.033,3.3,0,No Revenue Leakage,LOW,0.0
TEST000377,CUST00417,Swanson-Howell,Enterprise,Logistics,South,India,Pattonton,transtephanie@mitchell.biz,001-298-642-6732,2023-12-06,Active,Net 60,147852.0,Sneha Patel,CON00155,SaaS,ERP,25.0,2493.0,74875.0,5.0,18.0,Monthly,36.0,Gold,8.0,2026.0,2995.0,2995.0,3202.0,2957.0,74875.0,2026-02-18,2026-03-20,USD,Generated,Pending,2.0,13477.5,13477.5,5.0,3743.75,84608.75,0,0,0,0,0,0,0,0,,0.0,0,60.0,982,2.6885694729637235,0.0,1.0,-9733.75,1.13,0.0,1.0,0.0,0,25.0,28.25,-3.25,1.2013638186923385,0.0,1.0691151919866444,0.9873121869782971,2026,2,18,2,1,2026,3,20,0.0276,2.76,0,No Revenue Leakage,LOW,0.0
TEST000378,CUST00109,"Brown, Hurst and Blevins",SMB,Healthcare,North,Australia,Cruzbury,elittle@oneal.com,(269)365-8271,2021-09-17,Active,Net 15,54809.0,Priya Nair,CON00025,Cloud,Business Cloud,20.0,913.0,34340.0,10.0,18.0,Quarterly,24.0,Gold,2.0,2026.0,1717.0,1717.0,1996.0,1706.0,34340.0,2026-06-08,2026-07-08,INR,Paid,Pending,3.0,6181.2,6181.2,10.0,3434.0,37087.2,0,0,0,0,0,1,0,0,Duplicate Invoice,37087.2,1,15.0,1792,4.906228610540725,0.0,1.0,-2747.199999999997,1.0799999999999998,0.0,1.0,0.0,0,20.0,21.599999999999998,-1.5999999999999979,1.8806133625410735,0.0,1.1624927198602213,0.9935934769947583,2026,6,8,0,2,2026,7,8,0.1199,11.99,0,No Revenue Leakage,LOW,0.0
TEST000379,CUST00088,"Hernandez, Robinson and Bryant",Retail,Finance,North,USA,New Danafort,ismith@jenkins.net,608-762-1182x3398,2023-11-14,Suspended,Net 30,567313.0,Sneha Patel,CON00011,Internet,Fiber 300,10.0,1382.0,16800.0,10.0,18.0,Quarterly,12.0,Platinum,3.0,2026.0,1680.0,1460.0,1710.0,1621.0,16800.0,2026-06-21,2026-07-21,USD,Paid,Overdue,2.0,3024.0,3024.0,10.0,1680.0,15944.0,0,1,0,0,0,0,0,0,Usage Mismatch,2200.0,1,30.0,1004,2.74880219028063,220.0,0.8690476190476191,856.0,0.949047619047619,0.0,1.0,0.0,0,10.0,10.92054794520548,-0.9205479452054792,1.215629522431259,0.0,1.0178571428571428,0.9648809523809524,2026,6,21,6,2,2026,7,21,0.9997,99.97,1,Revenue Leakage Detected,HIGH,856.0
TEST000380,CUST00369,Davila PLC,Government,Telecom,East,UK,New Valeriefort,williamschristopher@smith-kelly.com,(483)256-5215x6818,2026-08-04,Suspended,Net 45,638315.0,John Thomas,CON00039,Cloud,Enterprise Cloud,20.0,2299.0,42040.0,0.0,18.0,Quarterly,24.0,Bronze,9.0,2026.0,2102.0,2102.0,2313.0,2095.0,42040.0,2026-01-17,2026-02-16,EUR,Generated,Pending,3.0,7567.2,7567.2,0.0,0.0,49607.2,0,0,0,0,0,0,0,0,,0.0,0,45.0,10,0.02737850787132101,0.0,1.0,-7567.199999999997,1.18,0.0,1.0,0.0,0,20.0,23.599999999999998,-3.599999999999998,0.9143105698129621,0.0,1.1003805899143673,0.9966698382492863,2026,1,17,5,1,2026,2,16,0.0276,2.76,0,No Revenue Leakage,LOW,0.0
TEST000381,CUST00407,"Webb, Estes and Obrien",Government,IT,West,India,New Jeanette,david59@bailey.com,5233117753,2023-01-28,Inactive,Net 15,980997.0,Arjun Kumar,CON00178,Voice,Voice Premium,5.0,911.0,3305.0,15.0,18.0,Yearly,36.0,Bronze,2.0,2026.0,661.0,661.0,797.0,505.0,3305.0,2025-11-28,2025-12-28,INR,Paid,Overdue,3.0,594.9,594.9,15.0,495.75,3404.15,0,0,0,0,0,0,0,0,,0.0,0,15.0,1294,3.542778918548939,0.0,1.0,-99.15000000000009,1.03,0.0,1.0,0.0,0,5.0,5.15,-0.15000000000000036,0.725576289791438,0.0,1.205748865355522,0.7639939485627837,2025,11,28,4,4,2025,12,28,0.0309,3.09,0,No Revenue Leakage,LOW,0.0
TEST000382,CUST00173,Bray-Wolfe,SMB,Finance,West,USA,Stewarttown,craignicolas@nguyen.com,(484)934-7955,2025-03-15,Active,Net 15,296726.0,Rahul Sharma,CON00098,Internet,Fiber 100,10.0,1891.0,25640.0,10.0,18.0,Yearly,12.0,Silver,7.0,2026.0,2564.0,2564.0,2771.0,2510.0,25640.0,2026-02-06,2026-03-08,INR,Sent,Paid,3.0,4615.2,4615.2,10.0,2564.0,27691.2,0,0,0,0,0,0,0,0,,0.0,0,15.0,517,1.4154688569472964,0.0,1.0,-2051.2000000000007,1.08,0.0,1.0,0.0,0,10.0,10.8,-0.8000000000000007,1.3558963511369646,0.0,1.0807332293291732,0.9789391575663027,2026,2,6,4,1,2026,3,8,0.0635,6.35,0,No Revenue Leakage,LOW,0.0
TEST000383,CUST00175,"Holmes, Le and Floyd",Retail,IT,East,India,Johnshire,rosshannah@lewis.info,+1-317-754-5588x4506,2023-04-16,Active,Net 30,928806.0,John Thomas,CON00096,Voice,Voice Basic,5.0,2538.0,7750.0,10.0,18.0,Quarterly,36.0,Platinum,9.0,2026.0,1550.0,1550.0,1624.0,1416.0,7750.0,2025-10-16,2025-11-15,INR,Sent,Overdue,2.0,1395.0,1395.0,10.0,775.0,8370.0,0,0,0,0,0,0,0,0,,0.0,0,30.0,1216,3.3292265571526354,0.0,1.0,-620.0,1.08,0.0,1.0,0.0,0,5.0,5.4,-0.40000000000000036,0.6107171000788022,0.0,1.047741935483871,0.9135483870967742,2025,10,16,3,4,2025,11,15,0.0197,1.97,0,No Revenue Leakage,LOW,0.0
TEST000384,CUST00113,Williams LLC,Government,Finance,West,India,Moraburgh,tranrobin@rios.com,319-951-8023x806,2023-12-31,Inactive,Net 60,681172.0,John Thomas,CON00033,Cloud,Basic Cloud,20.0,2578.0,32800.0,0.0,18.0,Yearly,24.0,Gold,11.0,2026.0,1640.0,1640.0,1881.0,1496.0,32800.0,2025-12-13,2026-01-12,INR,Paid,Pending,3.0,5904.0,5904.0,0.0,0.0,38704.0,0,0,0,0,0,0,0,0,,0.0,0,60.0,957,2.620123203285421,0.0,1.0,-5904.0,1.18,0.0,1.0,0.0,0,20.0,23.6,-3.6000000000000014,0.6361520558572537,0.0,1.1469512195121951,0.9121951219512195,2025,12,13,5,4,2026,1,12,0.0215,2.15,0,No Revenue Leakage,LOW,0.0
TEST000385,CUST00340,"White, Washington and Newman",Retail,Finance,East,UK,Evansberg,nguyenjennifer@lopez.net,+1-387-418-9813,2023-02-16,Inactive,Net 45,584670.0,Arjun Kumar,CON00113,Security,Firewall,15.0,1394.0,31170.0,15.0,18.0,Quarterly,12.0,Platinum,10.0,2026.0,2078.0,2078.0,2078.0,1953.0,31170.0,2026-02-26,2026-03-28,INR,Sent,Paid,2.0,5610.6,5610.6,15.0,4675.5,29673.27,0,0,0,0,0,0,1,0,Contract Violation,2431.83,1,45.0,1275,3.490759753593429,0.0,1.0,1496.7299999999996,0.9519817131857555,0.0,1.0,0.0,0,15.0,14.279725697786333,0.7202743022136673,1.490674318507891,0.0,1.0,0.9398460057747835,2026,2,26,3,1,2026,3,28,0.9996,99.96,1,Revenue Leakage Detected,HIGH,1496.7299999999996
TEST000386,CUST00396,Rivers Ltd,Government,Logistics,West,Singapore,Pattersontown,terriibarra@shelton.org,(579)407-3710x094,2022-11-04,Suspended,Net 15,118926.0,John Thomas,CON00191,Internet,Fiber 300,10.0,2732.0,5110.0,15.0,18.0,Yearly,24.0,Platinum,1.0,2026.0,511.0,511.0,595.0,320.0,5110.0,2026-02-12,2026-03-14,USD,Generated,Pending,2.0,919.8,919.8,15.0,766.5,5263.3,0,0,0,0,0,0,0,0,,0.0,0,15.0,1379,3.7754962354551678,0.0,1.0,-153.30000000000018,1.03,0.0,1.0,0.0,0,10.0,10.3,-0.3000000000000007,0.1870424597364568,0.0,1.1643835616438356,0.6262230919765166,2026,2,12,3,1,2026,3,14,0.0904,9.04,0,No Revenue Leakage,LOW,0.0
TEST000387,CUST00437,King-Collins,Enterprise,IT,East,India,Maryton,hannah96@adams.net,387.853.5778x8116,2022-09-05,Active,Net 60,571121.0,Priya Nair,CON00194,Internet,Fiber 100,10.0,2374.0,19290.0,10.0,18.0,Quarterly,36.0,Silver,6.0,2026.0,1929.0,1929.0,2156.0,1871.0,19290.0,2026-01-28,2026-02-27,USD,Sent,Overdue,2.0,3472.2,3472.2,10.0,1929.0,20833.2,0,0,0,0,0,0,0,0,,0.0,0,60.0,1439,3.9397672826830936,0.0,1.0,-1543.2000000000007,1.08,0.0,1.0,0.0,0,10.0,10.8,-0.8000000000000007,0.8125526537489469,0.0,1.11767755313634,0.9699326075686885,2026,1,28,2,1,2026,2,27,0.0833,8.33,0,No Revenue Leakage,LOW,0.0
TEST000388,CUST00166,Fletcher Inc,Enterprise,Finance,South,Singapore,New Adrianborough,robert12@pearson-king.net,(995)694-6368x87258,2024-03-15,Inactive,Net 45,855688.0,Rahul Sharma,CON00146,Cloud,Business Cloud,20.0,2318.0,10880.0,5.0,18.0,Quarterly,24.0,Gold,5.0,2026.0,544.0,544.0,780.0,493.0,10880.0,2025-09-24,2025-10-24,EUR,Paid,Pending,3.0,1958.4,1958.4,5.0,544.0,3349.27,0,0,0,0,0,0,1,0,Contract Violation,8945.13,1,45.0,882,2.414784394250513,0.0,1.0,7530.73,0.3078373161764706,0.0,1.0,0.0,0,20.0,6.156746323529411,13.843253676470589,0.23468507333908542,0.0,1.4338235294117647,0.90625,2025,9,24,2,3,2025,10,24,0.9996,99.96,1,Revenue Leakage Detected,HIGH,7530.73
TEST000389,CUST00436,Farmer-Klein,Retail,Telecom,South,USA,Walkertown,cwise@woods-rodriguez.com,921-518-2379x31269,2022-02-05,Suspended,Net 45,582726.0,John Thomas,CON00148,Security,Firewall,15.0,572.0,36495.0,10.0,18.0,Quarterly,36.0,Gold,7.0,2026.0,2433.0,2433.0,2571.0,2388.0,36495.0,2026-03-01,2026-03-31,USD,Sent,Overdue,1.0,6569.1,6569.1,10.0,3649.5,31575.85,0,0,0,1,0,0,0,0,Wrong Pricing,7838.75,1,45.0,1651,4.520191649555099,0.0,1.0,4919.1500000000015,0.8652103027812028,0.0,1.0,0.0,0,15.0,12.978154541718043,2.021845458281957,4.253496503496503,0.0,1.0567200986436498,0.9815043156596794,2026,3,1,6,1,2026,3,31,0.9994,99.94,1,Revenue Leakage Detected,HIGH,4919.1500000000015
TEST000390,CUST00214,"Davis, Wallace and Parker",SMB,IT,West,Australia,Jonesville,pmurphy@brown.org,001-602-627-8469x97335,2025-04-17,Inactive,Net 60,261837.0,Priya Nair,CON00139,Internet,Fiber 300,10.0,1657.0,6790.0,10.0,18.0,Yearly,36.0,Silver,5.0,2026.0,679.0,679.0,916.0,627.0,6790.0,2026-06-14,2026-07-14,EUR,Paid,Paid,2.0,1222.2,1222.2,10.0,679.0,7333.2,0,0,0,0,0,0,0,0,,0.0,0,60.0,484,1.325119780971937,0.0,1.0,-543.1999999999998,1.08,0.0,1.0,0.0,0,10.0,10.799999999999999,-0.7999999999999989,0.40977670488835244,0.0,1.3490427098674522,0.9234167893961709,2026,6,14,6,2,2026,7,14,0.0305,3.05,0,No Revenue Leakage,LOW,0.0
TEST000391,CUST00107,Perez Inc,Enterprise,IT,South,India,North Lawrenceport,patrickli@may.com,489-809-2753,2025-05-11,Suspended,Net 45,967888.0,Sneha Patel,CON00068,Internet,Fiber 100,10.0,1917.0,14970.0,10.0,18.0,Monthly,24.0,Gold,8.0,2026.0,1497.0,1497.0,1624.0,1350.0,14970.0,2026-02-28,2026-03-30,EUR,Sent,Pending,2.0,2694.6,2694.6,10.0,1497.0,16167.6,0,0,0,0,0,0,0,0,,0.0,0,45.0,460,1.2594113620807665,0.0,1.0,-1197.6000000000004,1.08,0.0,1.0,0.0,0,10.0,10.8,-0.8000000000000007,0.7809076682316118,0.0,1.0848363393453573,0.9018036072144289,2026,2,28,5,1,2026,3,30,0.1637,16.37,0,No Revenue Leakage,LOW,0.0
TEST000392,CUST00308,Wright-Soto,SMB,Telecom,North,Australia,Moniquehaven,fclark@gibbs-mendez.com,668.857.8725x58777,2026-07-25,Inactive,Net 15,344923.0,Sneha Patel,CON00166,SaaS,CRM,25.0,2859.0,45300.0,5.0,18.0,Yearly,36.0,Bronze,9.0,2026.0,1812.0,1812.0,1914.0,1794.0,45300.0,2026-06-14,2026-07-14,USD,Generated,Pending,3.0,8154.0,8154.0,5.0,2265.0,51189.0,0,0,0,0,0,1,0,0,Duplicate Invoice,51189.0,1,15.0,20,0.05475701574264202,0.0,1.0,-5889.0,1.13,0.0,1.0,0.0,0,25.0,28.25,-3.25,0.633788037775446,0.0,1.0562913907284768,0.9900662251655629,2026,6,14,6,2,2026,7,14,0.0103,1.03,0,No Revenue Leakage,LOW,0.0
TEST000393,CUST00015,Velasquez Group,Government,IT,West,UK,Kevinbury,andrewlee@ramirez-jones.com,(386)885-0142x940,2024-07-15,Suspended,Net 15,62666.0,Sneha Patel,CON00192,Security,Firewall,15.0,1184.0,19350.0,5.0,18.0,Quarterly,12.0,Bronze,3.0,2026.0,1290.0,1290.0,1310.0,1093.0,19350.0,2025-11-23,2025-12-23,INR,Sent,Pending,1.0,3483.0,3483.0,5.0,967.5,21865.5,0,0,0,0,0,1,0,0,Duplicate Invoice,21865.5,1,15.0,760,2.080766598220397,0.0,1.0,-2515.5,1.13,0.0,1.0,0.0,0,15.0,16.95,-1.9499999999999993,1.089527027027027,0.0,1.0155038759689923,0.8472868217054264,2025,11,23,6,4,2025,12,23,0.0345,3.45,0,No Revenue Leakage,LOW,0.0
TEST000394,CUST00370,Woods-Melton,Government,Finance,North,Australia,West Evanmouth,mcclurechristopher@hall.com,001-228-889-8572x54596,2023-08-18,Inactive,Net 30,962735.0,Priya Nair,CON00159,SaaS,ERP,25.0,2670.0,68550.0,15.0,18.0,Quarterly,36.0,Silver,6.0,2026.0,2742.0,2742.0,2842.0,2562.0,68550.0,2026-06-21,2026-07-21,INR,Generated,Overdue,3.0,12339.0,10133.033638736071,15.0,10282.5,68400.53,1,0,0,0,0,0,0,0,Missing GST,2205.97,1,30.0,1092,2.9897330595482545,0.0,1.0,149.47000000000116,0.9978195477753464,2205.966361263929,0.8212200047601971,0.0,0,25.0,24.945488694383663,0.054511305616337324,1.0269662921348315,0.0,1.0364697301239971,0.9343544857768052,2026,6,21,6,2,2026,7,21,0.9993,99.93,1,Revenue Leakage Detected,HIGH,149.47000000000116
TEST000395,CUST00033,"Anderson, Roberts and Gilmore",Enterprise,Logistics,South,Australia,Martinezbury,lancesmith@davis-gay.com,412.874.8467x737,2023-03-21,Inactive,Net 30,663333.0,John Thomas,CON00063,Cloud,Enterprise Cloud,20.0,1979.0,51440.0,0.0,18.0,Quarterly,12.0,Gold,8.0,2026.0,2572.0,2572.0,2574.0,2486.0,51440.0,2025-09-14,2025-10-14,USD,Sent,Paid,1.0,9259.2,9259.2,0.0,0.0,52944.35,0,0,0,0,1,0,0,0,Missing Charge,7754.85,1,30.0,1242,3.40041067761807,0.0,1.0,-1504.3499999999985,1.0292447511664073,0.0,1.0,0.0,0,20.0,20.584895023328148,-0.5848950233281478,1.2996462860030318,0.0,1.000777604976672,0.9665629860031104,2025,9,14,6,3,2025,10,14,0.9998,99.98,1,Revenue Leakage Detected,HIGH,0.0
TEST000396,CUST00470,"Gill, Woods and Garcia",Enterprise,Manufacturing,South,India,West Kristyland,timothyramos@gonzalez-daniels.com,+1-974-290-9617x399,2023-09-27,Inactive,Net 15,370701.0,John Thomas,CON00142,Voice,Voice Premium,5.0,1059.0,8955.0,0.0,18.0,Yearly,36.0,Platinum,11.0,2026.0,1791.0,1791.0,1812.0,1692.0,8955.0,2026-07-04,2026-08-03,INR,Sent,Overdue,3.0,1611.9,1611.9,0.0,0.0,10566.9,0,0,0,0,0,0,0,0,,0.0,0,15.0,1052,2.8802190280629705,0.0,1.0,-1611.8999999999996,1.18,0.0,1.0,0.0,0,5.0,5.8999999999999995,-0.8999999999999995,1.6912181303116147,0.0,1.0117252931323284,0.9447236180904522,2026,7,4,5,3,2026,8,3,0.0617,6.17,0,No Revenue Leakage,LOW,0.0
TEST000397,CUST00248,Montoya PLC,Government,IT,South,UK,Geraldport,garnerdavid@vincent.com,323-221-6110x7603,2025-12-18,Suspended,Net 30,277286.0,Priya Nair,CON00014,Cloud,Enterprise Cloud,20.0,2214.0,33500.0,0.0,18.0,Quarterly,24.0,Gold,11.0,2026.0,1675.0,1675.0,1948.0,1548.0,33500.0,2025-10-31,2025-11-30,USD,Generated,Overdue,1.0,6030.0,6030.0,15.0,5025.0,34505.0,0,0,1,0,0,0,0,0,Extra Discount,5025.0,1,30.0,239,0.6543463381245722,0.0,1.0,-1005.0,1.03,0.0,1.0,-15.0,1,20.0,20.6,-0.6000000000000014,0.7565492321589883,0.0,1.1629850746268657,0.924179104477612,2025,10,31,4,4,2025,11,30,0.9985,99.85,1,Revenue Leakage Detected,HIGH,0.0
TEST000398,CUST00352,Hodges and Sons,Government,Healthcare,North,UK,Lake William,juanwilson@gamble-wright.biz,571.389.2392,2022-09-21,Active,Net 15,275469.0,John Thomas,CON00136,Internet,Fiber 300,10.0,653.0,14100.0,10.0,18.0,Yearly,24.0,Gold,4.0,2026.0,1410.0,1410.0,1490.0,1383.0,14100.0,2025-11-06,2025-12-06,INR,Generated,Pending,3.0,2538.0,2538.0,10.0,1410.0,15228.0,0,0,0,0,0,0,0,0,,0.0,0,15.0,1423,3.89596167008898,0.0,1.0,-1128.0,1.08,0.0,1.0,0.0,0,10.0,10.8,-0.8000000000000007,2.1592649310872893,0.0,1.0567375886524824,0.9808510638297873,2025,11,6,3,4,2025,12,6,0.0322,3.22,0,No Revenue Leakage,LOW,0.0
TEST000399,CUST00265,"May, Mccoy and Gibbs",Enterprise,Telecom,South,USA,North Richard,lee11@wright.com,+1-365-877-2429x543,2024-09-21,Inactive,Net 45,803753.0,Priya Nair,CON00005,SaaS,HRMS,25.0,2686.0,21625.0,15.0,18.0,Yearly,24.0,Bronze,3.0,2026.0,865.0,865.0,884.0,720.0,21625.0,2025-08-10,2025-09-09,INR,Paid,Pending,3.0,3892.5,3892.5,15.0,3243.75,22273.75,0,0,0,0,0,0,0,0,,0.0,0,45.0,692,1.894592744695414,0.0,1.0,-648.75,1.03,0.0,1.0,0.0,0,25.0,25.75,-0.75,0.32204020848845866,0.0,1.021965317919075,0.8323699421965318,2025,8,10,6,3,2025,9,9,0.0265,2.65,0,No Revenue Leakage,LOW,0.0
TEST000400,CUST00271,Bailey and Sons,SMB,Telecom,East,Singapore,Henryburgh,anna93@bolton.com,(413)271-5041x65915,2022-04-14,Active,Net 15,915580.0,John Thomas,CON00094,Cloud,Business Cloud,20.0,2272.0,10940.0,0.0,18.0,Monthly,24.0,Platinum,2.0,2026.0,547.0,547.0,606.0,414.0,10940.0,2025-09-14,2025-10-14,INR,Sent,Paid,1.0,1969.2,1969.2,0.0,0.0,12909.2,0,0,0,0,0,0,0,0,,0.0,0,15.0,1583,4.334017796030117,0.0,1.0,-1969.2000000000007,1.1800000000000002,0.0,1.0,0.0,0,20.0,23.6,-3.6000000000000014,0.24075704225352113,0.0,1.1078610603290677,0.7568555758683729,2025,9,14,6,3,2025,10,14,0.0451,4.51,0,No Revenue Leakage,LOW,0.0
TEST000401,CUST00308,Wright-Soto,SMB,Telecom,North,Australia,Moniquehaven,fclark@gibbs-mendez.com,668.857.8725x58777,2026-07-25,Inactive,Net 15,344923.0,Sneha Patel,CON00187,Security,Firewall,15.0,1004.0,35280.0,5.0,18.0,Monthly,12.0,Gold,2.0,2026.0,2352.0,2352.0,2523.0,2272.0,35280.0,2026-07-16,2026-08-15,INR,Paid,Paid,3.0,6350.4,6350.4,5.0,1764.0,39866.4,0,0,0,0,0,0,0,0,,0.0,0,15.0,20,0.05475701574264202,0.0,1.0,-4586.4000000000015,1.1300000000000001,0.0,1.0,0.0,0,15.0,16.95,-1.9499999999999993,2.3426294820717133,0.0,1.072704081632653,0.9659863945578231,2026,7,16,3,3,2026,8,15,0.1208,12.08,0,No Revenue Leakage,LOW,0.0
TEST000402,CUST00093,Maxwell-Hardy,Retail,Manufacturing,East,India,New Adriana,rjackson@adams-thomas.com,(346)447-1543x79937,2024-03-09,Suspended,Net 15,613586.0,Sneha Patel,CON00084,Voice,Voice Basic,5.0,686.0,8655.0,15.0,18.0,Quarterly,12.0,Silver,3.0,2026.0,1731.0,1731.0,1963.0,1542.0,8655.0,2026-02-01,2026-03-03,USD,Generated,Pending,3.0,1557.9,1557.9,15.0,1298.25,8914.65,0,0,0,0,0,0,0,0,,0.0,0,15.0,888,2.431211498973306,0.0,1.0,-259.64999999999964,1.03,0.0,1.0,0.0,0,5.0,5.1499999999999995,-0.14999999999999947,2.5233236151603498,0.0,1.1340265742345466,0.8908145580589255,2026,2,1,6,1,2026,3,3,0.2189,21.89,0,No Revenue Leakage,LOW,0.0
TEST000403,CUST00089,Miller-Chung,Enterprise,Manufacturing,South,UK,Cunninghambury,gabriella10@sullivan.net,500.921.7659x1803,2023-11-26,Active,Net 15,288067.0,Rahul Sharma,CON00057,Security,Firewall,15.0,2956.0,32040.0,15.0,18.0,Quarterly,36.0,Platinum,3.0,2026.0,2136.0,1938.0,2210.0,2061.0,32040.0,2026-04-16,2026-05-16,USD,Sent,Pending,2.0,5767.2,5767.2,15.0,4806.0,30031.2,0,1,0,0,0,0,0,0,Usage Mismatch,2970.0,1,15.0,992,2.7159479808350446,198.0,0.9073033707865169,2008.7999999999993,0.9373033707865169,0.0,1.0,0.0,0,15.0,15.495975232198143,-0.495975232198143,0.7225981055480379,0.0,1.0346441947565543,0.9648876404494382,2026,4,16,3,2,2026,5,16,0.9991,99.91,1,Revenue Leakage Detected,HIGH,2008.7999999999993
TEST000404,CUST00215,"Haas, Cooper and Davis",Government,Healthcare,South,USA,New Valeriefurt,melissabrown@faulkner.com,840-836-9656,2025-04-19,Inactive,Net 45,865862.0,Sneha Patel,CON00051,Cloud,Basic Cloud,20.0,1696.0,21060.0,0.0,18.0,Quarterly,36.0,Bronze,5.0,2026.0,1053.0,1053.0,1302.0,1023.0,21060.0,2025-12-15,2026-01-14,INR,Paid,Paid,3.0,3790.8,3790.8,0.0,0.0,24850.8,0,0,0,0,0,1,0,0,Duplicate Invoice,24850.8,1,45.0,482,1.319644079397673,0.0,1.0,-3790.7999999999993,1.18,0.0,1.0,0.0,0,20.0,23.599999999999998,-3.599999999999998,0.620872641509434,0.0,1.2364672364672364,0.9715099715099715,2025,12,15,0,4,2026,1,14,0.0768,7.68,0,No Revenue Leakage,LOW,0.0
TEST000405,CUST00116,Carter LLC,SMB,Education,East,UK,Haynesmouth,shawn31@taylor.com,(712)577-5618,2025-06-10,Suspended,Net 45,387889.0,Arjun Kumar,CON00199,Internet,Fiber 100,10.0,1734.0,12960.0,15.0,18.0,Monthly,36.0,Gold,11.0,2026.0,1296.0,1296.0,1299.0,1106.0,12960.0,2026-01-14,2026-02-13,EUR,Generated,Overdue,2.0,2332.8,2332.8,15.0,1944.0,13348.8,0,0,0,0,0,0,0,0,,0.0,0,45.0,430,1.1772758384668036,0.0,1.0,-388.7999999999993,1.03,0.0,1.0,0.0,0,10.0,10.299999999999999,-0.29999999999999893,0.7474048442906575,0.0,1.0023148148148149,0.8533950617283951,2026,1,14,2,1,2026,2,13,0.0557,5.57,0,No Revenue Leakage,LOW,0.0
TEST000406,CUST00088,"Hernandez, Robinson and Bryant",Retail,Finance,North,USA,New Danafort,ismith@jenkins.net,608-762-1182x3398,2023-11-14,Suspended,Net 30,567313.0,Sneha Patel,CON00198,Cloud,Basic Cloud,20.0,2861.0,15660.0,0.0,18.0,Monthly,24.0,Silver,3.0,2026.0,783.0,783.0,964.0,702.0,15660.0,2026-03-08,2026-04-07,INR,Sent,Pending,1.0,2818.8,2818.8,0.0,0.0,18478.8,0,0,0,0,0,0,0,0,,0.0,0,30.0,1004,2.74880219028063,0.0,1.0,-2818.7999999999993,1.18,0.0,1.0,0.0,0,20.0,23.599999999999998,-3.599999999999998,0.27368053128276826,0.0,1.2311621966794382,0.896551724137931,2026,3,8,6,1,2026,4,7,0.1246,12.46,0,No Revenue Leakage,LOW,0.0
TEST000407,CUST00274,Austin-Hamilton,Retail,IT,East,UK,Davishaven,teresa32@rose-holland.com,276-317-4224x3864,2021-12-24,Inactive,Net 45,275314.0,Sneha Patel,CON00020,Internet,Fiber 300,10.0,776.0,15600.0,15.0,18.0,Quarterly,24.0,Bronze,10.0,2026.0,1560.0,1560.0,1807.0,1390.0,15600.0,2026-06-09,2026-07-09,INR,Paid,Pending,2.0,2808.0,2808.0,15.0,2340.0,16068.0,0,0,0,0,0,0,0,0,,0.0,0,45.0,1694,4.63791923340178,0.0,1.0,-468.0,1.03,0.0,1.0,0.0,0,10.0,10.3,-0.3000000000000007,2.0103092783505154,0.0,1.1583333333333334,0.8910256410256411,2026,6,9,1,2,2026,7,9,0.086,8.6,0,No Revenue Leakage,LOW,0.0
TEST000408,CUST00180,Lopez-Khan,Retail,IT,East,Singapore,Fosterburgh,oclayton@miller-garrett.net,001-994-648-4631x22417,2025-10-12,Inactive,Net 45,159575.0,Rahul Sharma,CON00161,Voice,Voice Premium,5.0,1728.0,8685.0,15.0,18.0,Quarterly,12.0,Platinum,5.0,2026.0,1737.0,1737.0,1829.0,1686.0,8685.0,2026-06-28,2026-07-28,USD,Generated,Pending,2.0,1563.3,1563.3,15.0,1302.75,6584.16,0,0,0,0,1,0,0,0,Missing Charge,2361.39,1,45.0,306,0.837782340862423,0.0,1.0,2100.84,0.7581070811744387,0.0,1.0,0.0,0,5.0,3.7905354058721934,1.2094645941278066,1.0052083333333333,0.0,1.052964881980426,0.9706390328151986,2026,6,28,6,2,2026,7,28,0.9997,99.97,1,Revenue Leakage Detected,HIGH,2100.84
TEST000409,CUST00394,"Reyes, Reilly and Lee",Government,Logistics,West,Australia,South Gregory,alyssa78@rodriguez-williams.com,331-600-9431,2023-07-10,Inactive,Net 45,721447.0,Sneha Patel,CON00166,SaaS,CRM,25.0,2859.0,30850.0,5.0,18.0,Yearly,36.0,Bronze,1.0,2026.0,1234.0,1234.0,1480.0,1194.0,30850.0,2026-07-04,2026-08-03,INR,Paid,Overdue,1.0,5553.0,5553.0,5.0,1542.5,34860.5,0,0,0,0,0,0,0,0,,0.0,0,45.0,1131,3.0965092402464065,0.0,1.0,-4010.5,1.13,0.0,1.0,0.0,0,25.0,28.25,-3.25,0.43161944735921653,0.0,1.1993517017828201,0.9675850891410048,2026,7,4,5,3,2026,8,3,0.041,4.1,0,No Revenue Leakage,LOW,0.0
TEST000410,CUST00200,Carr-Newton,Government,Healthcare,West,UK,New Danielmouth,richjohn@foster.net,001-403-947-6447x26490,2025-06-09,Active,Net 30,729418.0,Sneha Patel,CON00024,SaaS,CRM,25.0,756.0,26350.0,15.0,18.0,Yearly,12.0,Silver,6.0,2026.0,1054.0,1054.0,1249.0,863.0,26350.0,2026-07-03,2026-08-02,USD,Paid,Overdue,1.0,4743.0,4743.0,15.0,3952.5,27140.5,0,0,0,0,0,0,0,0,,0.0,0,30.0,431,1.1800136892539357,0.0,1.0,-790.5,1.03,0.0,1.0,0.0,0,25.0,25.75,-0.75,1.3941798941798942,0.0,1.1850094876660342,0.818785578747628,2026,7,3,4,3,2026,8,2,0.0253,2.53,0,No Revenue Leakage,LOW,0.0
TEST000411,CUST00061,Harris-Moody,Retail,Telecom,South,UK,West Sarahhaven,ihays@king-mullins.com,950-954-1566x7652,2024-09-20,Suspended,Net 60,123523.0,Sneha Patel,CON00148,Security,Firewall,15.0,572.0,36675.0,10.0,18.0,Quarterly,36.0,Gold,12.0,2026.0,2445.0,2445.0,2500.0,2390.0,36675.0,2026-04-26,2026-05-26,USD,Paid,Paid,2.0,6601.5,6601.5,10.0,3667.5,39609.0,0,0,0,0,0,0,0,0,,0.0,0,60.0,693,1.8973305954825461,0.0,1.0,-2934.0,1.08,0.0,1.0,0.0,0,15.0,16.2,-1.1999999999999993,4.274475524475524,0.0,1.0224948875255624,0.9775051124744376,2026,4,26,6,2,2026,5,26,0.0967,9.67,0,No Revenue Leakage,LOW,0.0
TEST000412,CUST00271,Bailey and Sons,SMB,Telecom,East,Singapore,Henryburgh,anna93@bolton.com,(413)271-5041x65915,2022-04-14,Active,Net 15,915580.0,John Thomas,CON00073,Cloud,Business Cloud,20.0,2446.0,39020.0,5.0,18.0,Yearly,24.0,Platinum,11.0,2026.0,1951.0,1951.0,1992.0,1881.0,39020.0,2025-10-18,2025-11-17,INR,Paid,Overdue,1.0,7023.6,7023.6,5.0,1951.0,44092.6,0,0,0,0,0,0,0,0,,0.0,0,15.0,1583,4.334017796030117,0.0,1.0,-5072.5999999999985,1.13,0.0,1.0,0.0,0,20.0,22.599999999999998,-2.599999999999998,0.7976287816843827,0.0,1.0210148641722194,0.9641209636084059,2025,10,18,5,4,2025,11,17,0.1167,11.67,0,No Revenue Leakage,LOW,0.0
TEST000413,CUST00461,Robinson-Gay,Enterprise,Manufacturing,North,Australia,Gregoryburgh,wpierce@barnes.com,451-458-8863x67747,2024-12-30,Active,Net 60,665458.0,Rahul Sharma,CON00080,Internet,Fiber 1000,10.0,2858.0,9580.0,5.0,18.0,Quarterly,36.0,Silver,10.0,2026.0,958.0,958.0,986.0,797.0,9580.0,2025-08-19,2025-09-18,USD,Paid,Pending,2.0,1724.4,1724.4,5.0,479.0,10825.4,0,0,0,0,0,0,0,0,,0.0,0,60.0,592,1.620807665982204,0.0,1.0,-1245.3999999999996,1.13,0.0,1.0,0.0,0,10.0,11.299999999999999,-1.299999999999999,0.3351994401679496,0.0,1.0292275574112735,0.8319415448851775,2025,8,19,1,3,2025,9,18,0.1019,10.19,0,No Revenue Leakage,LOW,0.0
TEST000414,CUST00191,"Stokes, James and Deleon",SMB,Telecom,South,USA,Michaelchester,hconrad@adkins.com,+1-460-248-0589x2583,2024-12-08,Active,Net 15,306609.0,Sneha Patel,CON00113,Security,Firewall,15.0,1394.0,30030.0,15.0,18.0,Quarterly,12.0,Platinum,10.0,2026.0,2002.0,2002.0,2122.0,1948.0,30030.0,2025-12-23,2026-01-22,USD,Paid,Overdue,3.0,5405.4,5405.4,15.0,4504.5,30930.9,0,0,0,0,0,0,0,0,,0.0,0,15.0,614,1.68104038329911,0.0,1.0,-900.9000000000015,1.03,0.0,1.0,0.0,0,15.0,15.450000000000001,-0.45000000000000107,1.4361549497847919,0.0,1.05994005994006,0.973026973026973,2025,12,23,1,4,2026,1,22,0.0367,3.67,0,No Revenue Leakage,LOW,0.0
TEST000415,CUST00493,"Baker, Osborn and Mckenzie",Enterprise,IT,South,Australia,Castroshire,qobrien@williams-rodriguez.com,001-211-735-9966,2025-05-04,Inactive,Net 60,561603.0,Arjun Kumar,CON00110,Internet,Fiber 300,10.0,2709.0,18720.0,10.0,18.0,Quarterly,36.0,Bronze,2.0,2026.0,1872.0,1872.0,1930.0,1721.0,18720.0,2026-07-03,2026-08-02,EUR,Generated,Overdue,2.0,3369.6,3369.6,10.0,1872.0,20217.6,0,0,0,0,0,0,0,0,,0.0,0,60.0,467,1.2785763175906912,0.0,1.0,-1497.5999999999985,1.0799999999999998,0.0,1.0,0.0,0,10.0,10.799999999999999,-0.7999999999999989,0.6910299003322259,0.0,1.0309829059829059,0.9193376068376068,2026,7,3,4,3,2026,8,2,0.0726,7.26,0,No Revenue Leakage,LOW,0.0
TEST000416,CUST00221,Williams Group,SMB,Logistics,North,India,Alvarezfort,noahthornton@baker-moreno.biz,7478658018,2023-11-30,Active,Net 60,780051.0,Arjun Kumar,CON00135,Voice,Voice Premium,5.0,2326.0,2620.0,15.0,18.0,Quarterly,24.0,Platinum,3.0,2026.0,524.0,524.0,814.0,432.0,2620.0,2025-10-08,2025-11-07,USD,Sent,Overdue,2.0,471.6,471.6,15.0,393.0,2698.6,0,0,0,0,0,0,0,0,,0.0,0,60.0,988,2.704996577686516,0.0,1.0,-78.59999999999991,1.03,0.0,1.0,0.0,0,5.0,5.1499999999999995,-0.14999999999999947,0.22527944969905417,0.0,1.5534351145038168,0.8244274809160306,2025,10,8,2,4,2025,11,7,0.0401,4.01,0,No Revenue Leakage,LOW,0.0
TEST000417,CUST00008,Jones-Young,SMB,IT,South,Australia,Lewisberg,esanchez@lee-davis.biz,(566)970-1065x133,2022-10-15,Inactive,Net 60,301995.0,Arjun Kumar,CON00068,Internet,Fiber 100,10.0,1917.0,23710.0,10.0,18.0,Monthly,24.0,Gold,9.0,2026.0,2371.0,2371.0,2418.0,2341.0,23710.0,2025-12-23,2026-01-22,EUR,Paid,Overdue,3.0,4267.8,4267.8,10.0,2371.0,25606.8,0,0,0,0,0,0,0,0,,0.0,0,60.0,1399,3.8302532511978096,0.0,1.0,-1896.7999999999993,1.08,0.0,1.0,0.0,0,10.0,10.799999999999999,-0.7999999999999989,1.236828377673448,0.0,1.0198228595529313,0.9873471109236609,2025,12,23,1,4,2026,1,22,0.1853,18.53,0,No Revenue Leakage,LOW,0.0
TEST000418,CUST00432,"Ingram, Green and Stewart",Government,Education,North,Singapore,Lambchester,dgreen@washington-robinson.com,276-239-2831x9952,2024-10-27,Active,Net 45,663375.0,Sneha Patel,CON00120,Internet,Fiber 100,10.0,2423.0,16410.0,15.0,18.0,Yearly,36.0,Bronze,12.0,2026.0,1641.0,1641.0,1839.0,1517.0,16410.0,2026-03-15,2026-04-14,USD,Generated,Overdue,3.0,2953.8,2953.8,15.0,2461.5,16902.3,0,0,0,0,0,0,0,0,,0.0,0,45.0,656,1.7960301163586585,0.0,1.0,-492.2999999999993,1.03,0.0,1.0,0.0,0,10.0,10.299999999999999,-0.29999999999999893,0.6772595955427156,0.0,1.1206581352833638,0.9244363193174894,2026,3,15,6,1,2026,4,14,0.0189,1.89,0,No Revenue Leakage,LOW,0.0
TEST000419,CUST00378,Bell-Daniels,Retail,Healthcare,South,India,Danielburgh,lpatterson@larson.biz,+1-349-911-1109x6179,2025-11-16,Active,Net 45,342985.0,Rahul Sharma,CON00054,Internet,Fiber 100,10.0,2600.0,23300.0,5.0,18.0,Quarterly,36.0,Bronze,7.0,2026.0,2330.0,2330.0,2354.0,2310.0,23300.0,2026-05-02,2026-06-01,EUR,Sent,Overdue,3.0,4194.0,4194.0,5.0,1165.0,26329.0,0,0,0,0,0,1,0,0,Duplicate Invoice,26329.0,1,45.0,271,0.7419575633127995,0.0,1.0,-3029.0,1.13,0.0,1.0,0.0,0,10.0,11.3,-1.3000000000000007,0.8961538461538462,0.0,1.0103004291845494,0.9914163090128756,2026,5,2,5,2,2026,6,1,0.0773,7.73,0,No Revenue Leakage,LOW,0.0
TEST000420,CUST00331,Sherman-Munoz,Government,Telecom,South,India,Nathanmouth,lisa56@bishop-hester.com,607-562-0918,2024-09-23,Suspended,Net 30,321830.0,Arjun Kumar,CON00022,Voice,Voice Premium,5.0,612.0,10810.0,15.0,18.0,Yearly,24.0,Silver,9.0,2026.0,2162.0,2162.0,2319.0,2118.0,10810.0,2026-03-19,2026-04-18,EUR,Sent,Pending,2.0,1945.8,1171.8752172882982,15.0,1621.5,10360.38,1,0,0,0,0,0,0,0,Missing GST,773.92,1,30.0,690,1.88911704312115,0.0,1.0,449.6200000000008,0.9584070305272895,773.9247827117017,0.6022588227404143,0.0,0,5.0,4.792035152636448,0.20796484736355225,3.5326797385620914,0.0,1.072617946345976,0.9796484736355227,2026,3,19,3,1,2026,4,18,0.9977,99.77,1,Revenue Leakage Detected,HIGH,449.6200000000008
TEST000421,CUST00074,"Washington, Bernard and Ramirez",Government,Telecom,North,Australia,Jeffreyport,janet75@bailey-peck.com,919-686-6524x0415,2025-09-02,Suspended,Net 30,717521.0,Sneha Patel,CON00153,Cloud,Enterprise Cloud,20.0,2129.0,39520.0,15.0,18.0,Yearly,24.0,Silver,1.0,2026.0,1976.0,1976.0,2111.0,1945.0,39520.0,2026-06-12,2026-07-12,USD,Paid,Overdue,3.0,7113.6,7113.6,25.0,9880.0,36753.6,0,0,1,0,0,0,0,0,Extra Discount,3952.0,1,30.0,346,0.947296372347707,0.0,1.0,2766.4000000000015,0.9299999999999999,0.0,1.0,-10.0,1,20.0,18.599999999999998,1.4000000000000021,0.9281352747768905,0.0,1.06831983805668,0.9843117408906883,2026,6,12,4,2,2026,7,12,0.9997,99.97,1,Revenue Leakage Detected,HIGH,2766.4000000000015
TEST000422,CUST00038,Landry-Huerta,Government,Logistics,West,USA,Daniellechester,stephen43@castaneda-rodriguez.biz,001-259-944-0640,2024-01-12,Active,Net 60,520587.0,Rahul Sharma,CON00142,Voice,Voice Premium,5.0,1059.0,8000.0,0.0,18.0,Yearly,36.0,Platinum,4.0,2026.0,1600.0,1600.0,1742.0,1440.0,8000.0,2026-03-06,2026-04-05,EUR,Paid,Overdue,3.0,1440.0,1440.0,0.0,0.0,9440.0,0,0,0,0,0,0,0,0,,0.0,0,60.0,945,2.5872689938398357,0.0,1.0,-1440.0,1.18,0.0,1.0,0.0,0,5.0,5.9,-0.9000000000000004,1.5108593012275733,0.0,1.08875,0.9,2026,3,6,4,1,2026,4,5,0.0188,1.88,0,No Revenue Leakage,LOW,0.0
TEST000423,CUST00188,"Cruz, Lee and Sandoval",Retail,Finance,South,Singapore,New Kara,xreese@ray.biz,922-786-8528,2024-04-11,Active,Net 30,491501.0,John Thomas,CON00083,SaaS,ERP,25.0,2519.0,59650.0,10.0,18.0,Quarterly,24.0,Bronze,12.0,2026.0,2386.0,2386.0,2447.0,2220.0,59650.0,2025-11-01,2025-12-01,USD,Generated,Overdue,2.0,10737.0,10737.0,10.0,5965.0,64422.0,0,0,0,0,0,0,0,0,,0.0,0,30.0,855,2.3408624229979464,0.0,1.0,-4772.0,1.08,0.0,1.0,0.0,0,25.0,27.0,-2.0,0.9472012703453752,0.0,1.0255658005029338,0.9304274937133278,2025,11,1,5,4,2025,12,1,0.024,2.4,0,No Revenue Leakage,LOW,0.0
TEST000424,CUST00184,Porter Ltd,Government,Finance,East,India,Sarahton,kellyeric@moody.net,+1-657-930-6524x0778,2023-03-18,Suspended,Net 15,758754.0,Sneha Patel,CON00076,Voice,Voice Premium,5.0,1616.0,12190.0,15.0,18.0,Monthly,24.0,Gold,2.0,2026.0,2438.0,2438.0,2474.0,2315.0,12190.0,2025-09-20,2025-10-20,USD,Sent,Pending,2.0,2194.2,2194.2,15.0,1828.5,12555.7,0,0,0,0,0,0,0,0,,0.0,0,15.0,1245,3.4086242299794662,0.0,1.0,-365.7000000000007,1.03,0.0,1.0,0.0,0,5.0,5.15,-0.15000000000000036,1.5086633663366336,0.0,1.014766201804758,0.9495488105004102,2025,9,20,5,3,2025,10,20,0.0665,6.65,0,No Revenue Leakage,LOW,0.0
TEST000425,CUST00221,Williams Group,SMB,Logistics,North,India,Alvarezfort,noahthornton@baker-moreno.biz,7478658018,2023-11-30,Active,Net 60,780051.0,Arjun Kumar,CON00002,Voice,Voice Premium,5.0,1939.0,10330.0,0.0,18.0,Yearly,24.0,Silver,6.0,2026.0,2066.0,2066.0,2227.0,1894.0,10330.0,2026-04-07,2026-05-07,EUR,Sent,Overdue,2.0,1859.4,1859.4,0.0,0.0,12189.4,0,0,0,0,0,1,0,0,Duplicate Invoice,12189.4,1,60.0,988,2.704996577686516,0.0,1.0,-1859.3999999999996,1.18,0.0,1.0,0.0,0,5.0,5.8999999999999995,-0.8999999999999995,1.0654976792160908,0.0,1.0779283639883834,0.9167473378509197,2026,4,7,1,2,2026,5,7,0.0414,4.14,0,No Revenue Leakage,LOW,0.0
TEST000426,CUST00092,Davis LLC,Enterprise,Manufacturing,South,Singapore,Wardview,andersonjacob@hawkins-hunt.com,2156819956,2025-02-11,Inactive,Net 30,80355.0,Arjun Kumar,CON00062,Security,Firewall,15.0,806.0,39990.0,0.0,18.0,Yearly,36.0,Platinum,5.0,2026.0,2666.0,2666.0,2908.0,2508.0,39990.0,2026-05-14,2026-06-13,USD,Sent,Paid,3.0,7198.2,7198.2,0.0,0.0,47188.2,0,0,0,0,0,0,0,0,,0.0,0,30.0,549,1.5030800821355237,0.0,1.0,-7198.199999999997,1.18,0.0,1.0,0.0,0,15.0,17.7,-2.6999999999999993,3.3076923076923075,0.0,1.0907726931732933,0.940735183795949,2026,5,14,3,2,2026,6,13,0.0261,2.61,0,No Revenue Leakage,LOW,0.0
TEST000427,CUST00407,"Webb, Estes and Obrien",Government,IT,West,India,New Jeanette,david59@bailey.com,5233117753,2023-01-28,Inactive,Net 15,980997.0,Arjun Kumar,CON00167,SaaS,CRM,25.0,2413.0,34925.0,15.0,18.0,Monthly,36.0,Bronze,2.0,2026.0,1397.0,1397.0,1571.0,1333.0,34925.0,2025-11-25,2025-12-25,EUR,Paid,Paid,2.0,6286.5,6286.5,15.0,5238.75,35972.75,0,0,0,0,0,0,0,0,,0.0,0,15.0,1294,3.542778918548939,0.0,1.0,-1047.75,1.03,0.0,1.0,0.0,0,25.0,25.75,-0.75,0.5789473684210527,0.0,1.124552612741589,0.9541875447387258,2025,11,25,1,4,2025,12,25,0.0564,5.64,0,No Revenue Leakage,LOW,0.0
TEST000428,CUST00500,Hansen-Brown,Enterprise,Manufacturing,West,Singapore,Thomasberg,flemingcameron@hill.com,001-597-862-6374x845,2022-10-28,Active,Net 15,459064.0,Rahul Sharma,CON00020,Internet,Fiber 300,10.0,776.0,25500.0,15.0,18.0,Quarterly,24.0,Bronze,6.0,2026.0,2550.0,2550.0,2682.0,2378.0,25500.0,2026-03-12,2026-04-11,USD,Generated,Paid,1.0,4590.0,4590.0,15.0,3825.0,26265.0,0,0,0,0,0,0,0,1,Late Billing,2039.0,1,15.0,1386,3.7946611909650922,0.0,1.0,-765.0,1.03,0.0,1.0,0.0,0,10.0,10.3,-0.3000000000000007,3.286082474226804,0.0,1.051764705882353,0.9325490196078431,2026,3,12,3,1,2026,4,11,0.0543,5.43,0,No Revenue Leakage,LOW,0.0
TEST000429,CUST00349,Smith Ltd,SMB,Manufacturing,West,Australia,South Michael,jordanjames@robertson.info,8244376545,2026-02-27,Suspended,Net 30,110545.0,Arjun Kumar,CON00192,Security,Firewall,15.0,1184.0,34575.0,5.0,18.0,Quarterly,12.0,Bronze,1.0,2026.0,2305.0,2305.0,2544.0,2209.0,34575.0,2026-05-27,2026-06-26,INR,Generated,Pending,3.0,6223.5,6223.5,5.0,1728.75,29317.94,0,0,0,0,1,0,0,0,Missing Charge,9751.81,1,30.0,168,0.459958932238193,0.0,1.0,5257.060000000001,0.8479519884309472,0.0,1.0,0.0,0,15.0,12.719279826464208,2.2807201735357925,1.9467905405405406,0.0,1.1036876355748373,0.958351409978308,2026,5,27,2,2,2026,6,26,0.9997,99.97,1,Revenue Leakage Detected,HIGH,5257.060000000001
TEST000430,CUST00190,"Dixon, Duncan and Duncan",Retail,Finance,North,India,North Stevenberg,josephpreston@hall.com,001-369-631-5727,2021-11-30,Suspended,Net 15,891461.0,John Thomas,CON00090,Voice,Voice Basic,5.0,773.0,8810.0,0.0,18.0,Monthly,12.0,Platinum,2.0,2026.0,1762.0,1762.0,1939.0,1737.0,8810.0,2026-03-17,2026-04-16,EUR,Paid,Pending,1.0,1585.8,1585.8,0.0,0.0,10395.8,0,0,0,0,0,0,0,0,,0.0,0,15.0,1718,4.70362765229295,0.0,1.0,-1585.7999999999993,1.18,0.0,1.0,0.0,0,5.0,5.8999999999999995,-0.8999999999999995,2.2794307891332473,0.0,1.1004540295119183,0.9858115777525539,2026,3,17,1,1,2026,4,16,0.1006,10.06,0,No Revenue Leakage,LOW,0.0
TEST000431,CUST00058,Brooks Inc,SMB,Finance,West,UK,Sarahmouth,devinmitchell@horton-taylor.info,390.610.4328x986,2023-08-14,Active,Net 30,755086.0,Sneha Patel,CON00066,Internet,Fiber 100,10.0,2347.0,24500.0,15.0,18.0,Quarterly,36.0,Gold,6.0,2026.0,2450.0,2450.0,2673.0,2338.0,24500.0,2026-05-19,2026-06-18,INR,Paid,Overdue,1.0,4410.0,4410.0,15.0,3675.0,25235.0,0,0,0,0,0,0,0,0,,0.0,0,30.0,1096,3.0006844626967832,0.0,1.0,-735.0,1.03,0.0,1.0,0.0,0,10.0,10.3,-0.3000000000000007,1.043885811674478,0.0,1.0910204081632653,0.9542857142857143,2026,5,19,1,2,2026,6,18,0.0515,5.15,0,No Revenue Leakage,LOW,0.0
TEST000432,CUST00420,"Love, Brown and Klein",SMB,Education,West,India,Theresatown,amber09@bailey.net,618.413.3595x616,2021-10-21,Inactive,Net 30,639921.0,John Thomas,CON00070,Voice,Voice Basic,5.0,1572.0,4030.0,10.0,18.0,Quarterly,12.0,Platinum,8.0,2026.0,806.0,806.0,919.0,675.0,4030.0,2025-10-31,2025-11-30,USD,Sent,Overdue,3.0,725.4,725.4,10.0,403.0,4352.4,0,0,0,0,0,0,0,0,,0.0,0,30.0,1758,4.813141683778234,0.0,1.0,-322.39999999999964,1.0799999999999998,0.0,1.0,0.0,0,5.0,5.3999999999999995,-0.39999999999999947,0.5127226463104325,0.0,1.1401985111662531,0.8374689826302729,2025,10,31,4,4,2025,11,30,0.0249,2.49,0,No Revenue Leakage,LOW,0.0
TEST000433,CUST00024,Hunter LLC,SMB,Telecom,West,Singapore,Port Robertfort,hamiltonmichael@zimmerman-graham.net,+1-949-587-7694x5314,2025-07-19,Inactive,Net 30,202906.0,Priya Nair,CON00013,Cloud,Business Cloud,20.0,898.0,54700.0,10.0,18.0,Yearly,36.0,Platinum,6.0,2026.0,2735.0,2735.0,2741.0,2564.0,54700.0,2026-03-18,2026-04-17,EUR,Sent,Overdue,3.0,9846.0,9846.0,10.0,5470.0,59076.0,0,0,0,0,0,0,0,0,,0.0,0,30.0,391,1.0704996577686516,0.0,1.0,-4376.0,1.08,0.0,1.0,0.0,0,20.0,21.6,-1.6000000000000014,3.0456570155902005,0.0,1.0021937842778794,0.9374771480804388,2026,3,18,2,1,2026,4,17,0.0662,6.62,0,No Revenue Leakage,LOW,0.0
TEST000434,CUST00255,Thompson Ltd,Enterprise,Telecom,South,Singapore,Nicoleburgh,tjordan@price.info,+1-888-797-7828x06479,2024-01-06,Suspended,Net 60,333707.0,Rahul Sharma,CON00079,Voice,Voice Premium,5.0,1855.0,14650.0,10.0,18.0,Monthly,24.0,Bronze,2.0,2026.0,2930.0,2930.0,3174.0,2817.0,14650.0,2025-12-01,2025-12-31,EUR,Sent,Pending,2.0,2637.0,2637.0,10.0,1465.0,15822.0,0,0,0,0,0,0,0,0,,0.0,0,60.0,951,2.6036960985626285,0.0,1.0,-1172.0,1.08,0.0,1.0,0.0,0,5.0,5.4,-0.40000000000000036,1.5795148247978437,0.0,1.0832764505119454,0.9614334470989762,2025,12,1,0,4,2025,12,31,0.0595,5.95,0,No Revenue Leakage,LOW,0.0
TEST000435,CUST00163,Anderson PLC,Government,Telecom,West,Singapore,East Crystal,macdonalddylan@scott.net,(899)404-1379x7723,2026-07-21,Active,Net 60,365172.0,Priya Nair,CON00107,Internet,Fiber 300,10.0,1368.0,8660.0,0.0,18.0,Yearly,24.0,Gold,9.0,2026.0,866.0,866.0,1159.0,759.0,8660.0,2026-03-15,2026-04-14,USD,Generated,Paid,2.0,1558.8,1558.8,0.0,0.0,10218.8,0,0,0,0,0,0,0,0,,0.0,0,60.0,24,0.06570841889117043,0.0,1.0,-1558.7999999999993,1.18,0.0,1.0,0.0,0,10.0,11.799999999999999,-1.799999999999999,0.6330409356725146,0.0,1.338337182448037,0.8764434180138568,2026,3,15,6,1,2026,4,14,0.0656,6.56,0,No Revenue Leakage,LOW,0.0
TEST000436,CUST00297,Peters-Horton,Enterprise,Logistics,East,USA,Farmerside,cobbdebra@ryan.info,+1-215-569-5620x17537,2021-10-06,Suspended,Net 30,831725.0,Priya Nair,CON00013,Cloud,Business Cloud,20.0,898.0,58740.0,10.0,18.0,Yearly,36.0,Platinum,12.0,2026.0,2937.0,2937.0,2966.0,2936.0,58740.0,2025-11-21,2025-12-21,USD,Sent,Overdue,2.0,10573.2,10573.2,10.0,5874.0,63439.2,0,0,0,0,0,1,0,0,Duplicate Invoice,63439.2,1,30.0,1773,4.854209445585216,0.0,1.0,-4699.199999999997,1.0799999999999998,0.0,1.0,0.0,0,20.0,21.599999999999998,-1.5999999999999979,3.2706013363028954,0.0,1.0098740211099761,0.9996595165134491,2025,11,21,4,4,2025,12,21,0.0221,2.21,0,No Revenue Leakage,LOW,0.0
TEST000437,CUST00493,"Baker, Osborn and Mckenzie",Enterprise,IT,South,Australia,Castroshire,qobrien@williams-rodriguez.com,001-211-735-9966,2025-05-04,Inactive,Net 60,561603.0,Arjun Kumar,CON00121,Voice,Voice Premium,5.0,1492.0,3595.0,0.0,18.0,Yearly,12.0,Bronze,1.0,2026.0,719.0,719.0,935.0,543.0,3595.0,2026-04-26,2026-05-26,INR,Paid,Pending,3.0,647.1,647.1,0.0,0.0,3504.08,0,0,0,1,0,0,0,0,Wrong Pricing,738.02,1,60.0,467,1.2785763175906912,0.0,1.0,90.92000000000007,0.9747093184979138,0.0,1.0,0.0,0,5.0,4.873546592489569,0.12645340751043133,0.4819034852546917,0.0,1.3004172461752435,0.7552155771905424,2026,4,26,6,2,2026,5,26,0.9996,99.96,1,Revenue Leakage Detected,HIGH,90.92000000000007
TEST000438,CUST00066,"Jones, Owens and Holmes",Government,Logistics,North,Australia,Port Kimberly,katrinaanderson@bartlett.com,422-653-5841x4384,2026-02-18,Suspended,Net 45,790427.0,Priya Nair,CON00074,SaaS,ERP,25.0,2081.0,46675.0,0.0,18.0,Quarterly,12.0,Silver,10.0,2026.0,1867.0,1867.0,2117.0,1695.0,46675.0,2026-03-12,2026-04-11,USD,Sent,Pending,3.0,8401.5,8401.5,0.0,0.0,55076.5,0,0,0,0,0,0,0,0,,0.0,0,45.0,177,0.48459958932238195,0.0,1.0,-8401.5,1.18,0.0,1.0,0.0,0,25.0,29.5,-4.5,0.897164824603556,0.0,1.1339046598821638,0.9078735940010713,2026,3,12,3,1,2026,4,11,0.0807,8.07,0,No Revenue Leakage,LOW,0.0
TEST000439,CUST00101,Taylor-Ochoa,SMB,Telecom,West,Australia,Ortizfort,cmckinney@jackson-cunningham.com,304-638-4279x7881,2026-03-20,Active,Net 60,594447.0,John Thomas,CON00037,Internet,Fiber 300,10.0,1598.0,16190.0,0.0,18.0,Monthly,24.0,Gold,2.0,2026.0,1619.0,1619.0,1631.0,1568.0,16190.0,2025-09-29,2025-10-29,USD,Generated,Pending,2.0,2914.2,2914.2,0.0,0.0,19104.2,0,0,0,0,0,0,0,0,,0.0,0,60.0,147,0.4024640657084189,0.0,1.0,-2914.2000000000007,1.18,0.0,1.0,0.0,0,10.0,11.8,-1.8000000000000007,1.0131414267834793,0.0,1.0074119827053736,0.9684990735021618,2025,9,29,0,3,2025,10,29,0.0925,9.25,0,No Revenue Leakage,LOW,0.0
TEST000440,CUST00404,Wells PLC,Government,Manufacturing,East,USA,Myersville,richard23@green.org,562-902-2328,2025-09-06,Suspended,Net 30,906985.0,John Thomas,CON00178,Voice,Voice Premium,5.0,911.0,8825.0,15.0,18.0,Yearly,36.0,Bronze,2.0,2026.0,1765.0,1765.0,1862.0,1752.0,8825.0,2025-09-17,2025-10-17,EUR,Generated,Paid,3.0,1588.5,1588.5,15.0,1323.75,9089.75,0,0,0,0,0,0,0,0,,0.0,0,30.0,342,0.9363449691991786,0.0,1.0,-264.75,1.03,0.0,1.0,0.0,0,5.0,5.15,-0.15000000000000036,1.937431394072448,0.0,1.054957507082153,0.9926345609065156,2025,9,17,2,3,2025,10,17,0.0504,5.04,0,No Revenue Leakage,LOW,0.0
TEST000441,CUST00006,"Gonzalez, Brooks and Martin",Retail,Logistics,West,India,New Mariotown,hickmannatasha@allen-allen.org,417-618-2278,2026-01-31,Suspended,Net 15,578178.0,Sneha Patel,CON00109,SaaS,ERP,25.0,2491.0,67325.0,0.0,18.0,Yearly,12.0,Gold,2.0,2026.0,2693.0,2693.0,2743.0,2606.0,67325.0,2026-06-08,2026-07-08,USD,Generated,Paid,1.0,12118.5,12118.5,0.0,0.0,79443.5,0,0,0,0,0,0,0,0,,0.0,0,15.0,195,0.5338809034907598,0.0,1.0,-12118.5,1.18,0.0,1.0,0.0,0,25.0,29.5,-4.5,1.081091930951425,0.0,1.0185666542888971,0.967694021537319,2026,6,8,0,2,2026,7,8,0.056,5.6,0,No Revenue Leakage,LOW,0.0
TEST000442,CUST00233,Harris-Martinez,Retail,Finance,South,Australia,West Derekmouth,wbarnes@robinson-phillips.com,+1-992-698-3168x7397,2021-09-20,Active,Net 60,922388.0,Sneha Patel,CON00132,SaaS,ERP,25.0,2869.0,20525.0,5.0,18.0,Quarterly,12.0,Bronze,4.0,2026.0,821.0,821.0,1009.0,753.0,20525.0,2025-11-19,2025-12-19,USD,Sent,Paid,1.0,3694.5,3694.5,5.0,1026.25,23193.25,0,0,0,0,0,0,0,0,,0.0,0,60.0,1789,4.898015058179329,0.0,1.0,-2668.25,1.13,0.0,1.0,0.0,0,25.0,28.25,-3.25,0.2861624259323806,0.0,1.2289890377588306,0.9171741778319124,2025,11,19,2,4,2025,12,19,0.2462,24.62,0,No Revenue Leakage,LOW,0.0
TEST000443,CUST00264,Moon Ltd,Retail,IT,South,India,Natashachester,hillchristopher@ruiz-gutierrez.com,001-961-224-8156x985,2022-01-14,Active,Net 15,226076.0,Rahul Sharma,CON00079,Voice,Voice Premium,5.0,1855.0,8900.0,10.0,18.0,Monthly,24.0,Bronze,10.0,2026.0,1780.0,1780.0,1838.0,1719.0,8900.0,2025-09-15,2025-10-15,USD,Paid,Overdue,3.0,1602.0,1602.0,20.0,1780.0,8722.0,0,0,1,0,0,0,0,0,Extra Discount,890.0,1,15.0,1673,4.5804243668720055,0.0,1.0,178.0,0.98,0.0,1.0,-10.0,1,5.0,4.9,0.09999999999999964,0.9595687331536388,0.0,1.0325842696629213,0.9657303370786516,2025,9,15,0,3,2025,10,15,0.9998,99.98,1,Revenue Leakage Detected,HIGH,178.0
TEST000444,CUST00311,Payne LLC,Retail,Logistics,North,Singapore,Lake Mark,julie43@munoz.net,804-545-6690x782,2023-07-12,Suspended,Net 45,946782.0,Arjun Kumar,CON00093,Voice,Voice Basic,5.0,604.0,14845.0,0.0,18.0,Quarterly,12.0,Bronze,1.0,2026.0,2969.0,2969.0,3019.0,2929.0,14845.0,2026-01-25,2026-02-24,USD,Paid,Paid,2.0,2672.1,2672.1,0.0,0.0,17517.1,0,0,0,0,0,0,0,0,,0.0,0,45.0,1129,3.0910335386721424,0.0,1.0,-2672.0999999999985,1.18,0.0,1.0,0.0,0,5.0,5.8999999999999995,-0.8999999999999995,4.9155629139072845,0.0,1.0168406871000337,0.986527450319973,2026,1,25,6,1,2026,2,24,0.0172,1.72,0,No Revenue Leakage,LOW,0.0
TEST000445,CUST00241,Gould LLC,Retail,Logistics,South,Australia,North Tara,deborah47@montes-webster.org,+1-529-975-1702x81406,2024-08-20,Inactive,Net 45,178232.0,Rahul Sharma,CON00194,Internet,Fiber 100,10.0,2374.0,23200.0,10.0,18.0,Quarterly,36.0,Silver,10.0,2026.0,2320.0,2320.0,2569.0,2217.0,23200.0,2025-10-14,2025-11-13,EUR,Paid,Pending,2.0,4176.0,4176.0,10.0,2320.0,25056.0,0,0,0,0,0,0,0,0,,0.0,0,45.0,724,1.9822039698836413,0.0,1.0,-1856.0,1.08,0.0,1.0,0.0,0,10.0,10.8,-0.8000000000000007,0.9772535804549284,0.0,1.1073275862068965,0.9556034482758621,2025,10,14,1,4,2025,11,13,0.0555,5.55,0,No Revenue Leakage,LOW,0.0
TEST000446,CUST00209,"Moore, Peterson and Webb",Government,Finance,North,USA,Kimberlyberg,shortsharon@haney.biz,001-681-204-0915x701,2026-07-05,Suspended,Net 30,742558.0,Sneha Patel,CON00133,Security,SOC,15.0,2488.0,15060.0,5.0,18.0,Quarterly,12.0,Platinum,12.0,2026.0,1004.0,1004.0,1298.0,965.0,15060.0,2025-09-19,2025-10-19,EUR,Sent,Overdue,2.0,2710.8,2710.8,5.0,753.0,17017.8,0,0,0,0,0,0,0,0,,0.0,0,30.0,40,0.10951403148528405,0.0,1.0,-1957.7999999999993,1.13,0.0,1.0,0.0,0,15.0,16.95,-1.9499999999999993,0.40353697749196143,0.0,1.292828685258964,0.9611553784860558,2025,9,19,4,3,2025,10,19,0.0698,6.98,0,No Revenue Leakage,LOW,0.0
TEST000447,CUST00440,Weber PLC,Retail,IT,North,USA,North Michael,michaelsmith@hill.org,001-545-696-4883x1921,2023-02-11,Inactive,Net 45,837019.0,Arjun Kumar,CON00070,Voice,Voice Basic,5.0,1572.0,11885.0,10.0,18.0,Quarterly,12.0,Platinum,6.0,2026.0,2377.0,2377.0,2662.0,2374.0,11885.0,2026-05-01,2026-05-31,EUR,Paid,Pending,2.0,2139.3,2139.3,10.0,1188.5,12835.8,0,0,0,0,0,0,0,0,,0.0,0,45.0,1280,3.5044490075290895,0.0,1.0,-950.7999999999993,1.0799999999999998,0.0,1.0,0.0,0,5.0,5.3999999999999995,-0.39999999999999947,1.512086513994911,0.0,1.1198990323937736,0.9987379049221708,2026,5,1,4,2,2026,5,31,0.0929,9.29,0,No Revenue Leakage,LOW,0.0
TEST000448,CUST00360,"Barber, Richardson and Barrera",Government,Manufacturing,West,Australia,South Hunterburgh,jacobhenry@white.com,(293)312-1637x6182,2024-10-23,Inactive,Net 30,678419.0,Priya Nair,CON00067,Security,SOC,15.0,2052.0,12705.0,10.0,18.0,Quarterly,12.0,Platinum,11.0,2026.0,847.0,847.0,950.0,730.0,12705.0,2025-09-01,2025-10-01,USD,Generated,Paid,1.0,2286.9,2286.9,10.0,1270.5,13721.4,0,0,0,0,0,0,0,0,,0.0,0,30.0,660,1.8069815195071868,0.0,1.0,-1016.3999999999996,1.08,0.0,1.0,0.0,0,15.0,16.2,-1.1999999999999993,0.41276803118908384,0.0,1.1216056670602126,0.8618654073199528,2025,9,1,0,3,2025,10,1,0.0477,4.77,0,No Revenue Leakage,LOW,0.0
TEST000449,CUST00230,"Nelson, Cole and Allen",Enterprise,Healthcare,East,Singapore,New Heather,jennifersalazar@burton.com,(508)633-1819x58837,2022-01-17,Active,Net 15,854034.0,Rahul Sharma,CON00195,Voice,Voice Basic,5.0,1143.0,14785.0,10.0,18.0,Yearly,24.0,Silver,6.0,2026.0,2957.0,2957.0,3036.0,2789.0,14785.0,2026-05-30,2026-06-29,USD,Sent,Overdue,2.0,2661.3,2661.3,10.0,1478.5,15967.8,0,0,0,0,0,0,0,0,,0.0,0,15.0,1670,4.572210814510609,0.0,1.0,-1182.7999999999993,1.0799999999999998,0.0,1.0,0.0,0,5.0,5.3999999999999995,-0.39999999999999947,2.5870516185476817,0.0,1.0267162664863037,0.9431856611430504,2026,5,30,5,2,2026,6,29,0.0304,3.04,0,No Revenue Leakage,LOW,0.0
TEST000450,CUST00011,"Silva, Mills and Donovan",SMB,Telecom,South,USA,Lake Jennifer,josephanderson@evans.com,6794911838,2024-07-25,Inactive,Net 60,585822.0,Arjun Kumar,CON00021,Voice,Voice Premium,5.0,556.0,9585.0,5.0,18.0,Yearly,24.0,Gold,6.0,2026.0,1917.0,1917.0,2083.0,1842.0,9585.0,2025-12-25,2026-01-24,USD,Generated,Pending,2.0,1725.3,1725.3,15.0,1437.75,9872.55,0,0,1,0,0,0,0,0,Extra Discount,958.5,1,60.0,750,2.0533880903490758,0.0,1.0,-287.5499999999993,1.03,0.0,1.0,-10.0,1,5.0,5.1499999999999995,-0.14999999999999947,3.447841726618705,0.0,1.0865936358894106,0.9608763693270735,2025,12,25,3,4,2026,1,24,0.9965,99.65,1,Revenue Leakage Detected,HIGH,0.0
TEST000451,CUST00333,"Thomas, Meyer and Armstrong",Government,Finance,South,India,East Tylerland,marisa87@mosley.info,+1-583-633-2116x02564,2025-08-24,Suspended,Net 60,118619.0,Rahul Sharma,CON00187,Security,Firewall,15.0,1004.0,44940.0,5.0,18.0,Monthly,12.0,Gold,11.0,2026.0,2996.0,2996.0,3021.0,2889.0,44940.0,2026-05-16,2026-06-15,USD,Paid,Overdue,3.0,8089.2,8089.2,5.0,2247.0,48694.98,0,0,0,0,0,0,1,0,Contract Violation,2087.22,1,60.0,355,0.971937029431896,0.0,1.0,-3754.980000000003,1.083555407209613,0.0,1.0,0.0,0,15.0,16.25333110814419,-1.2533311081441916,2.9840637450199203,0.0,1.0083444592790387,0.9642857142857143,2026,5,16,5,2,2026,6,15,0.3275,32.75,0,No Revenue Leakage,LOW,0.0
TEST000452,CUST00047,"Romero, Moore and Olson",Government,Finance,North,India,West Meganstad,farmeraudrey@bruce-villegas.org,+1-480-494-0244x550,2026-05-31,Suspended,Net 60,710960.0,Sneha Patel,CON00169,Cloud,Basic Cloud,20.0,636.0,54860.0,5.0,18.0,Yearly,12.0,Bronze,11.0,2026.0,2743.0,2743.0,2962.0,2653.0,54860.0,2026-06-16,2026-07-16,USD,Generated,Pending,3.0,9874.8,9874.8,5.0,2743.0,61991.8,0,0,0,0,0,0,0,0,,0.0,0,60.0,75,0.2053388090349076,0.0,1.0,-7131.800000000003,1.1300000000000001,0.0,1.0,0.0,0,20.0,22.6,-2.6000000000000014,4.312893081761007,0.0,1.0798395916879329,0.9671892088953701,2026,6,16,1,2,2026,7,16,0.0311,3.11,0,No Revenue Leakage,LOW,0.0
TEST000453,CUST00242,Nguyen PLC,Retail,Logistics,South,Singapore,New Alicia,james18@rhodes-rosario.net,(837)759-9805x6265,2021-09-12,Active,Net 45,182079.0,John Thomas,CON00150,Security,Firewall,15.0,868.0,11220.0,0.0,18.0,Yearly,36.0,Gold,4.0,2026.0,748.0,748.0,753.0,578.0,11220.0,2025-10-20,2025-11-19,USD,Sent,Pending,3.0,2019.6,2019.6,0.0,0.0,13239.6,0,0,0,0,0,0,0,0,,0.0,0,45.0,1797,4.919917864476386,0.0,1.0,-2019.6000000000004,1.18,0.0,1.0,0.0,0,15.0,17.7,-2.6999999999999993,0.8617511520737328,0.0,1.0066844919786095,0.7727272727272727,2025,10,20,0,4,2025,11,19,0.011,1.1,0,No Revenue Leakage,LOW,0.0
TEST000454,CUST00327,"Burns, Barker and Horton",SMB,Telecom,West,Australia,Housebury,timdorsey@mccoy-rhodes.com,897-824-3992x011,2026-08-01,Active,Net 60,981714.0,Rahul Sharma,CON00059,Security,SOC,15.0,2205.0,16170.0,10.0,18.0,Yearly,36.0,Silver,11.0,2026.0,1078.0,1078.0,1297.0,944.0,16170.0,2026-04-16,2026-05-16,EUR,Paid,Overdue,3.0,2910.6,2910.6,10.0,1617.0,17463.6,0,0,0,0,0,0,0,0,,0.0,0,60.0,13,0.03559206023271732,0.0,1.0,-1293.5999999999985,1.0799999999999998,0.0,1.0,0.0,0,15.0,16.2,-1.1999999999999993,0.4888888888888889,0.0,1.2031539888682745,0.87569573283859,2026,4,16,3,2,2026,5,16,0.1987,19.87,0,No Revenue Leakage,LOW,0.0
TEST000455,CUST00079,Bernard Group,Enterprise,Healthcare,West,Singapore,South Julie,robert87@pham.org,587-485-1910,2022-12-30,Inactive,Net 15,246582.0,Sneha Patel,CON00030,Security,SOC,15.0,1738.0,34785.0,5.0,18.0,Quarterly,36.0,Gold,8.0,2026.0,2319.0,2319.0,2359.0,2216.0,34785.0,2026-04-10,2026-05-10,USD,Sent,Overdue,1.0,6261.3,6261.3,5.0,1739.25,31068.03,0,0,0,0,1,0,0,0,Missing Charge,8239.02,1,15.0,1323,3.62217659137577,0.0,1.0,3716.970000000001,0.8931444588184562,0.0,1.0,0.0,0,15.0,13.397166882276842,1.6028331177231578,1.3342922899884926,0.0,1.0172488141440277,0.9555843035791289,2026,4,10,4,2,2026,5,10,0.9998,99.98,1,Revenue Leakage Detected,HIGH,3716.970000000001
TEST000456,CUST00449,Holmes Ltd,Government,Healthcare,East,USA,South Donald,nathan69@morris.com,6264755125,2025-07-26,Inactive,Net 30,771037.0,Arjun Kumar,CON00108,Cloud,Business Cloud,20.0,2409.0,49700.0,15.0,18.0,Yearly,36.0,Platinum,5.0,2026.0,2485.0,2236.0,2564.0,2288.0,49700.0,2025-09-19,2025-10-19,EUR,Paid,Paid,3.0,8946.0,8946.0,15.0,7455.0,46211.0,0,1,0,0,0,0,0,0,Usage Mismatch,4980.0,1,30.0,384,1.051334702258727,249.0,0.8997987927565393,3489.0,0.9297987927565392,0.0,1.0,0.0,0,20.0,20.666815742397137,-0.6668157423971373,1.0315483603154836,0.0,1.0317907444668009,0.9207243460764587,2025,9,19,4,3,2025,10,19,0.999,99.9,1,Revenue Leakage Detected,HIGH,3489.0
TEST000457,CUST00285,Johnson LLC,Retail,Telecom,North,UK,Hardyberg,jason88@boyd-sherman.com,3082943468,2024-10-07,Inactive,Net 45,607685.0,Priya Nair,CON00009,Internet,Fiber 1000,10.0,2208.0,28550.0,10.0,18.0,Quarterly,24.0,Bronze,1.0,2026.0,2855.0,2855.0,3123.0,2746.0,28550.0,2026-02-21,2026-03-23,USD,Paid,Overdue,2.0,5139.0,5139.0,10.0,2855.0,30834.0,0,0,0,0,0,1,0,0,Duplicate Invoice,30834.0,1,45.0,676,1.8507871321013005,0.0,1.0,-2284.0,1.08,0.0,1.0,0.0,0,10.0,10.8,-0.8000000000000007,1.2930253623188406,0.0,1.0938704028021016,0.9618213660245184,2026,2,21,5,1,2026,3,23,0.0415,4.15,0,No Revenue Leakage,LOW,0.0
TEST000458,CUST00241,Gould LLC,Retail,Logistics,South,Australia,North Tara,deborah47@montes-webster.org,+1-529-975-1702x81406,2024-08-20,Inactive,Net 45,178232.0,Rahul Sharma,CON00061,Internet,Fiber 1000,10.0,2559.0,16570.0,15.0,18.0,Yearly,12.0,Bronze,9.0,2026.0,1657.0,1657.0,1911.0,1494.0,16570.0,2025-12-08,2026-01-07,EUR,Generated,Pending,1.0,2982.6,2982.6,15.0,2485.5,17067.1,0,0,0,0,0,0,0,0,,0.0,0,45.0,724,1.9822039698836413,0.0,1.0,-497.09999999999854,1.0299999999999998,0.0,1.0,0.0,0,10.0,10.299999999999999,-0.29999999999999893,0.6475185619382572,0.0,1.1532890766445383,0.9016294508147255,2025,12,8,0,4,2026,1,7,0.0713,7.13,0,No Revenue Leakage,LOW,0.0
TEST000459,CUST00128,Baker-Hood,Enterprise,Telecom,East,USA,East Karenville,barnettlindsey@arellano-lawrence.net,6683687937,2024-12-14,Suspended,Net 30,618535.0,Priya Nair,CON00021,Voice,Voice Premium,5.0,556.0,4335.0,5.0,18.0,Yearly,24.0,Gold,12.0,2026.0,867.0,867.0,872.0,827.0,4335.0,2025-11-24,2025-12-24,INR,Generated,Overdue,3.0,780.3,780.3,5.0,216.75,4898.55,0,0,0,0,0,0,0,0,,0.0,0,30.0,608,1.6646132785763177,0.0,1.0,-563.5500000000002,1.1300000000000001,0.0,1.0,0.0,0,5.0,5.65,-0.6500000000000004,1.5593525179856116,0.0,1.0057670126874279,0.9538638985005767,2025,11,24,0,4,2025,12,24,0.1549,15.49,0,No Revenue Leakage,LOW,0.0
TEST000460,CUST00161,Young-Barnett,Retail,Education,South,USA,Paulmouth,williamsdeborah@padilla.com,001-849-589-2665x9184,2025-12-27,Inactive,Net 45,183515.0,Priya Nair,CON00193,SaaS,ERP,25.0,1031.0,49150.0,15.0,18.0,Monthly,36.0,Gold,2.0,2026.0,1966.0,1966.0,2079.0,1786.0,49150.0,2026-03-25,2026-04-24,EUR,Generated,Overdue,1.0,8847.0,6261.14226465125,15.0,7372.5,48038.64,1,0,0,0,0,0,0,0,Missing GST,2585.86,1,45.0,230,0.6297056810403833,0.0,1.0,1111.3600000000006,0.9773884028484232,2585.85773534875,0.7077136051374759,0.0,0,25.0,24.434710071210578,0.5652899287894222,1.906886517943744,0.0,1.0574771108850458,0.9084435401831129,2026,3,25,2,1,2026,4,24,0.9993,99.93,1,Revenue Leakage Detected,HIGH,1111.3600000000006
TEST000461,CUST00104,Ray LLC,Retail,Manufacturing,East,India,Brooksland,powellkara@mayer.com,001-801-575-1863,2025-10-21,Inactive,Net 30,528007.0,Priya Nair,CON00081,Internet,Fiber 300,10.0,1296.0,28600.0,10.0,18.0,Monthly,36.0,Silver,12.0,2026.0,2860.0,2860.0,2967.0,2819.0,28600.0,2026-06-30,2026-07-30,USD,Paid,Overdue,2.0,5148.0,4626.87175093279,10.0,2860.0,30366.87,1,0,0,0,0,0,0,0,Missing GST,521.13,1,30.0,297,0.813141683778234,0.0,1.0,-1766.869999999999,1.0617786713286712,521.1282490672102,0.8987707363894308,0.0,0,10.0,10.617786713286712,-0.6177867132867121,2.20679012345679,0.0,1.0374125874125875,0.9856643356643356,2026,6,30,1,2,2026,7,30,0.8458,84.58,1,Revenue Leakage Detected,HIGH,0.0
TEST000462,CUST00002,Ramirez-Lewis,Government,Logistics,East,UK,Curtisfurt,howardmaurice@roman-blair.net,361-284-9593,2023-07-15,Active,Net 60,241335.0,John Thomas,CON00050,Security,Endpoint Security,15.0,1148.0,35385.0,0.0,18.0,Quarterly,24.0,Gold,6.0,2026.0,2359.0,2359.0,2529.0,2283.0,35385.0,2025-09-02,2025-10-02,USD,Sent,Overdue,1.0,6369.3,6369.3,0.0,0.0,41754.3,0,0,0,0,0,0,0,0,,0.0,0,60.0,1126,3.082819986310746,0.0,1.0,-6369.300000000003,1.1800000000000002,0.0,1.0,0.0,0,15.0,17.700000000000003,-2.700000000000003,2.0548780487804876,0.0,1.0720644340822383,0.9677829588808817,2025,9,2,1,3,2025,10,2,0.2394,23.94,0,No Revenue Leakage,LOW,0.0
TEST000463,CUST00110,Lewis-Livingston,Government,IT,North,India,Hunterhaven,zhenderson@davidson.org,(741)841-8328,2026-08-01,Inactive,Net 15,881538.0,Sneha Patel,CON00045,SaaS,HRMS,25.0,1624.0,27650.0,0.0,18.0,Yearly,12.0,Bronze,2.0,2026.0,1106.0,1106.0,1286.0,1095.0,27650.0,2025-11-30,2025-12-30,INR,Paid,Paid,2.0,4977.0,4977.0,0.0,0.0,26659.62,0,0,0,0,1,0,0,0,Missing Charge,5967.38,1,15.0,13,0.03559206023271732,0.0,1.0,990.380000000001,0.9641815551537071,0.0,1.0,0.0,0,25.0,24.104538878842675,0.8954611211573251,0.6810344827586207,0.0,1.162748643761302,0.9900542495479204,2025,11,30,6,4,2025,12,30,0.9999,99.99,1,Revenue Leakage Detected,HIGH,990.380000000001
TEST000464,CUST00459,Walker Inc,SMB,IT,West,Singapore,Jeffreyport,omatthews@murphy.com,255-357-2773x82646,2025-09-25,Suspended,Net 45,377231.0,Priya Nair,CON00089,Cloud,Basic Cloud,20.0,1479.0,31660.0,15.0,18.0,Monthly,36.0,Silver,2.0,2026.0,1583.0,1583.0,1854.0,1523.0,31660.0,2026-08-05,2026-09-04,INR,Paid,Overdue,1.0,5698.8,5698.8,15.0,4749.0,32609.8,0,0,0,0,0,0,0,0,,0.0,0,45.0,323,0.8843258042436687,0.0,1.0,-949.7999999999993,1.03,0.0,1.0,0.0,0,20.0,20.599999999999998,-0.5999999999999979,1.070317782285328,0.0,1.1711939355653822,0.9620972836386608,2026,8,5,2,3,2026,9,4,0.0282,2.82,0,No Revenue Leakage,LOW,0.0
TEST000465,CUST00367,"Potter, Gordon and Smith",Retail,IT,East,UK,Fraziermouth,samantha84@perez.com,962.736.9036x28917,2025-01-15,Active,Net 15,602370.0,John Thomas,CON00099,Security,SOC,15.0,974.0,14115.0,15.0,18.0,Quarterly,12.0,Gold,5.0,2026.0,941.0,941.0,1067.0,853.0,14115.0,2025-12-09,2026-01-08,INR,Generated,Paid,3.0,2540.7,2540.7,15.0,2117.25,14538.45,0,0,0,0,0,0,0,0,,0.0,0,15.0,576,1.5770020533880904,0.0,1.0,-423.4500000000007,1.03,0.0,1.0,0.0,0,15.0,15.450000000000001,-0.45000000000000107,0.9661190965092402,0.0,1.1339001062699257,0.9064824654622742,2025,12,9,1,4,2026,1,8,0.1688,16.88,0,No Revenue Leakage,LOW,0.0
TEST000466,CUST00495,"Wong, Yang and Mullins",SMB,Healthcare,East,UK,Port Vincent,cookchristina@trujillo.com,616-959-7263,2024-07-30,Active,Net 60,827881.0,John Thomas,CON00116,SaaS,ERP,25.0,1863.0,68200.0,15.0,18.0,Monthly,24.0,Gold,2.0,2026.0,2728.0,2728.0,2825.0,2610.0,68200.0,2025-10-10,2025-11-09,INR,Paid,Paid,2.0,12276.0,12276.0,15.0,10230.0,50702.01,0,0,0,0,1,0,0,0,Missing Charge,19543.99,1,60.0,745,2.0396988364134154,0.0,1.0,17497.989999999998,0.7434312316715542,0.0,1.0,0.0,0,25.0,18.585780791788856,6.4142192082111436,1.4643048845947397,0.0,1.0355571847507332,0.9567448680351907,2025,10,10,4,4,2025,11,9,0.9972,99.72,1,Revenue Leakage Detected,HIGH,17497.989999999998
TEST000467,CUST00306,Welch LLC,Government,Telecom,South,USA,North Jamesport,jefferygreen@morgan.com,(330)724-1026,2023-05-21,Suspended,Net 45,503449.0,Priya Nair,CON00013,Cloud,Business Cloud,20.0,898.0,43100.0,10.0,18.0,Yearly,36.0,Platinum,5.0,2026.0,2155.0,2155.0,2323.0,2036.0,43100.0,2025-11-18,2025-12-18,EUR,Paid,Pending,1.0,7758.0,7758.0,25.0,10775.0,40083.0,0,0,1,0,0,0,0,0,Extra Discount,6465.0,1,45.0,1181,3.2334017796030117,0.0,1.0,3017.0,0.93,0.0,1.0,-15.0,1,20.0,18.6,1.3999999999999986,2.3997772828507795,0.0,1.0779582366589326,0.9447795823665893,2025,11,18,1,4,2025,12,18,0.9995,99.95,1,Revenue Leakage Detected,HIGH,3017.0
TEST000468,CUST00295,Hess PLC,Retail,Finance,South,Singapore,Deniseburgh,brownsandra@harper-franco.biz,(839)384-0289x141,2022-10-13,Suspended,Net 60,846657.0,Sneha Patel,CON00143,Security,SOC,15.0,524.0,30240.0,0.0,18.0,Monthly,24.0,Bronze,3.0,2026.0,2016.0,2016.0,2270.0,1840.0,30240.0,2025-11-16,2025-12-16,INR,Generated,Paid,1.0,5443.2,5443.2,0.0,0.0,35683.2,0,0,0,0,0,0,0,0,,0.0,0,60.0,1401,3.8357289527720737,0.0,1.0,-5443.199999999997,1.18,0.0,1.0,0.0,0,15.0,17.7,-2.6999999999999993,3.8473282442748094,0.0,1.1259920634920635,0.9126984126984127,2025,11,16,6,4,2025,12,16,0.1425,14.25,0,No Revenue Leakage,LOW,0.0
TEST000469,CUST00414,Bailey-Rios,Enterprise,Finance,North,USA,West David,hmendoza@jones.info,001-353-274-5843x845,2024-07-17,Active,Net 45,299430.0,Priya Nair,CON00040,Security,Firewall,15.0,1167.0,38910.0,10.0,18.0,Monthly,12.0,Bronze,7.0,2026.0,2594.0,2594.0,2843.0,2403.0,38910.0,2025-09-02,2025-10-02,EUR,Generated,Pending,3.0,7003.8,7003.8,10.0,3891.0,42022.8,0,0,0,0,0,0,0,0,,0.0,0,45.0,758,2.0752908966461328,0.0,1.0,-3112.800000000003,1.08,0.0,1.0,0.0,0,15.0,16.200000000000003,-1.2000000000000028,2.2227934875749784,0.0,1.0959907478797224,0.9263685427910563,2025,9,2,1,3,2025,10,2,0.0276,2.76,0,No Revenue Leakage,LOW,0.0
TEST000470,CUST00335,Anderson-Edwards,Government,Telecom,East,Australia,Raytown,bryan83@whitney-flores.com,+1-528-999-3160x87524,2025-06-22,Active,Net 15,787565.0,Sneha Patel,CON00119,Voice,Voice Basic,5.0,577.0,3270.0,5.0,18.0,Monthly,36.0,Silver,9.0,2026.0,654.0,654.0,714.0,602.0,3270.0,2025-08-14,2025-09-13,EUR,Generated,Overdue,1.0,588.6,588.6,5.0,163.5,3395.8,0,0,0,0,0,0,1,0,Contract Violation,299.3,1,15.0,418,1.1444216290212184,0.0,1.0,-125.80000000000018,1.0384709480122325,0.0,1.0,0.0,0,5.0,5.1923547400611625,-0.1923547400611625,1.1334488734835355,0.0,1.091743119266055,0.9204892966360856,2025,8,14,3,3,2025,9,13,0.7392,73.92,1,Revenue Leakage Detected,MEDIUM,0.0
TEST000471,CUST00428,Wood LLC,Enterprise,Healthcare,East,Singapore,Dennishaven,mariahphillips@moran.info,(774)612-4151x31528,2025-06-14,Inactive,Net 60,172775.0,Arjun Kumar,CON00009,Internet,Fiber 1000,10.0,2208.0,27650.0,10.0,18.0,Quarterly,24.0,Bronze,8.0,2026.0,2765.0,2765.0,3002.0,2568.0,27650.0,2026-01-15,2026-02-14,INR,Generated,Paid,3.0,4977.0,4977.0,10.0,2765.0,29862.0,0,0,0,0,0,0,0,0,,0.0,0,60.0,426,1.1663244353182751,0.0,1.0,-2212.0,1.08,0.0,1.0,0.0,0,10.0,10.8,-0.8000000000000007,1.2522644927536233,0.0,1.0857142857142856,0.92875226039783,2026,1,15,3,1,2026,2,14,0.029,2.9,0,No Revenue Leakage,LOW,0.0
TEST000472,CUST00378,Bell-Daniels,Retail,Healthcare,South,India,Danielburgh,lpatterson@larson.biz,+1-349-911-1109x6179,2025-11-16,Active,Net 45,342985.0,Rahul Sharma,CON00181,Cloud,Business Cloud,20.0,738.0,57500.0,0.0,18.0,Monthly,12.0,Bronze,3.0,2026.0,2875.0,2875.0,2984.0,2732.0,57500.0,2026-07-11,2026-08-10,INR,Paid,Pending,2.0,10350.0,10350.0,0.0,0.0,53569.82,0,0,0,1,0,0,0,0,Wrong Pricing,14280.18,1,45.0,271,0.7419575633127995,0.0,1.0,3930.1800000000003,0.9316490434782608,0.0,1.0,0.0,0,20.0,18.632980869565216,1.3670191304347838,3.8956639566395665,0.0,1.0379130434782609,0.9502608695652174,2026,7,11,5,3,2026,8,10,0.9999,99.99,1,Revenue Leakage Detected,HIGH,3930.1800000000003
TEST000473,CUST00018,"Collins, Drake and Hernandez",Government,IT,East,Australia,East Traceyland,operry@lee.com,(501)363-2870,2025-06-24,Suspended,Net 30,208338.0,Rahul Sharma,CON00157,SaaS,ERP,25.0,794.0,65550.0,0.0,18.0,Monthly,36.0,Silver,6.0,2026.0,2622.0,2622.0,2758.0,2550.0,65550.0,2026-07-23,2026-08-22,EUR,Generated,Pending,1.0,11799.0,11799.0,0.0,0.0,77349.0,0,0,0,0,0,1,0,0,Duplicate Invoice,77349.0,1,30.0,416,1.1389459274469542,0.0,1.0,-11799.0,1.18,0.0,1.0,0.0,0,25.0,29.5,-4.5,3.302267002518892,0.0,1.0518688024408849,0.9725400457665904,2026,7,23,3,3,2026,8,22,0.3153,31.53,0,No Revenue Leakage,LOW,0.0
TEST000474,CUST00130,Stark-Smith,Government,Telecom,North,USA,Rodriguezberg,ashleyaguilar@buckley.com,885-464-6799x7024,2025-01-05,Inactive,Net 30,679474.0,John Thomas,CON00042,Voice,Voice Basic,5.0,2724.0,3685.0,5.0,18.0,Yearly,36.0,Bronze,7.0,2026.0,737.0,737.0,896.0,565.0,3685.0,2026-07-26,2026-08-25,INR,Paid,Pending,2.0,663.3,663.3,5.0,184.25,4164.05,0,0,0,0,0,0,0,0,,0.0,0,30.0,586,1.6043805612594113,0.0,1.0,-479.0500000000002,1.1300000000000001,0.0,1.0,0.0,0,5.0,5.65,-0.6500000000000004,0.27055800293685756,0.0,1.2157394843962008,0.7666214382632293,2026,7,26,6,3,2026,8,25,0.141,14.1,0,No Revenue Leakage,LOW,0.0
TEST000475,CUST00181,Flores and Sons,Enterprise,Logistics,East,UK,New Andrewville,joseph70@davis.info,356.447.5705,2022-01-27,Suspended,Net 15,386199.0,Rahul Sharma,CON00104,Cloud,Business Cloud,20.0,2138.0,15740.0,5.0,18.0,Monthly,36.0,Bronze,5.0,2026.0,787.0,787.0,1080.0,782.0,15740.0,2026-06-06,2026-07-06,USD,Paid,Paid,1.0,2833.2,2833.2,5.0,787.0,17786.2,0,0,0,0,0,0,0,0,,0.0,0,15.0,1660,4.544832306639288,0.0,1.0,-2046.2000000000007,1.1300000000000001,0.0,1.0,0.0,0,20.0,22.6,-2.6000000000000014,0.36810102899906455,0.0,1.372299872935197,0.9936467598475223,2026,6,6,5,2,2026,7,6,0.2285,22.85,0,No Revenue Leakage,LOW,0.0
TEST000476,CUST00198,Beard-Gutierrez,Retail,Telecom,North,UK,Turnerview,kimberlyrodriguez@johnson.org,499-993-9330x517,2024-10-10,Suspended,Net 60,428165.0,Priya Nair,CON00093,Voice,Voice Basic,5.0,604.0,12810.0,0.0,18.0,Quarterly,12.0,Bronze,8.0,2026.0,2562.0,2333.0,2760.0,2377.0,12810.0,2025-11-16,2025-12-16,EUR,Paid,Pending,2.0,2305.8,2305.8,0.0,0.0,13970.8,0,1,0,0,0,0,0,0,Usage Mismatch,1145.0,1,60.0,673,1.842573579739904,229.0,0.9106167056986729,-1160.7999999999993,1.0906167056986729,0.0,1.0,0.0,0,5.0,5.988341191598799,-0.9883411915987992,4.241721854304636,0.0,1.0772833723653397,0.9277907884465262,2025,11,16,6,4,2025,12,16,0.9973,99.73,1,Revenue Leakage Detected,HIGH,0.0
TEST000477,CUST00062,"Adams, Miller and Coleman",SMB,Telecom,South,UK,Morrisonburgh,manuel15@phillips.com,001-775-470-5964x016,2021-11-10,Active,Net 60,394894.0,John Thomas,CON00149,Security,Firewall,15.0,2924.0,36735.0,0.0,18.0,Quarterly,36.0,Silver,10.0,2026.0,2449.0,2449.0,2570.0,2302.0,36735.0,2026-01-16,2026-02-15,EUR,Sent,Paid,3.0,6612.3,6612.3,0.0,0.0,43347.3,0,0,0,0,0,1,0,0,Duplicate Invoice,43347.3,1,60.0,1738,4.758384668035592,0.0,1.0,-6612.300000000003,1.1800000000000002,0.0,1.0,0.0,0,15.0,17.700000000000003,-2.700000000000003,0.8375512995896033,0.0,1.0494079216006533,0.939975500204165,2026,1,16,4,1,2026,2,15,0.0405,4.05,0,No Revenue Leakage,LOW,0.0
TEST000478,CUST00127,Davis and Sons,Government,Manufacturing,North,USA,Lake Kelly,wellsdarrell@ruiz-jacobson.com,286-625-6527,2025-05-03,Active,Net 60,964032.0,John Thomas,CON00197,Security,Endpoint Security,15.0,2864.0,21930.0,15.0,18.0,Yearly,24.0,Platinum,3.0,2026.0,1462.0,1462.0,1713.0,1381.0,21930.0,2025-08-14,2025-09-13,INR,Paid,Pending,2.0,3947.4,3947.4,15.0,3289.5,22587.9,0,0,0,0,0,1,0,0,Duplicate Invoice,22587.9,1,60.0,468,1.2813141683778233,0.0,1.0,-657.9000000000015,1.03,0.0,1.0,0.0,0,15.0,15.450000000000001,-0.45000000000000107,0.5104748603351955,0.0,1.1716826265389877,0.9445964432284542,2025,8,14,3,3,2025,9,13,0.0381,3.81,0,No Revenue Leakage,LOW,0.0
TEST000479,CUST00212,Bryant Ltd,SMB,Logistics,West,UK,Ruizbury,michellejensen@myers-lyons.com,477-301-7157x72459,2025-01-17,Active,Net 30,184055.0,Priya Nair,CON00067,Security,SOC,15.0,2052.0,28350.0,10.0,18.0,Quarterly,12.0,Platinum,1.0,2026.0,1890.0,1890.0,1958.0,1778.0,28350.0,2025-08-31,2025-09-30,INR,Sent,Pending,3.0,5103.0,5103.0,10.0,2835.0,30618.0,0,0,0,0,0,0,0,0,,0.0,0,30.0,574,1.571526351813826,0.0,1.0,-2268.0,1.08,0.0,1.0,0.0,0,15.0,16.2,-1.1999999999999993,0.9210526315789473,0.0,1.035978835978836,0.9407407407407408,2025,8,31,6,3,2025,9,30,0.0681,6.81,0,No Revenue Leakage,LOW,0.0
TEST000480,CUST00225,Jones Ltd,SMB,IT,South,India,Kimberlytown,ohernandez@fitzpatrick.biz,525-269-0877x661,2024-11-12,Active,Net 30,236626.0,Sneha Patel,CON00173,Security,Endpoint Security,15.0,1568.0,20340.0,0.0,18.0,Yearly,36.0,Platinum,8.0,2026.0,1356.0,1356.0,1511.0,1273.0,20340.0,2025-09-15,2025-10-15,INR,Paid,Pending,3.0,3661.2,2733.3157707505934,0.0,0.0,23073.32,1,0,0,0,0,0,0,0,Missing GST,927.88,1,30.0,640,1.7522245037645447,0.0,1.0,-2733.3199999999997,1.1343815142576203,927.8842292494064,0.7465628129440056,0.0,0,15.0,17.015722713864307,-2.0157227138643066,0.8647959183673469,0.0,1.114306784660767,0.9387905604719764,2025,9,15,0,3,2025,10,15,0.9967,99.67,1,Revenue Leakage Detected,HIGH,0.0
TEST000481,CUST00375,King-Thompson,Enterprise,Logistics,West,Singapore,North Joshua,evansjennifer@warren-caldwell.com,(801)965-4235,2025-08-22,Inactive,Net 45,197977.0,Rahul Sharma,CON00159,SaaS,ERP,25.0,2670.0,42675.0,15.0,18.0,Quarterly,36.0,Silver,6.0,2026.0,1707.0,1707.0,1779.0,1571.0,42675.0,2025-11-08,2025-12-08,EUR,Paid,Overdue,3.0,7681.5,7681.5,15.0,6401.25,43955.25,0,0,0,0,0,0,0,0,,0.0,0,45.0,357,0.9774127310061602,0.0,1.0,-1280.25,1.03,0.0,1.0,0.0,0,25.0,25.75,-0.75,0.6393258426966292,0.0,1.0421792618629173,0.9203280609256005,2025,11,8,5,4,2025,12,8,0.0294,2.94,0,No Revenue Leakage,LOW,0.0
TEST000482,CUST00003,Galloway-Wyatt,SMB,Manufacturing,South,Singapore,South Joshuastad,mitchellclark@miles-sutton.com,+1-528-232-7648x350,2024-04-12,Inactive,Net 30,249041.0,Arjun Kumar,CON00090,Voice,Voice Basic,5.0,773.0,6965.0,0.0,18.0,Monthly,12.0,Platinum,3.0,2026.0,1393.0,1393.0,1578.0,1342.0,6965.0,2025-08-17,2025-09-16,EUR,Sent,Paid,1.0,1253.7,1253.7,0.0,0.0,8218.7,0,0,0,0,0,0,0,0,,0.0,0,30.0,854,2.3381245722108144,0.0,1.0,-1253.7000000000007,1.1800000000000002,0.0,1.0,0.0,0,5.0,5.9,-0.9000000000000004,1.8020698576972833,0.0,1.1328068916008613,0.9633883704235463,2025,8,17,6,3,2025,9,16,0.0148,1.48,0,No Revenue Leakage,LOW,0.0
TEST000483,CUST00433,Deleon LLC,Retail,Telecom,West,UK,Katieside,penaapril@nichols-galloway.net,(334)825-5638x3000,2025-09-20,Active,Net 60,89901.0,John Thomas,CON00086,Security,SOC,15.0,2718.0,16725.0,0.0,18.0,Quarterly,36.0,Platinum,4.0,2026.0,1115.0,1115.0,1339.0,972.0,16725.0,2025-12-07,2026-01-06,EUR,Generated,Overdue,1.0,3010.5,3010.5,10.0,1672.5,18063.0,0,0,1,0,0,0,0,0,Extra Discount,1672.5,1,60.0,328,0.8980150581793293,0.0,1.0,-1338.0,1.08,0.0,1.0,-10.0,1,15.0,16.2,-1.1999999999999993,0.4102281089036056,0.0,1.2008968609865471,0.8717488789237668,2025,12,7,6,4,2026,1,6,0.9936,99.36,1,Revenue Leakage Detected,HIGH,0.0
TEST000484,CUST00064,Holmes-Mcintyre,Retail,Manufacturing,North,USA,West Kimberlymouth,wendymitchell@gonzalez-taylor.com,427.715.5188x442,2025-12-03,Inactive,Net 15,967230.0,Priya Nair,CON00056,Voice,Voice Basic,5.0,2658.0,8485.0,5.0,18.0,Monthly,36.0,Platinum,10.0,2026.0,1697.0,1697.0,1943.0,1558.0,8485.0,2025-09-25,2025-10-25,INR,Generated,Pending,3.0,1527.3,1527.3,5.0,424.25,9588.05,0,0,0,0,0,0,0,0,,0.0,0,15.0,254,0.6954140999315537,0.0,1.0,-1103.0499999999993,1.13,0.0,1.0,0.0,0,5.0,5.6499999999999995,-0.6499999999999995,0.6384499623777277,0.0,1.1449616971125516,0.9180907483794932,2025,9,25,3,3,2025,10,25,0.181,18.1,0,No Revenue Leakage,LOW,0.0
TEST000485,CUST00308,Wright-Soto,SMB,Telecom,North,Australia,Moniquehaven,fclark@gibbs-mendez.com,668.857.8725x58777,2026-07-25,Inactive,Net 15,344923.0,Sneha Patel,CON00169,Cloud,Basic Cloud,20.0,636.0,18580.0,5.0,18.0,Yearly,12.0,Bronze,10.0,2026.0,929.0,929.0,1135.0,733.0,18580.0,2025-09-14,2025-10-14,EUR,Paid,Pending,2.0,3344.4,3344.4,5.0,929.0,20995.4,0,0,0,0,0,0,0,0,,0.0,0,15.0,20,0.05475701574264202,0.0,1.0,-2415.4000000000015,1.1300000000000001,0.0,1.0,0.0,0,20.0,22.6,-2.6000000000000014,1.4606918238993711,0.0,1.2217438105489773,0.7890204520990313,2025,9,14,6,3,2025,10,14,0.0721,7.21,0,No Revenue Leakage,LOW,0.0
TEST000486,CUST00201,Sharp Inc,Government,Finance,North,USA,Port Brenda,phillipmorris@white.com,814.452.1117x518,2024-10-25,Inactive,Net 15,674712.0,Rahul Sharma,CON00048,Security,Firewall,15.0,2019.0,28815.0,5.0,18.0,Quarterly,36.0,Gold,9.0,2026.0,1921.0,1921.0,2057.0,1858.0,28815.0,2026-05-02,2026-06-01,EUR,Sent,Pending,1.0,5186.7,5186.7,5.0,1440.75,32560.95,0,0,0,0,0,0,0,0,,0.0,0,15.0,658,1.8015058179329226,0.0,1.0,-3745.9500000000007,1.1300000000000001,0.0,1.0,0.0,0,15.0,16.95,-1.9499999999999993,0.9514611193660227,0.0,1.0707964601769913,0.9672045809474232,2026,5,2,5,2,2026,6,1,0.2206,22.06,0,No Revenue Leakage,LOW,0.0
TEST000487,CUST00379,"Shaffer, Contreras and Christian",Retail,IT,East,USA,East Kimberly,ewilson@bell.biz,+1-860-253-8444x4630,2021-09-23,Active,Net 15,548685.0,Sneha Patel,CON00109,SaaS,ERP,25.0,2491.0,69375.0,0.0,18.0,Yearly,12.0,Gold,5.0,2026.0,2775.0,2775.0,2901.0,2618.0,69375.0,2026-03-14,2026-04-13,EUR,Sent,Pending,2.0,12487.5,12487.5,0.0,0.0,81862.5,0,0,0,0,0,0,0,0,,0.0,0,15.0,1786,4.889801505817933,0.0,1.0,-12487.5,1.18,0.0,1.0,0.0,0,25.0,29.5,-4.5,1.114010437575271,0.0,1.0454054054054054,0.9434234234234234,2026,3,14,5,1,2026,4,13,0.0605,6.05,0,No Revenue Leakage,LOW,0.0
TEST000488,CUST00432,"Ingram, Green and Stewart",Government,Education,North,Singapore,Lambchester,dgreen@washington-robinson.com,276-239-2831x9952,2024-10-27,Active,Net 45,663375.0,Sneha Patel,CON00041,Voice,Voice Basic,5.0,2446.0,13860.0,5.0,18.0,Quarterly,12.0,Gold,3.0,2026.0,2772.0,2772.0,2870.0,2766.0,13860.0,2026-03-20,2026-04-19,USD,Sent,Paid,1.0,2494.8,2494.8,5.0,693.0,15661.8,0,0,0,0,0,0,0,0,,0.0,0,45.0,656,1.7960301163586585,0.0,1.0,-1801.7999999999993,1.13,0.0,1.0,0.0,0,5.0,5.6499999999999995,-0.6499999999999995,1.133278822567457,0.0,1.0353535353535352,0.9978354978354979,2026,3,20,4,1,2026,4,19,0.0909,9.09,0,No Revenue Leakage,LOW,0.0
TEST000489,CUST00141,"Meyer, Dean and Haynes",Government,Telecom,North,Singapore,Rivasville,campbellkristen@gonzalez-gonzalez.com,235.364.2087x37530,2022-07-15,Active,Net 60,439678.0,Rahul Sharma,CON00152,Internet,Fiber 1000,10.0,1445.0,17610.0,10.0,18.0,Quarterly,12.0,Silver,3.0,2026.0,1761.0,1761.0,1892.0,1673.0,17610.0,2026-08-07,2026-09-06,USD,Sent,Paid,3.0,3169.8,2622.353327055257,10.0,1761.0,18471.35,1,0,0,0,0,0,0,0,Missing GST,547.45,1,60.0,1491,4.082135523613963,0.0,1.0,-861.3499999999985,1.0489125496876774,547.4466729447431,0.8272929923197858,0.0,0,10.0,10.489125496876774,-0.489125496876774,1.2186851211072665,0.0,1.074389551391255,0.9500283929585462,2026,8,7,4,3,2026,9,6,0.9942,99.42,1,Revenue Leakage Detected,HIGH,0.0
TEST000490,CUST00209,"Moore, Peterson and Webb",Government,Finance,North,USA,Kimberlyberg,shortsharon@haney.biz,001-681-204-0915x701,2026-07-05,Suspended,Net 30,742558.0,Sneha Patel,CON00126,Security,Firewall,15.0,1535.0,18585.0,5.0,18.0,Monthly,12.0,Gold,9.0,2026.0,1239.0,1239.0,1327.0,1163.0,18585.0,2026-07-07,2026-08-06,USD,Sent,Overdue,1.0,3345.3,3345.3,5.0,929.25,21001.05,0,0,0,0,0,0,0,0,,0.0,0,30.0,40,0.10951403148528405,0.0,1.0,-2416.0499999999993,1.13,0.0,1.0,0.0,0,15.0,16.95,-1.9499999999999993,0.8071661237785016,0.0,1.0710250201775626,0.9386602098466506,2026,7,7,1,3,2026,8,6,0.1046,10.46,0,No Revenue Leakage,LOW,0.0
TEST000491,CUST00061,Harris-Moody,Retail,Telecom,South,UK,West Sarahhaven,ihays@king-mullins.com,950-954-1566x7652,2024-09-20,Suspended,Net 60,123523.0,Sneha Patel,CON00029,Internet,Fiber 300,10.0,1536.0,22910.0,15.0,18.0,Yearly,24.0,Gold,6.0,2026.0,2291.0,2291.0,2499.0,2165.0,22910.0,2025-12-23,2026-01-22,INR,Sent,Paid,1.0,4123.8,4123.8,15.0,3436.5,21416.77,0,0,0,0,0,0,1,0,Contract Violation,2180.53,1,60.0,693,1.8973305954825461,0.0,1.0,1493.2299999999996,0.9348219118288957,0.0,1.0,0.0,0,10.0,9.348219118288958,0.6517808817110424,1.4915364583333333,0.0,1.0907900480139676,0.9450021824530772,2025,12,23,1,4,2026,1,22,0.9964,99.64,1,Revenue Leakage Detected,HIGH,1493.2299999999996
TEST000492,CUST00493,"Baker, Osborn and Mckenzie",Enterprise,IT,South,Australia,Castroshire,qobrien@williams-rodriguez.com,001-211-735-9966,2025-05-04,Inactive,Net 60,561603.0,Arjun Kumar,CON00029,Internet,Fiber 300,10.0,1536.0,7160.0,15.0,18.0,Yearly,24.0,Gold,8.0,2026.0,716.0,716.0,866.0,570.0,7160.0,2025-12-09,2026-01-08,USD,Sent,Overdue,2.0,1288.8,1288.8,15.0,1074.0,7374.8,0,0,0,0,0,1,0,0,Duplicate Invoice,7374.8,1,60.0,467,1.2785763175906912,0.0,1.0,-214.80000000000018,1.03,0.0,1.0,0.0,0,10.0,10.3,-0.3000000000000007,0.4661458333333333,0.0,1.2094972067039107,0.7960893854748603,2025,12,9,1,4,2026,1,8,0.1376,13.76,0,No Revenue Leakage,LOW,0.0
TEST000493,CUST00215,"Haas, Cooper and Davis",Government,Healthcare,South,USA,New Valeriefurt,melissabrown@faulkner.com,840-836-9656,2025-04-19,Inactive,Net 45,865862.0,Sneha Patel,CON00167,SaaS,CRM,25.0,2413.0,34275.0,15.0,18.0,Monthly,36.0,Bronze,12.0,2026.0,1371.0,1371.0,1517.0,1218.0,34275.0,2026-06-07,2026-07-07,EUR,Sent,Paid,3.0,6169.5,6169.5,15.0,5141.25,35303.25,0,0,0,0,0,0,0,0,,0.0,0,45.0,482,1.319644079397673,0.0,1.0,-1028.25,1.03,0.0,1.0,0.0,0,25.0,25.75,-0.75,0.5681723995026937,0.0,1.1064916119620716,0.888402625820569,2026,6,7,6,2,2026,7,7,0.0601,6.01,0,No Revenue Leakage,LOW,0.0
TEST000494,CUST00395,"Lyons, Sullivan and Long",Retail,Finance,East,Singapore,Lake Madison,tyler23@walsh-mccarthy.com,001-401-728-9743x2512,2025-06-20,Inactive,Net 60,902129.0,Priya Nair,CON00199,Internet,Fiber 100,10.0,1734.0,7030.0,15.0,18.0,Monthly,36.0,Gold,5.0,2026.0,703.0,703.0,750.0,692.0,7030.0,2026-02-02,2026-03-04,INR,Paid,Paid,3.0,1265.4,1265.4,15.0,1054.5,7240.9,0,0,0,0,0,0,0,0,,0.0,0,60.0,420,1.1498973305954825,0.0,1.0,-210.89999999999964,1.03,0.0,1.0,0.0,0,10.0,10.299999999999999,-0.29999999999999893,0.40542099192618225,0.0,1.0668563300142246,0.984352773826458,2026,2,2,0,1,2026,3,4,0.4594,45.94,0,No Revenue Leakage,LOW,0.0
TEST000495,CUST00160,Vance PLC,Retail,Finance,East,UK,Dennishaven,sanderswayne@allen.com,001-582-372-2992x75037,2023-11-05,Active,Net 60,914266.0,Priya Nair,CON00107,Internet,Fiber 300,10.0,1368.0,22170.0,0.0,18.0,Yearly,24.0,Gold,11.0,2026.0,2217.0,2217.0,2359.0,2157.0,22170.0,2026-04-01,2026-05-01,USD,Paid,Pending,2.0,3990.6,3100.6602360002285,0.0,0.0,25270.66,1,0,0,0,0,0,0,0,Missing GST,889.94,1,60.0,1013,2.7734428473648185,0.0,1.0,-3100.66,1.1398583671628326,889.9397639997715,0.7769909878214375,0.0,0,10.0,11.398583671628327,-1.3985836716283266,1.6206140350877194,0.0,1.0640505187189897,0.972936400541272,2026,4,1,2,2,2026,5,1,0.9981,99.81,1,Revenue Leakage Detected,HIGH,0.0
TEST000496,CUST00243,Cooper-Parker,SMB,Logistics,South,India,Sawyerland,jessicawallace@lara-roberts.biz,001-862-399-1234x7851,2021-08-26,Inactive,Net 45,313579.0,Arjun Kumar,CON00022,Voice,Voice Premium,5.0,612.0,14435.0,15.0,18.0,Yearly,24.0,Silver,5.0,2026.0,2887.0,2887.0,2907.0,2767.0,14435.0,2026-04-09,2026-05-09,USD,Paid,Paid,1.0,2598.3,2598.3,15.0,2165.25,11550.79,0,0,0,1,0,0,0,0,Wrong Pricing,3317.26,1,45.0,1814,4.9664613278576315,0.0,1.0,2884.209999999999,0.8001932802216835,0.0,1.0,0.0,0,5.0,4.000966401108418,0.9990335988915824,4.717320261437909,0.0,1.0069276065119501,0.9584343609282993,2026,4,9,3,2,2026,5,9,0.9955,99.55,1,Revenue Leakage Detected,HIGH,2884.209999999999
TEST000497,CUST00147,Gallegos-Brandt,SMB,Manufacturing,West,UK,Amystad,williamsfrank@underwood.biz,549-733-1637,2022-07-06,Active,Net 30,396699.0,John Thomas,CON00040,Security,Firewall,15.0,1167.0,18435.0,10.0,18.0,Monthly,12.0,Bronze,4.0,2026.0,1229.0,1229.0,1229.0,1049.0,18435.0,2026-04-20,2026-05-20,INR,Generated,Pending,2.0,3318.3,3318.3,10.0,1843.5,19909.8,0,0,0,0,0,0,0,0,,0.0,0,30.0,1500,4.1067761806981515,0.0,1.0,-1474.7999999999993,1.08,0.0,1.0,0.0,0,15.0,16.2,-1.1999999999999993,1.053127677806341,0.0,1.0,0.853539462978031,2026,4,20,0,2,2026,5,20,0.0511,5.11,0,No Revenue Leakage,LOW,0.0
TEST000498,CUST00009,White-Ford,Government,Telecom,North,UK,South Lindseyside,williamsyvette@novak.com,(977)436-0260x64746,2023-03-18,Inactive,Net 15,510337.0,Arjun Kumar,CON00096,Voice,Voice Basic,5.0,2538.0,8345.0,10.0,18.0,Quarterly,36.0,Platinum,5.0,2026.0,1669.0,1669.0,1877.0,1513.0,8345.0,2026-05-13,2026-06-12,USD,Sent,Pending,1.0,1502.1,1502.1,10.0,834.5,9012.6,0,0,0,0,0,0,0,0,,0.0,0,15.0,1245,3.4086242299794662,0.0,1.0,-667.6000000000004,1.08,0.0,1.0,0.0,0,5.0,5.4,-0.40000000000000036,0.6576044129235619,0.0,1.1246255242660275,0.9065308568004793,2026,5,13,2,2,2026,6,12,0.0208,2.08,0,No Revenue Leakage,LOW,0.0
TEST000499,CUST00324,Thompson PLC,Enterprise,IT,South,India,East William,thardy@griffith.biz,(993)344-9734,2024-08-27,Inactive,Net 60,948850.0,Sneha Patel,CON00107,Internet,Fiber 300,10.0,1368.0,8510.0,0.0,18.0,Yearly,24.0,Gold,4.0,2026.0,851.0,729.0,1048.0,822.0,8510.0,2026-04-04,2026-05-04,INR,Sent,Pending,1.0,1531.8,1531.8,0.0,0.0,8821.8,0,1,0,0,0,0,0,0,Usage Mismatch,1220.0,1,60.0,717,1.9630390143737166,122.0,0.8566392479435958,-311.7999999999993,1.0366392479435957,0.0,1.0,0.0,0,10.0,12.101234567901233,-2.1012345679012334,0.6220760233918129,0.0,1.2314923619271445,0.9659224441833137,2026,4,4,5,2,2026,5,4,0.9991,99.91,1,Revenue Leakage Detected,HIGH,0.0
TEST000500,CUST00336,Guzman and Sons,Retail,Education,South,USA,New Lukehaven,hillmelanie@mendoza.biz,6524330276,2021-10-12,Suspended,Net 60,169968.0,Sneha Patel,CON00001,SaaS,ERP,25.0,1320.0,65100.0,10.0,18.0,Yearly,12.0,Gold,12.0,2026.0,2604.0,2604.0,2724.0,2467.0,65100.0,2025-08-23,2025-09-22,USD,Sent,Overdue,3.0,11718.0,11718.0,10.0,6510.0,70308.0,0,0,0,0,0,0,0,0,,0.0,0,60.0,1767,4.837782340862423,0.0,1.0,-5208.0,1.08,0.0,1.0,0.0,0,25.0,27.0,-2.0,1.9727272727272727,0.0,1.0460829493087558,0.9473886328725039,2025,8,23,5,3,2025,9,22,0.1076,10.76,0,No Revenue Leakage,LOW,0.0
TEST000501,CUST00276,Lopez Ltd,Government,Finance,North,Singapore,Monicaville,aferguson@wilson-jackson.info,469.274.9956x412,2023-03-21,Active,Net 60,862395.0,Arjun Kumar,CON00015,Internet,Fiber 1000,10.0,2546.0,7760.0,10.0,18.0,Yearly,36.0,Bronze,9.0,2026.0,776.0,675.0,1064.0,646.0,7760.0,2026-08-03,2026-09-02,EUR,Sent,Paid,2.0,1396.8,1396.8,10.0,776.0,7370.8,0,1,0,0,0,0,0,0,Usage Mismatch,1010.0,1,60.0,1242,3.40041067761807,101.0,0.8698453608247423,389.1999999999998,0.9498453608247422,0.0,1.0,0.0,0,10.0,10.919703703703703,-0.9197037037037035,0.30479183032207385,0.0,1.3711340206185567,0.8324742268041238,2026,8,3,0,3,2026,9,2,0.9983,99.83,1,Revenue Leakage Detected,HIGH,389.1999999999998
TEST000502,CUST00358,Erickson-Arnold,Enterprise,Manufacturing,North,USA,East Brandon,kellybowman@ho-nelson.com,+1-433-881-0595x5184,2024-02-08,Inactive,Net 15,237604.0,Sneha Patel,CON00121,Voice,Voice Premium,5.0,1492.0,9410.0,0.0,18.0,Yearly,12.0,Bronze,4.0,2026.0,1882.0,1882.0,1908.0,1749.0,9410.0,2026-01-12,2026-02-11,INR,Generated,Overdue,3.0,1693.8,1693.8,0.0,0.0,11103.8,0,0,0,0,0,0,0,0,,0.0,0,15.0,918,2.513347022587269,0.0,1.0,-1693.7999999999993,1.18,0.0,1.0,0.0,0,5.0,5.8999999999999995,-0.8999999999999995,1.2613941018766757,0.0,1.0138150903294367,0.9293304994686503,2026,1,12,0,1,2026,2,11,0.1243,12.43,0,No Revenue Leakage,LOW,0.0
TEST000503,CUST00334,"Martinez, Taylor and Nichols",Retail,Telecom,West,Singapore,Davismouth,sarahmiranda@brown.biz,+1-586-333-4141x1159,2026-06-20,Suspended,Net 60,917869.0,Sneha Patel,CON00101,SaaS,ERP,25.0,789.0,44175.0,0.0,18.0,Monthly,12.0,Gold,6.0,2026.0,1767.0,1767.0,1832.0,1700.0,44175.0,2025-12-09,2026-01-08,INR,Paid,Overdue,1.0,7951.5,7951.5,0.0,0.0,52126.5,0,0,0,0,0,0,0,0,,0.0,0,60.0,55,0.15058179329226556,0.0,1.0,-7951.5,1.18,0.0,1.0,0.0,0,25.0,29.5,-4.5,2.2395437262357416,0.0,1.0367855121675156,0.9620826259196378,2025,12,9,1,4,2026,1,8,0.112,11.2,0,No Revenue Leakage,LOW,0.0
TEST000504,CUST00442,Coleman-Ruiz,Government,Telecom,South,India,Vincentville,annbennett@mccarthy-kelly.net,881-793-2426x87741,2023-02-10,Suspended,Net 45,472225.0,Priya Nair,CON00171,Cloud,Enterprise Cloud,20.0,2961.0,14720.0,0.0,18.0,Yearly,36.0,Silver,4.0,2026.0,736.0,736.0,815.0,562.0,14720.0,2026-04-02,2026-05-02,USD,Sent,Overdue,2.0,2649.6,2649.6,0.0,0.0,17369.6,0,0,0,0,0,0,0,0,,0.0,0,45.0,1281,3.5071868583162216,0.0,1.0,-2649.5999999999985,1.18,0.0,1.0,0.0,0,20.0,23.599999999999998,-3.599999999999998,0.248564674096589,0.0,1.107336956521739,0.7635869565217391,2026,4,2,3,2,2026,5,2,0.2104,21.04,0,No Revenue Leakage,LOW,0.0
TEST000505,CUST00067,Shaw and Sons,Retail,Healthcare,North,India,East Donna,megan90@miller.org,839-669-0784x473,2025-06-15,Active,Net 30,59435.0,Sneha Patel,CON00181,Cloud,Business Cloud,20.0,738.0,30660.0,0.0,18.0,Monthly,12.0,Bronze,4.0,2026.0,1533.0,1533.0,1759.0,1456.0,30660.0,2025-10-31,2025-11-30,USD,Generated,Pending,2.0,5518.8,5518.8,0.0,0.0,32951.33,0,0,0,0,1,0,0,0,Missing Charge,3227.47,1,30.0,425,1.163586584531143,0.0,1.0,-2291.3300000000017,1.0747335290280495,0.0,1.0,0.0,0,20.0,21.494670580560992,-1.4946705805609923,2.0772357723577235,0.0,1.147423352902805,0.9497716894977168,2025,10,31,4,4,2025,11,30,0.9921,99.21,1,Revenue Leakage Detected,HIGH,0.0
TEST000506,CUST00256,Brown-Garza,Enterprise,Manufacturing,North,UK,Port Michael,hubbardcolleen@davis-reed.com,(250)733-3491x14152,2021-11-30,Inactive,Net 30,211779.0,John Thomas,CON00186,SaaS,HRMS,25.0,1903.0,57050.0,15.0,18.0,Monthly,24.0,Silver,1.0,2026.0,2282.0,2282.0,2440.0,2148.0,57050.0,2026-03-27,2026-04-26,INR,Sent,Paid,1.0,10269.0,10269.0,15.0,8557.5,58761.5,0,0,0,0,0,0,0,0,,0.0,0,30.0,1718,4.70362765229295,0.0,1.0,-1711.5,1.03,0.0,1.0,0.0,0,25.0,25.75,-0.75,1.1991592222806096,0.0,1.0692375109553023,0.9412795793163892,2026,3,27,4,1,2026,4,26,0.0547,5.47,0,No Revenue Leakage,LOW,0.0
TEST000507,CUST00224,Norman LLC,Retail,Telecom,North,Australia,South Paulton,stephanie42@jones-krause.com,+1-662-371-2863x917,2021-11-22,Suspended,Net 15,913561.0,John Thomas,CON00006,Cloud,Enterprise Cloud,20.0,2651.0,47580.0,5.0,18.0,Monthly,24.0,Platinum,4.0,2026.0,2379.0,2379.0,2631.0,2278.0,47580.0,2026-02-04,2026-03-06,EUR,Paid,Paid,1.0,8564.4,7445.019870605346,5.0,2379.0,52646.02,1,0,0,0,0,0,0,0,Missing GST,1119.38,1,15.0,1726,4.725530458590007,0.0,1.0,-5066.019999999997,1.106473728457335,1119.3801293946535,0.8692984763212072,0.0,0,20.0,22.129474569146698,-2.129474569146698,0.8973972086005281,0.0,1.1059268600252208,0.9575451870533838,2026,2,4,2,1,2026,3,6,0.988,98.8,1,Revenue Leakage Detected,HIGH,0.0
TEST000508,CUST00490,Fischer and Sons,Retail,IT,West,USA,South Lynn,petermoore@myers-lee.com,934-426-1923,2023-12-09,Active,Net 45,118803.0,Sneha Patel,CON00197,Security,Endpoint Security,15.0,2864.0,38865.0,15.0,18.0,Yearly,24.0,Platinum,6.0,2026.0,2591.0,2591.0,2741.0,2423.0,38865.0,2026-01-21,2026-02-20,USD,Paid,Paid,3.0,6995.7,6995.7,15.0,5829.75,37445.2,0,0,0,0,0,0,1,0,Contract Violation,2585.75,1,45.0,979,2.6803559206023273,0.0,1.0,1419.800000000003,0.9634684163128778,0.0,1.0,0.0,0,15.0,14.452026244693167,0.5479737553068329,0.9046787709497207,0.0,1.0578927055191045,0.9351601698186028,2026,1,21,2,1,2026,2,20,0.999,99.9,1,Revenue Leakage Detected,HIGH,1419.800000000003
TEST000509,CUST00124,Rivera Inc,SMB,Telecom,South,Australia,West Toni,daisymccarty@santiago.com,433-815-4100x676,2025-10-15,Inactive,Net 15,614037.0,Rahul Sharma,CON00033,Cloud,Basic Cloud,20.0,2578.0,30520.0,0.0,18.0,Yearly,24.0,Gold,2.0,2026.0,1526.0,1526.0,1584.0,1344.0,30520.0,2026-04-28,2026-05-28,EUR,Generated,Overdue,1.0,5493.6,5493.6,0.0,0.0,36013.6,0,0,0,0,0,0,0,0,,0.0,0,15.0,303,0.8295687885010267,0.0,1.0,-5493.5999999999985,1.18,0.0,1.0,0.0,0,20.0,23.599999999999998,-3.599999999999998,0.5919317300232738,0.0,1.0380078636959371,0.8807339449541285,2026,4,28,1,2,2026,5,28,0.0759,7.59,0,No Revenue Leakage,LOW,0.0
TEST000510,CUST00194,Smith-Benson,Government,IT,East,UK,West Shannontown,jason83@payne.net,692.206.9804x2043,2025-07-20,Inactive,Net 60,227900.0,Rahul Sharma,CON00020,Internet,Fiber 300,10.0,776.0,24240.0,15.0,18.0,Quarterly,24.0,Bronze,9.0,2026.0,2424.0,2424.0,2465.0,2375.0,24240.0,2026-07-16,2026-08-15,USD,Sent,Overdue,3.0,4363.2,4363.2,15.0,3636.0,24967.2,0,0,0,0,0,0,0,0,,0.0,0,60.0,390,1.0677618069815196,0.0,1.0,-727.2000000000007,1.03,0.0,1.0,0.0,0,10.0,10.3,-0.3000000000000007,3.1237113402061856,0.0,1.016914191419142,0.9797854785478548,2026,7,16,3,3,2026,8,15,0.1329,13.29,0,No Revenue Leakage,LOW,0.0
TEST000511,CUST00386,Gonzalez-Gomez,Enterprise,Healthcare,North,Singapore,South Garyton,brenda49@clements.com,(756)425-3135,2024-04-08,Suspended,Net 60,813711.0,Priya Nair,CON00052,Security,SOC,15.0,1551.0,36750.0,5.0,18.0,Monthly,36.0,Platinum,5.0,2026.0,2450.0,2450.0,2485.0,2333.0,36750.0,2025-09-24,2025-10-24,EUR,Sent,Pending,2.0,6615.0,6615.0,5.0,1837.5,41527.5,0,0,0,0,0,0,0,0,,0.0,0,60.0,858,2.349075975359343,0.0,1.0,-4777.5,1.13,0.0,1.0,0.0,0,15.0,16.95,-1.9499999999999993,1.5796260477111541,0.0,1.0142857142857142,0.9522448979591837,2025,9,24,2,3,2025,10,24,0.1257,12.57,0,No Revenue Leakage,LOW,0.0
TEST000512,CUST00225,Jones Ltd,SMB,IT,South,India,Kimberlytown,ohernandez@fitzpatrick.biz,525-269-0877x661,2024-11-12,Active,Net 30,236626.0,Sneha Patel,CON00150,Security,Firewall,15.0,868.0,21690.0,0.0,18.0,Yearly,36.0,Gold,3.0,2026.0,1446.0,1446.0,1740.0,1258.0,21690.0,2026-05-02,2026-06-01,EUR,Generated,Pending,1.0,3904.2,3904.2,0.0,0.0,25594.2,0,0,0,0,0,0,0,0,,0.0,0,30.0,640,1.7522245037645447,0.0,1.0,-3904.2000000000007,1.18,0.0,1.0,0.0,0,15.0,17.7,-2.6999999999999993,1.6658986175115207,0.0,1.2033195020746887,0.8699861687413555,2026,5,2,5,2,2026,6,1,0.0497,4.97,0,No Revenue Leakage,LOW,0.0
TEST000513,CUST00385,Erickson-Pearson,Retail,Manufacturing,East,USA,Mcgeefort,zhunt@wright.com,(719)394-2376x7694,2024-11-08,Inactive,Net 60,465872.0,Arjun Kumar,CON00049,Security,Firewall,15.0,1536.0,22650.0,5.0,18.0,Monthly,36.0,Bronze,10.0,2026.0,1510.0,1510.0,1592.0,1453.0,22650.0,2026-01-01,2026-01-31,INR,Sent,Pending,2.0,4077.0,4077.0,5.0,1132.5,25594.5,0,0,0,0,0,0,0,0,,0.0,0,60.0,644,1.7631759069130732,0.0,1.0,-2944.5,1.13,0.0,1.0,0.0,0,15.0,16.95,-1.9499999999999993,0.9830729166666666,0.0,1.0543046357615895,0.9622516556291391,2026,1,1,3,1,2026,1,31,0.0989,9.89,0,No Revenue Leakage,LOW,0.0
TEST000514,CUST00074,"Washington, Bernard and Ramirez",Government,Telecom,North,Australia,Jeffreyport,janet75@bailey-peck.com,919-686-6524x0415,2025-09-02,Suspended,Net 30,717521.0,Sneha Patel,CON00113,Security,Firewall,15.0,1394.0,40860.0,15.0,18.0,Quarterly,12.0,Platinum,10.0,2026.0,2724.0,2724.0,2866.0,2663.0,40860.0,2026-07-09,2026-08-08,INR,Paid,Pending,3.0,7354.8,7354.8,15.0,6129.0,42085.8,0,0,0,0,0,1,0,0,Duplicate Invoice,42085.8,1,30.0,346,0.947296372347707,0.0,1.0,-1225.800000000003,1.03,0.0,1.0,0.0,0,15.0,15.450000000000001,-0.45000000000000107,1.9540889526542324,0.0,1.052129221732746,0.9776064610866373,2026,7,9,3,3,2026,8,8,0.1081,10.81,0,No Revenue Leakage,LOW,0.0
TEST000515,CUST00056,"Bennett, Martin and Guerra",SMB,IT,West,Australia,Lake Samuel,udiaz@montes.com,001-873-483-4735x97746,2023-04-18,Inactive,Net 45,270984.0,Arjun Kumar,CON00132,SaaS,ERP,25.0,2869.0,69700.0,5.0,18.0,Quarterly,12.0,Bronze,10.0,2026.0,2788.0,2788.0,2834.0,2737.0,69700.0,2026-02-19,2026-03-21,INR,Paid,Pending,2.0,12546.0,7624.358731771432,5.0,3485.0,73839.36,1,0,0,0,0,0,0,0,Missing GST,4921.64,1,45.0,1214,3.323750855578371,0.0,1.0,-4139.360000000001,1.0593882352941177,4921.641268228568,0.6077123172143657,0.0,0,25.0,26.48470588235294,-1.4847058823529409,0.9717671662600209,0.0,1.0164992826398853,0.9817073170731707,2026,2,19,3,1,2026,3,21,0.9967,99.67,1,Revenue Leakage Detected,HIGH,0.0
TEST000516,CUST00069,Davis LLC,SMB,Manufacturing,East,Singapore,Linchester,sydneybarrera@peck-griffith.com,001-527-787-7470x16873,2022-01-04,Active,Net 30,109101.0,Sneha Patel,CON00128,Voice,Voice Basic,5.0,549.0,5100.0,15.0,18.0,Monthly,24.0,Gold,10.0,2026.0,1020.0,1020.0,1090.0,853.0,5100.0,2026-04-30,2026-05-30,INR,Paid,Overdue,1.0,918.0,918.0,15.0,765.0,5253.0,0,0,0,0,0,0,0,0,,0.0,0,30.0,1683,4.607802874743326,0.0,1.0,-153.0,1.03,0.0,1.0,0.0,0,5.0,5.15,-0.15000000000000036,1.8579234972677596,0.0,1.0686274509803921,0.8362745098039216,2026,4,30,3,2,2026,5,30,0.0787,7.87,0,No Revenue Leakage,LOW,0.0
TEST000517,CUST00323,Ramirez Ltd,Government,Healthcare,West,UK,New Latoyachester,karen35@allen-ryan.com,+1-439-568-5270x17130,2022-08-31,Inactive,Net 15,208285.0,Sneha Patel,CON00033,Cloud,Basic Cloud,20.0,2578.0,14560.0,0.0,18.0,Yearly,24.0,Gold,12.0,2026.0,728.0,728.0,759.0,605.0,14560.0,2026-08-02,2026-09-01,INR,Sent,Paid,3.0,2620.8,2620.8,0.0,0.0,17180.8,0,0,0,0,0,0,0,0,,0.0,0,15.0,1444,3.9534565366187544,0.0,1.0,-2620.7999999999993,1.18,0.0,1.0,0.0,0,20.0,23.599999999999998,-3.599999999999998,0.28238944918541503,0.0,1.0425824175824177,0.8310439560439561,2026,8,2,6,3,2026,9,1,0.0511,5.11,0,No Revenue Leakage,LOW,0.0
TEST000518,CUST00050,Anderson PLC,Retail,IT,North,Australia,New Angelica,charles06@stevens.com,001-769-466-4160,2025-07-05,Active,Net 30,488452.0,John Thomas,CON00119,Voice,Voice Basic,5.0,577.0,6490.0,5.0,18.0,Monthly,36.0,Silver,10.0,2026.0,1298.0,1298.0,1486.0,1161.0,6490.0,2025-11-14,2025-12-14,INR,Generated,Pending,1.0,1168.2,1168.2,5.0,324.5,7333.7,0,0,0,0,0,0,0,0,,0.0,0,30.0,405,1.108829568788501,0.0,1.0,-843.6999999999998,1.13,0.0,1.0,0.0,0,5.0,5.6499999999999995,-0.6499999999999995,2.249566724436742,0.0,1.1448382126348229,0.8944530046224961,2025,11,14,4,4,2025,12,14,0.045,4.5,0,No Revenue Leakage,LOW,0.0
TEST000519,CUST00356,Ferguson and Sons,SMB,Education,East,Australia,East Jamesside,patricia85@west-love.biz,476-688-0294,2021-12-25,Active,Net 30,905684.0,Priya Nair,CON00082,Cloud,Enterprise Cloud,20.0,744.0,38940.0,15.0,18.0,Quarterly,36.0,Silver,2.0,2026.0,1947.0,1947.0,2026.0,1793.0,38940.0,2026-01-07,2026-02-06,INR,Generated,Overdue,1.0,7009.2,7009.2,15.0,5841.0,32733.83,0,0,0,0,1,0,0,0,Missing Charge,7374.37,1,30.0,1693,4.635181382614648,0.0,1.0,6206.169999999998,0.8406222393425784,0.0,1.0,0.0,0,20.0,16.812444786851568,3.187555213148432,2.6169354838709675,0.0,1.0405752439650744,0.9209039548022598,2026,1,7,2,1,2026,2,6,0.9993,99.93,1,Revenue Leakage Detected,HIGH,6206.169999999998
TEST000520,CUST00160,Vance PLC,Retail,Finance,East,UK,Dennishaven,sanderswayne@allen.com,001-582-372-2992x75037,2023-11-05,Active,Net 60,914266.0,Priya Nair,CON00072,Internet,Fiber 100,10.0,2552.0,27110.0,15.0,18.0,Monthly,24.0,Gold,1.0,2026.0,2711.0,2711.0,2830.0,2575.0,27110.0,2025-11-30,2025-12-30,INR,Generated,Overdue,2.0,4879.8,4879.8,15.0,4066.5,27923.3,0,0,0,0,0,0,0,0,,0.0,0,60.0,1013,2.7734428473648185,0.0,1.0,-813.2999999999993,1.03,0.0,1.0,0.0,0,10.0,10.299999999999999,-0.29999999999999893,1.0623040752351096,0.0,1.0438952416082625,0.949834009590557,2025,11,30,6,4,2025,12,30,0.0394,3.94,0,No Revenue Leakage,LOW,0.0
TEST000521,CUST00054,Shelton-Williams,Government,Healthcare,South,USA,Cameronville,umitchell@brandt.com,001-825-746-2914,2022-09-07,Inactive,Net 15,208823.0,Rahul Sharma,CON00167,SaaS,CRM,25.0,2413.0,41875.0,15.0,18.0,Monthly,36.0,Bronze,11.0,2026.0,1675.0,1675.0,1966.0,1574.0,41875.0,2026-06-22,2026-07-22,EUR,Generated,Overdue,1.0,7537.5,7537.5,15.0,6281.25,43131.25,0,0,0,0,0,0,0,0,,0.0,0,15.0,1437,3.9342915811088295,0.0,1.0,-1256.25,1.03,0.0,1.0,0.0,0,25.0,25.75,-0.75,0.6941566514711976,0.0,1.173731343283582,0.9397014925373134,2026,6,22,0,2,2026,7,22,0.0652,6.52,0,No Revenue Leakage,LOW,0.0
TEST000522,CUST00442,Coleman-Ruiz,Government,Telecom,South,India,Vincentville,annbennett@mccarthy-kelly.net,881-793-2426x87741,2023-02-10,Suspended,Net 45,472225.0,Priya Nair,CON00067,Security,SOC,15.0,2052.0,7545.0,10.0,18.0,Quarterly,12.0,Platinum,9.0,2026.0,503.0,503.0,779.0,390.0,7545.0,2025-12-25,2026-01-24,INR,Sent,Pending,2.0,1358.1,1358.1,10.0,754.5,3597.66,0,0,0,0,0,0,1,0,Contract Violation,4550.94,1,45.0,1281,3.5071868583162216,0.0,1.0,3947.34,0.47682703777335983,0.0,1.0,0.0,0,15.0,7.152405566600398,7.847594433399602,0.24512670565302144,0.0,1.5487077534791251,0.7753479125248509,2025,12,25,3,4,2026,1,24,0.9985,99.85,1,Revenue Leakage Detected,HIGH,3947.34
TEST000523,CUST00119,Johnson-Vega,Enterprise,Telecom,West,Australia,West Jason,joshuagriffin@johnson.org,847.468.7014,2025-02-28,Inactive,Net 30,850820.0,Priya Nair,CON00091,SaaS,HRMS,25.0,2871.0,34825.0,0.0,18.0,Quarterly,24.0,Bronze,10.0,2026.0,1393.0,1393.0,1508.0,1230.0,34825.0,2025-08-31,2025-09-30,INR,Generated,Paid,1.0,6268.5,6268.5,0.0,0.0,41093.5,0,0,0,0,0,0,0,0,,0.0,0,30.0,532,1.4565366187542779,0.0,1.0,-6268.5,1.18,0.0,1.0,0.0,0,25.0,29.5,-4.5,0.48519679554162315,0.0,1.0825556353194543,0.882986360373295,2025,8,31,6,3,2025,9,30,0.1283,12.83,0,No Revenue Leakage,LOW,0.0
TEST000524,CUST00488,Chavez-Tran,SMB,Telecom,West,USA,Port Teresaburgh,gwilkins@thomas.com,001-503-458-9298x80858,2024-10-12,Suspended,Net 45,653291.0,Arjun Kumar,CON00099,Security,SOC,15.0,974.0,32295.0,15.0,18.0,Quarterly,12.0,Gold,7.0,2026.0,2153.0,2153.0,2269.0,2146.0,32295.0,2026-05-21,2026-06-20,INR,Generated,Paid,1.0,5813.1,5813.1,15.0,4844.25,33263.85,0,0,0,0,0,0,0,0,,0.0,0,45.0,671,1.83709787816564,0.0,1.0,-968.8499999999985,1.03,0.0,1.0,0.0,0,15.0,15.45,-0.4499999999999993,2.2104722792607805,0.0,1.0538783093358104,0.9967487227124942,2026,5,21,3,2,2026,6,20,0.0254,2.54,0,No Revenue Leakage,LOW,0.0
TEST000525,CUST00160,Vance PLC,Retail,Finance,East,UK,Dennishaven,sanderswayne@allen.com,001-582-372-2992x75037,2023-11-05,Active,Net 60,914266.0,Priya Nair,CON00006,Cloud,Enterprise Cloud,20.0,2651.0,56680.0,5.0,18.0,Monthly,24.0,Platinum,9.0,2026.0,2834.0,2834.0,2990.0,2808.0,56680.0,2026-05-13,2026-06-12,INR,Paid,Overdue,1.0,10202.4,10202.4,5.0,2834.0,64048.4,0,0,0,0,0,1,0,0,Duplicate Invoice,64048.4,1,60.0,1013,2.7734428473648185,0.0,1.0,-7368.4000000000015,1.1300000000000001,0.0,1.0,0.0,0,20.0,22.6,-2.6000000000000014,1.069030554507733,0.0,1.055045871559633,0.9908256880733946,2026,5,13,2,2,2026,6,12,0.03,3.0,0,No Revenue Leakage,LOW,0.0
TEST000526,CUST00426,Romero PLC,Retail,Education,East,Singapore,Shirleyville,kennethpeterson@holmes.biz,756-352-2036x8499,2024-07-20,Active,Net 30,91971.0,John Thomas,CON00038,Cloud,Enterprise Cloud,20.0,2384.0,31140.0,5.0,18.0,Quarterly,12.0,Platinum,10.0,2026.0,1557.0,1557.0,1687.0,1478.0,31140.0,2026-01-25,2026-02-24,USD,Generated,Pending,2.0,5605.2,5605.2,5.0,1557.0,35188.2,0,0,0,0,0,0,0,0,,0.0,0,30.0,755,2.0670773442847366,0.0,1.0,-4048.199999999997,1.13,0.0,1.0,0.0,0,20.0,22.599999999999998,-2.599999999999998,0.6531040268456376,0.0,1.0834938985228002,0.9492614001284522,2026,1,25,6,1,2026,2,24,0.0931,9.31,0,No Revenue Leakage,LOW,0.0
TEST000527,CUST00088,"Hernandez, Robinson and Bryant",Retail,Finance,North,USA,New Danafort,ismith@jenkins.net,608-762-1182x3398,2023-11-14,Suspended,Net 30,567313.0,Sneha Patel,CON00115,SaaS,ERP,25.0,1262.0,31950.0,0.0,18.0,Monthly,12.0,Bronze,11.0,2026.0,1278.0,1278.0,1303.0,1227.0,31950.0,2026-07-16,2026-08-15,EUR,Generated,Paid,1.0,5751.0,5751.0,0.0,0.0,37701.0,0,0,0,0,0,0,0,0,,0.0,0,30.0,1004,2.74880219028063,0.0,1.0,-5751.0,1.18,0.0,1.0,0.0,0,25.0,29.5,-4.5,1.012678288431062,0.0,1.0195618153364632,0.960093896713615,2026,7,16,3,3,2026,8,15,0.0596,5.96,0,No Revenue Leakage,LOW,0.0
TEST000528,CUST00321,Valdez-Smith,Government,Telecom,South,India,South Jeffrey,debra50@mcclure.com,001-497-718-9241x95625,2025-09-11,Suspended,Net 30,701844.0,Rahul Sharma,CON00183,SaaS,CRM,25.0,804.0,62375.0,10.0,18.0,Yearly,24.0,Silver,1.0,2026.0,2495.0,2495.0,2679.0,2429.0,62375.0,2025-08-18,2025-09-17,EUR,Paid,Pending,2.0,11227.5,11227.5,10.0,6237.5,67365.0,0,0,0,0,0,0,0,0,,0.0,0,30.0,337,0.9226557152635181,0.0,1.0,-4990.0,1.08,0.0,1.0,0.0,0,25.0,27.0,-2.0,3.103233830845771,0.0,1.07374749498998,0.9735470941883767,2025,8,18,0,3,2025,9,17,0.2862,28.62,0,No Revenue Leakage,LOW,0.0
TEST000529,CUST00024,Hunter LLC,SMB,Telecom,West,Singapore,Port Robertfort,hamiltonmichael@zimmerman-graham.net,+1-949-587-7694x5314,2025-07-19,Inactive,Net 30,202906.0,Priya Nair,CON00200,Security,Firewall,15.0,719.0,31620.0,5.0,18.0,Monthly,36.0,Silver,10.0,2026.0,2108.0,2108.0,2332.0,1940.0,31620.0,2025-11-26,2025-12-26,INR,Generated,Pending,1.0,5691.6,5691.6,5.0,1581.0,35006.69,0,0,0,0,0,0,1,0,Contract Violation,723.91,1,30.0,391,1.0704996577686516,0.0,1.0,-3386.6900000000023,1.1071059456040482,0.0,1.0,0.0,0,15.0,16.606589184060724,-1.6065891840607236,2.9318497913769126,0.0,1.1062618595825426,0.920303605313093,2025,11,26,2,4,2025,12,26,0.4754,47.54,0,No Revenue Leakage,LOW,0.0
TEST000530,CUST00267,Walker and Sons,Enterprise,Healthcare,East,India,Port Lisa,keith76@reynolds.org,643.562.6204,2025-06-07,Inactive,Net 15,966838.0,Rahul Sharma,CON00127,SaaS,HRMS,25.0,1016.0,73975.0,0.0,18.0,Quarterly,12.0,Bronze,1.0,2026.0,2959.0,2959.0,2999.0,2934.0,73975.0,2026-05-06,2026-06-05,EUR,Sent,Pending,1.0,13315.5,13315.5,0.0,0.0,87290.5,0,0,0,0,0,0,0,0,,0.0,0,15.0,433,1.1854893908281998,0.0,1.0,-13315.5,1.18,0.0,1.0,0.0,0,25.0,29.5,-4.5,2.9124015748031495,0.0,1.0135180804325785,0.9915511997296383,2026,5,6,2,2,2026,6,5,0.1745,17.45,0,No Revenue Leakage,LOW,0.0
TEST000531,CUST00023,Jackson-Lawson,SMB,Telecom,South,USA,Port Loriport,lanesarah@byrd.com,793-814-9190,2024-09-30,Active,Net 30,492296.0,Sneha Patel,CON00055,SaaS,ERP,25.0,2505.0,49725.0,0.0,18.0,Quarterly,24.0,Silver,11.0,2026.0,1989.0,1989.0,1990.0,1843.0,49725.0,2025-12-15,2026-01-14,USD,Paid,Paid,2.0,8950.5,8950.5,0.0,0.0,58675.5,0,0,0,0,0,0,0,1,Late Billing,4746.0,1,30.0,683,1.8699520876112252,0.0,1.0,-8950.5,1.18,0.0,1.0,0.0,0,25.0,29.5,-4.5,0.7940119760479042,0.0,1.0005027652086476,0.926596279537456,2025,12,15,0,4,2026,1,14,0.1137,11.37,0,No Revenue Leakage,LOW,0.0
TEST000532,CUST00337,"Long, Henderson and Kennedy",Retail,Telecom,South,Singapore,Katherinefurt,rosejustin@leblanc.com,(959)904-7292,2024-01-27,Inactive,Net 15,168413.0,Arjun Kumar,CON00185,Voice,Voice Basic,5.0,2288.0,13020.0,10.0,18.0,Yearly,36.0,Bronze,10.0,2026.0,2604.0,2457.0,2705.0,2470.0,13020.0,2025-11-29,2025-12-29,EUR,Sent,Overdue,2.0,2343.6,2343.6,10.0,1302.0,13326.6,0,1,0,0,0,0,0,0,Usage Mismatch,735.0,1,15.0,930,2.546201232032854,147.0,0.9435483870967742,-306.60000000000036,1.0235483870967743,0.0,1.0,0.0,0,5.0,5.423931623931624,-0.4239316239316242,1.1381118881118881,0.0,1.0387864823348694,0.9485407066052227,2025,11,29,5,4,2025,12,29,0.9984,99.84,1,Revenue Leakage Detected,HIGH,0.0
TEST000533,CUST00217,"Coleman, Wilkins and Cruz",Enterprise,Education,North,Australia,East Roger,lanemelanie@joseph.biz,+1-995-300-9751,2022-10-21,Inactive,Net 15,243259.0,Rahul Sharma,CON00020,Internet,Fiber 300,10.0,776.0,15000.0,15.0,18.0,Quarterly,24.0,Bronze,12.0,2026.0,1500.0,1500.0,1557.0,1354.0,15000.0,2026-05-18,2026-06-17,USD,Sent,Pending,2.0,2700.0,2700.0,15.0,2250.0,15450.0,0,0,0,0,0,0,0,0,,0.0,0,15.0,1393,3.813826146475017,0.0,1.0,-450.0,1.03,0.0,1.0,0.0,0,10.0,10.3,-0.3000000000000007,1.9329896907216495,0.0,1.038,0.9026666666666666,2026,5,18,0,2,2026,6,17,0.0262,2.62,0,No Revenue Leakage,LOW,0.0
TEST000534,CUST00436,Farmer-Klein,Retail,Telecom,South,USA,Walkertown,cwise@woods-rodriguez.com,921-518-2379x31269,2022-02-05,Suspended,Net 45,582726.0,John Thomas,CON00144,SaaS,HRMS,25.0,582.0,47875.0,0.0,18.0,Quarterly,12.0,Platinum,3.0,2026.0,1915.0,1915.0,1931.0,1790.0,47875.0,2026-06-03,2026-07-03,INR,Paid,Paid,1.0,8617.5,8617.5,0.0,0.0,56492.5,0,0,0,0,0,0,0,0,,0.0,0,45.0,1651,4.520191649555099,0.0,1.0,-8617.5,1.18,0.0,1.0,0.0,0,25.0,29.5,-4.5,3.290378006872852,0.0,1.008355091383812,0.9347258485639687,2026,6,3,2,2,2026,7,3,0.0795,7.95,0,No Revenue Leakage,LOW,0.0
TEST000535,CUST00191,"Stokes, James and Deleon",SMB,Telecom,South,USA,Michaelchester,hconrad@adkins.com,+1-460-248-0589x2583,2024-12-08,Active,Net 15,306609.0,Sneha Patel,CON00110,Internet,Fiber 300,10.0,2709.0,16540.0,10.0,18.0,Quarterly,36.0,Bronze,10.0,2026.0,1654.0,1654.0,1728.0,1581.0,16540.0,2026-06-15,2026-07-15,USD,Sent,Paid,1.0,2977.2,2977.2,10.0,1654.0,17863.2,0,0,0,0,0,0,0,1,Late Billing,3307.0,1,15.0,614,1.68104038329911,0.0,1.0,-1323.2000000000007,1.08,0.0,1.0,0.0,0,10.0,10.8,-0.8000000000000007,0.6105574012550756,0.0,1.044740024183797,0.9558645707376058,2026,6,15,0,2,2026,7,15,0.047,4.7,0,No Revenue Leakage,LOW,0.0
TEST000536,CUST00124,Rivera Inc,SMB,Telecom,South,Australia,West Toni,daisymccarty@santiago.com,433-815-4100x676,2025-10-15,Inactive,Net 15,614037.0,Rahul Sharma,CON00161,Voice,Voice Premium,5.0,1728.0,4375.0,15.0,18.0,Quarterly,12.0,Platinum,8.0,2026.0,875.0,875.0,1147.0,794.0,4375.0,2026-07-30,2026-08-29,INR,Sent,Paid,2.0,787.5,787.5,15.0,656.25,4506.25,0,0,0,0,0,0,0,0,,0.0,0,15.0,303,0.8295687885010267,0.0,1.0,-131.25,1.03,0.0,1.0,0.0,0,5.0,5.15,-0.15000000000000036,0.5063657407407407,0.0,1.310857142857143,0.9074285714285715,2026,7,30,3,3,2026,8,29,0.1402,14.02,0,No Revenue Leakage,LOW,0.0
TEST000537,CUST00307,Bryant-Wood,SMB,IT,East,Australia,Donnahaven,ejohns@thomas.com,586.655.9630,2022-11-10,Inactive,Net 60,216703.0,Priya Nair,CON00006,Cloud,Enterprise Cloud,20.0,2651.0,42000.0,5.0,18.0,Monthly,24.0,Platinum,10.0,2026.0,2100.0,2100.0,2304.0,2046.0,42000.0,2025-09-25,2025-10-25,USD,Sent,Overdue,1.0,7560.0,7560.0,5.0,2100.0,47460.0,0,0,0,0,0,0,0,0,,0.0,0,60.0,1373,3.759069130732375,0.0,1.0,-5460.0,1.13,0.0,1.0,0.0,0,20.0,22.6,-2.6000000000000014,0.7921539041870992,0.0,1.0971428571428572,0.9742857142857143,2025,9,25,3,3,2025,10,25,0.3448,34.48,0,No Revenue Leakage,LOW,0.0
TEST000538,CUST00072,"Patel, Erickson and Evans",Enterprise,Telecom,West,UK,West Markville,ysilva@wiggins.com,+1-299-330-9728x9623,2023-03-21,Inactive,Net 45,403824.0,Rahul Sharma,CON00199,Internet,Fiber 100,10.0,1734.0,18370.0,15.0,18.0,Monthly,36.0,Gold,1.0,2026.0,1837.0,1837.0,2105.0,1649.0,18370.0,2025-12-02,2026-01-01,EUR,Sent,Pending,1.0,3306.6,3306.6,15.0,2755.5,18921.1,0,0,0,0,0,0,0,0,,0.0,0,45.0,1242,3.40041067761807,0.0,1.0,-551.0999999999985,1.03,0.0,1.0,0.0,0,10.0,10.299999999999999,-0.29999999999999893,1.0594002306805075,0.0,1.145890038105607,0.8976592270005443,2025,12,2,1,4,2026,1,1,0.0415,4.15,0,No Revenue Leakage,LOW,0.0
TEST000539,CUST00169,Pena and Sons,Government,Logistics,West,India,West Kimberlystad,msullivan@smith.net,689-455-4393x7690,2025-01-21,Inactive,Net 45,516725.0,Priya Nair,CON00151,Security,Endpoint Security,15.0,2540.0,31830.0,5.0,18.0,Monthly,36.0,Gold,1.0,2026.0,2122.0,2122.0,2188.0,1941.0,31830.0,2026-06-03,2026-07-03,USD,Paid,Overdue,1.0,5729.4,5729.4,5.0,1591.5,35967.9,0,0,0,0,0,0,0,0,,0.0,0,45.0,570,1.5605749486652978,0.0,1.0,-4137.9000000000015,1.1300000000000001,0.0,1.0,0.0,0,15.0,16.95,-1.9499999999999993,0.8354330708661417,0.0,1.0311027332704996,0.9147031102733271,2026,6,3,2,2,2026,7,3,0.0505,5.05,0,No Revenue Leakage,LOW,0.0
TEST000540,CUST00243,Cooper-Parker,SMB,Logistics,South,India,Sawyerland,jessicawallace@lara-roberts.biz,001-862-399-1234x7851,2021-08-26,Inactive,Net 45,313579.0,Arjun Kumar,CON00065,Security,Firewall,15.0,1647.0,18585.0,10.0,18.0,Quarterly,36.0,Platinum,12.0,2026.0,1239.0,1239.0,1447.0,1131.0,18585.0,2026-01-17,2026-02-16,INR,Paid,Overdue,2.0,3345.3,3345.3,10.0,1858.5,20071.8,0,0,0,0,0,0,0,0,,0.0,0,45.0,1814,4.9664613278576315,0.0,1.0,-1486.7999999999993,1.08,0.0,1.0,0.0,0,15.0,16.2,-1.1999999999999993,0.7522768670309654,0.0,1.1678773204196933,0.9128329297820823,2026,1,17,5,1,2026,2,16,0.099,9.9,0,No Revenue Leakage,LOW,0.0
TEST000541,CUST00107,Perez Inc,Enterprise,IT,South,India,North Lawrenceport,patrickli@may.com,489-809-2753,2025-05-11,Suspended,Net 45,967888.0,Sneha Patel,CON00099,Security,SOC,15.0,974.0,9735.0,15.0,18.0,Quarterly,12.0,Gold,12.0,2026.0,649.0,649.0,829.0,549.0,9735.0,2025-12-10,2026-01-09,INR,Sent,Overdue,3.0,1752.3,1752.3,15.0,1460.25,10027.05,0,0,0,0,0,0,0,0,,0.0,0,45.0,460,1.2594113620807665,0.0,1.0,-292.0499999999993,1.03,0.0,1.0,0.0,0,15.0,15.45,-0.4499999999999993,0.6663244353182751,0.0,1.2773497688751927,0.8459167950693375,2025,12,10,2,4,2026,1,9,0.0891,8.91,0,No Revenue Leakage,LOW,0.0
TEST000542,CUST00250,"Hines, Rice and Baldwin",Government,Logistics,East,Australia,Georgeside,beltrancorey@knapp.info,(892)371-2566x383,2024-04-08,Active,Net 45,335555.0,Priya Nair,CON00119,Voice,Voice Basic,5.0,577.0,12195.0,5.0,18.0,Monthly,36.0,Silver,3.0,2026.0,2439.0,2439.0,2735.0,2432.0,12195.0,2026-03-24,2026-04-23,USD,Paid,Paid,2.0,2195.1,2195.1,10.0,1219.5,13170.6,0,0,1,0,0,0,0,0,Extra Discount,609.75,1,45.0,858,2.349075975359343,0.0,1.0,-975.6000000000004,1.08,0.0,1.0,-5.0,1,5.0,5.4,-0.40000000000000036,4.227036395147314,0.0,1.121361213612136,0.997129971299713,2026,3,24,1,1,2026,4,23,0.9906,99.06,1,Revenue Leakage Detected,HIGH,0.0
TEST000543,CUST00442,Coleman-Ruiz,Government,Telecom,South,India,Vincentville,annbennett@mccarthy-kelly.net,881-793-2426x87741,2023-02-10,Suspended,Net 45,472225.0,Priya Nair,CON00018,Voice,Voice Basic,5.0,1536.0,6390.0,10.0,18.0,Quarterly,12.0,Bronze,4.0,2026.0,1278.0,1278.0,1570.0,1216.0,6390.0,2026-07-25,2026-08-24,USD,Sent,Overdue,1.0,1150.2,1150.2,10.0,639.0,6901.2,0,0,0,0,0,0,0,0,,0.0,0,45.0,1281,3.5071868583162216,0.0,1.0,-511.1999999999998,1.08,0.0,1.0,0.0,0,5.0,5.3999999999999995,-0.39999999999999947,0.83203125,0.0,1.2284820031298904,0.9514866979655712,2026,7,25,5,3,2026,8,24,0.0376,3.76,0,No Revenue Leakage,LOW,0.0
TEST000544,CUST00432,"Ingram, Green and Stewart",Government,Education,North,Singapore,Lambchester,dgreen@washington-robinson.com,276-239-2831x9952,2024-10-27,Active,Net 45,663375.0,Sneha Patel,CON00062,Security,Firewall,15.0,806.0,44580.0,0.0,18.0,Yearly,36.0,Platinum,11.0,2026.0,2972.0,2972.0,3023.0,2787.0,44580.0,2025-08-16,2025-09-15,USD,Generated,Paid,2.0,8024.4,6444.697690758203,0.0,0.0,51024.7,1,0,0,0,0,0,0,0,Missing GST,1579.7,1,45.0,656,1.7960301163586585,0.0,1.0,-6444.699999999997,1.1445648272768056,1579.7023092417967,0.8031376415380842,0.0,0,15.0,17.168472409152084,-2.168472409152084,3.6873449131513647,0.0,1.0171601615074024,0.9377523553162853,2025,8,16,5,3,2025,9,15,0.9914,99.14,1,Revenue Leakage Detected,HIGH,0.0
TEST000545,CUST00410,"Miller, Patton and Evans",Retail,Education,East,USA,South Jerryside,andrew44@warner-jones.com,318-993-8984x6908,2023-11-01,Active,Net 15,361877.0,Arjun Kumar,CON00070,Voice,Voice Basic,5.0,1572.0,12830.0,10.0,18.0,Quarterly,12.0,Platinum,11.0,2026.0,2566.0,2566.0,2635.0,2539.0,12830.0,2026-03-07,2026-04-06,EUR,Sent,Pending,2.0,2309.4,2309.4,10.0,1283.0,13856.4,0,0,0,0,0,0,0,0,,0.0,0,15.0,1017,2.784394250513347,0.0,1.0,-1026.3999999999996,1.08,0.0,1.0,0.0,0,5.0,5.3999999999999995,-0.39999999999999947,1.6323155216284988,0.0,1.0268901013250196,0.9894777864380359,2026,3,7,5,1,2026,4,6,0.0682,6.82,0,No Revenue Leakage,LOW,0.0
TEST000546,CUST00374,Davies-Tucker,SMB,Manufacturing,West,Singapore,Wilsonmouth,gardnerstacy@bowman.org,5962056730,2025-03-11,Suspended,Net 60,853585.0,Sneha Patel,CON00157,SaaS,ERP,25.0,794.0,32525.0,0.0,18.0,Monthly,36.0,Silver,9.0,2026.0,1301.0,1301.0,1454.0,1255.0,32525.0,2025-12-20,2026-01-19,EUR,Generated,Paid,2.0,5854.5,5854.5,0.0,0.0,38379.5,0,0,0,0,0,0,0,0,,0.0,0,60.0,521,1.4264202600958247,0.0,1.0,-5854.5,1.18,0.0,1.0,0.0,0,25.0,29.5,-4.5,1.6385390428211586,0.0,1.1176018447348193,0.9646425826287471,2025,12,20,5,4,2026,1,19,0.0176,1.76,0,No Revenue Leakage,LOW,0.0
TEST000547,CUST00298,Becker-Fletcher,SMB,IT,South,India,North Lisa,lindsey33@coffey-johnson.info,001-593-403-6149x872,2022-02-25,Suspended,Net 60,480424.0,Arjun Kumar,CON00199,Internet,Fiber 100,10.0,1734.0,15530.0,15.0,18.0,Monthly,36.0,Gold,7.0,2026.0,1553.0,1553.0,1663.0,1472.0,15530.0,2025-10-24,2025-11-23,USD,Paid,Paid,2.0,2795.4,2795.4,15.0,2329.5,15995.9,0,0,0,0,0,0,0,0,,0.0,0,60.0,1631,4.465434633812457,0.0,1.0,-465.89999999999964,1.03,0.0,1.0,0.0,0,10.0,10.299999999999999,-0.29999999999999893,0.8956170703575548,0.0,1.0708306503541531,0.9478428847392144,2025,10,24,4,4,2025,11,23,0.0842,8.42,0,No Revenue Leakage,LOW,0.0
TEST000548,CUST00013,Walters LLC,Retail,Finance,North,Singapore,North Matthewberg,evan78@patterson.com,+1-605-798-2620,2021-12-07,Active,Net 15,612332.0,Sneha Patel,CON00145,Cloud,Basic Cloud,20.0,1117.0,47440.0,15.0,18.0,Quarterly,24.0,Platinum,5.0,2026.0,2372.0,2372.0,2403.0,2328.0,47440.0,2026-03-14,2026-04-13,USD,Sent,Pending,1.0,8539.2,8539.2,20.0,9488.0,46491.2,0,0,1,0,0,0,0,0,Extra Discount,2372.0,1,15.0,1711,4.684462696783025,0.0,1.0,948.8000000000029,0.98,0.0,1.0,-5.0,1,20.0,19.599999999999998,0.40000000000000213,2.1235452103849597,0.0,1.0130691399662732,0.9814502529510961,2026,3,14,5,1,2026,4,13,0.9997,99.97,1,Revenue Leakage Detected,HIGH,948.8000000000029
TEST000549,CUST00379,"Shaffer, Contreras and Christian",Retail,IT,East,USA,East Kimberly,ewilson@bell.biz,+1-860-253-8444x4630,2021-09-23,Active,Net 15,548685.0,Sneha Patel,CON00149,Security,Firewall,15.0,2924.0,11880.0,0.0,18.0,Quarterly,36.0,Silver,10.0,2026.0,792.0,792.0,864.0,596.0,11880.0,2025-08-30,2025-09-29,INR,Generated,Pending,1.0,2138.4,1339.577174893915,0.0,0.0,13219.58,1,0,0,0,0,0,0,0,Missing GST,798.82,1,15.0,1786,4.889801505817933,0.0,1.0,-1339.58,1.1127592592592592,798.822825106085,0.6264390080873153,0.0,0,15.0,16.691388888888888,-1.6913888888888877,0.2708618331053352,0.0,1.0909090909090908,0.7525252525252525,2025,8,30,5,3,2025,9,29,0.9979,99.79,1,Revenue Leakage Detected,HIGH,0.0
TEST000550,CUST00136,"Glover, Knox and Powers",SMB,Manufacturing,North,India,Meganside,kellyruiz@green.com,+1-351-935-3465x54947,2022-01-19,Active,Net 30,166421.0,Arjun Kumar,CON00136,Internet,Fiber 300,10.0,653.0,25900.0,10.0,18.0,Yearly,24.0,Gold,12.0,2026.0,2590.0,2590.0,2822.0,2524.0,25900.0,2026-05-16,2026-06-15,USD,Sent,Pending,2.0,4662.0,4662.0,10.0,2590.0,27972.0,0,0,0,0,0,0,0,0,,0.0,0,30.0,1668,4.566735112936345,0.0,1.0,-2072.0,1.08,0.0,1.0,0.0,0,10.0,10.8,-0.8000000000000007,3.9663093415007658,0.0,1.0895752895752895,0.9745173745173745,2026,5,16,5,2,2026,6,15,0.0831,8.31,0,No Revenue Leakage,LOW,0.0
TEST000551,CUST00200,Carr-Newton,Government,Healthcare,West,UK,New Danielmouth,richjohn@foster.net,001-403-947-6447x26490,2025-06-09,Active,Net 30,729418.0,Sneha Patel,CON00029,Internet,Fiber 300,10.0,1536.0,26510.0,15.0,18.0,Yearly,24.0,Gold,3.0,2026.0,2651.0,2651.0,2851.0,2579.0,26510.0,2025-09-21,2025-10-21,EUR,Generated,Paid,2.0,4771.8,4771.8,15.0,3976.5,27305.3,0,0,0,0,0,1,0,0,Duplicate Invoice,27305.3,1,30.0,431,1.1800136892539357,0.0,1.0,-795.2999999999993,1.03,0.0,1.0,0.0,0,10.0,10.299999999999999,-0.29999999999999893,1.7259114583333333,0.0,1.0754432289701998,0.972840437570728,2025,9,21,6,3,2025,10,21,0.0245,2.45,0,No Revenue Leakage,LOW,0.0
TEST000552,CUST00457,"Thomas, Snyder and Orozco",SMB,Education,North,Singapore,Teresabury,uwilliams@johnson-lynch.com,(581)654-6602x4161,2024-03-05,Suspended,Net 60,231211.0,Priya Nair,CON00156,Voice,Voice Premium,5.0,993.0,7675.0,5.0,18.0,Monthly,36.0,Bronze,11.0,2026.0,1535.0,1535.0,1603.0,1500.0,7675.0,2025-10-10,2025-11-09,INR,Paid,Pending,3.0,1381.5,1381.5,5.0,383.75,8672.75,0,0,0,0,0,0,0,0,,0.0,0,60.0,892,2.4421629021218343,0.0,1.0,-997.75,1.13,0.0,1.0,0.0,0,5.0,5.65,-0.6500000000000004,1.5458207452165156,0.0,1.044299674267101,0.9771986970684039,2025,10,10,4,4,2025,11,9,0.0198,1.98,0,No Revenue Leakage,LOW,0.0
TEST000553,CUST00405,Roberts-Garcia,Enterprise,Manufacturing,West,Australia,Richardsonview,zcruz@marshall.com,2479196094,2021-12-16,Active,Net 15,819097.0,Sneha Patel,CON00168,SaaS,ERP,25.0,1700.0,38175.0,5.0,18.0,Quarterly,24.0,Gold,11.0,2026.0,1527.0,1527.0,1651.0,1385.0,38175.0,2026-04-06,2026-05-06,INR,Sent,Pending,3.0,6871.5,6871.5,5.0,1908.75,40008.83,0,0,0,0,0,0,1,0,Contract Violation,3128.92,1,15.0,1702,4.659822039698836,0.0,1.0,-1833.8300000000017,1.048037459070072,0.0,1.0,0.0,0,25.0,26.200936476751803,-1.200936476751803,0.898235294117647,0.0,1.0812049770792402,0.9070072036673216,2026,4,6,0,2,2026,5,6,0.909,90.9,1,Revenue Leakage Detected,HIGH,0.0
TEST000554,CUST00195,"Landry, Jones and Guerrero",Enterprise,Logistics,South,Australia,Michelletown,michelle63@romero-mckinney.com,698.712.3878x0038,2025-10-06,Active,Net 30,413476.0,Arjun Kumar,CON00152,Internet,Fiber 1000,10.0,1445.0,20950.0,10.0,18.0,Quarterly,12.0,Silver,2.0,2026.0,2095.0,2095.0,2152.0,1921.0,20950.0,2025-09-25,2025-10-25,USD,Generated,Pending,2.0,3771.0,3771.0,10.0,2095.0,22626.0,0,0,0,0,0,0,0,0,,0.0,0,30.0,312,0.8542094455852156,0.0,1.0,-1676.0,1.08,0.0,1.0,0.0,0,10.0,10.8,-0.8000000000000007,1.4498269896193772,0.0,1.0272076372315035,0.916945107398568,2025,9,25,3,3,2025,10,25,0.1569,15.69,0,No Revenue Leakage,LOW,0.0
TEST000555,CUST00421,Lawson-Ward,Enterprise,Logistics,South,Singapore,Merrittstad,sdunlap@johnson.com,001-701-593-5889,2024-10-26,Suspended,Net 60,563317.0,Arjun Kumar,CON00112,Voice,Voice Basic,5.0,2356.0,10640.0,10.0,18.0,Monthly,12.0,Gold,7.0,2026.0,2128.0,2128.0,2149.0,1976.0,10640.0,2025-09-23,2025-10-23,USD,Paid,Overdue,1.0,1915.2,1915.2,10.0,1064.0,11491.2,0,0,0,0,0,0,0,0,,0.0,0,60.0,657,1.7987679671457906,0.0,1.0,-851.2000000000007,1.08,0.0,1.0,0.0,0,5.0,5.4,-0.40000000000000036,0.9032258064516129,0.0,1.0098684210526316,0.9285714285714286,2025,9,23,1,3,2025,10,23,0.0813,8.13,0,No Revenue Leakage,LOW,0.0
TEST000556,CUST00011,"Silva, Mills and Donovan",SMB,Telecom,South,USA,Lake Jennifer,josephanderson@evans.com,6794911838,2024-07-25,Inactive,Net 60,585822.0,Arjun Kumar,CON00001,SaaS,ERP,25.0,1320.0,30900.0,10.0,18.0,Yearly,12.0,Gold,8.0,2026.0,1236.0,1236.0,1528.0,1199.0,30900.0,2025-08-23,2025-09-22,USD,Sent,Paid,3.0,5562.0,5562.0,10.0,3090.0,33372.0,0,0,0,0,0,0,0,0,,0.0,0,60.0,750,2.0533880903490758,0.0,1.0,-2472.0,1.08,0.0,1.0,0.0,0,25.0,27.0,-2.0,0.9363636363636364,0.0,1.2362459546925566,0.9700647249190939,2025,8,23,5,3,2025,9,22,0.069,6.9,0,No Revenue Leakage,LOW,0.0
TEST000557,CUST00391,Walsh-Barnett,Enterprise,Finance,West,Australia,New Timothy,ubray@webb.com,(883)531-1703x037,2025-09-29,Inactive,Net 60,771909.0,John Thomas,CON00172,Cloud,Basic Cloud,20.0,2200.0,32760.0,10.0,18.0,Monthly,36.0,Platinum,5.0,2026.0,1638.0,1638.0,1671.0,1541.0,32760.0,2025-09-26,2025-10-26,EUR,Generated,Pending,2.0,5896.8,5896.8,10.0,3276.0,35380.8,0,0,0,0,0,1,0,0,Duplicate Invoice,35380.8,1,60.0,319,0.8733744010951403,0.0,1.0,-2620.800000000003,1.08,0.0,1.0,0.0,0,20.0,21.6,-1.6000000000000014,0.7445454545454545,0.0,1.02014652014652,0.9407814407814408,2025,9,26,4,3,2025,10,26,0.1194,11.94,0,No Revenue Leakage,LOW,0.0
TEST000558,CUST00162,Gomez-Parrish,Enterprise,Education,South,India,Sparkstown,scotthall@schneider.com,+1-813-265-1777x392,2023-09-02,Active,Net 45,141751.0,Arjun Kumar,CON00047,Voice,Voice Basic,5.0,1412.0,3830.0,0.0,18.0,Quarterly,12.0,Platinum,2.0,2026.0,766.0,766.0,939.0,650.0,3830.0,2026-02-27,2026-03-29,USD,Generated,Pending,1.0,689.4,689.4,0.0,0.0,4519.4,0,0,0,0,0,0,0,0,,0.0,0,45.0,1077,2.948665297741273,0.0,1.0,-689.3999999999996,1.18,0.0,1.0,0.0,0,5.0,5.8999999999999995,-0.8999999999999995,0.5424929178470255,0.0,1.2258485639686685,0.8485639686684073,2026,2,27,4,1,2026,3,29,0.0426,4.26,0,No Revenue Leakage,LOW,0.0
TEST000559,CUST00326,Espinoza and Sons,Government,Telecom,South,UK,East Adam,travis66@brooks.org,660-716-9236,2025-12-06,Inactive,Net 30,126329.0,Sneha Patel,CON00197,Security,Endpoint Security,15.0,2864.0,21945.0,15.0,18.0,Yearly,24.0,Platinum,4.0,2026.0,1463.0,1401.0,1572.0,1300.0,21945.0,2025-12-24,2026-01-23,EUR,Paid,Pending,1.0,3950.1,3950.1,15.0,3291.75,21673.35,0,1,0,0,0,0,0,0,Usage Mismatch,930.0,1,30.0,251,0.6872005475701575,62.0,0.9576213260423787,271.65000000000146,0.9876213260423786,0.0,1.0,0.0,0,15.0,15.469914346895074,-0.4699143468950737,0.5108240223463687,0.0,1.0745044429254955,0.8885850991114149,2025,12,24,2,4,2026,1,23,0.9986,99.86,1,Revenue Leakage Detected,HIGH,271.65000000000146
TEST000560,CUST00188,"Cruz, Lee and Sandoval",Retail,Finance,South,Singapore,New Kara,xreese@ray.biz,922-786-8528,2024-04-11,Active,Net 30,491501.0,John Thomas,CON00149,Security,Firewall,15.0,2924.0,9810.0,0.0,18.0,Quarterly,36.0,Silver,3.0,2026.0,654.0,654.0,811.0,604.0,9810.0,2026-03-28,2026-04-27,USD,Sent,Paid,2.0,1765.8,1765.8,0.0,0.0,11575.8,0,0,0,0,0,0,0,0,,0.0,0,30.0,855,2.3408624229979464,0.0,1.0,-1765.7999999999993,1.18,0.0,1.0,0.0,0,15.0,17.7,-2.6999999999999993,0.22366621067031464,0.0,1.2400611620795108,0.9235474006116208,2026,3,28,5,1,2026,4,27,0.0568,5.68,0,No Revenue Leakage,LOW,0.0
TEST000561,CUST00246,Johns-Taylor,SMB,Finance,West,UK,North Joseph,wfields@roberts.com,732.419.2855x44518,2021-09-15,Inactive,Net 30,729181.0,Sneha Patel,CON00060,Cloud,Business Cloud,20.0,2259.0,58280.0,0.0,18.0,Monthly,12.0,Bronze,9.0,2026.0,2914.0,2914.0,3038.0,2875.0,58280.0,2026-04-17,2026-05-17,INR,Generated,Paid,3.0,10490.4,10490.4,0.0,0.0,68770.4,0,0,0,0,0,0,0,0,,0.0,0,30.0,1794,4.91170431211499,0.0,1.0,-10490.399999999994,1.18,0.0,1.0,0.0,0,20.0,23.599999999999998,-3.599999999999998,1.289951305887561,0.0,1.0425531914893618,0.9866163349347975,2026,4,17,4,2,2026,5,17,0.0756,7.56,0,No Revenue Leakage,LOW,0.0
TEST000562,CUST00296,"Hawkins, Ramirez and Reynolds",Enterprise,Logistics,West,Australia,Nicolemouth,tiffany74@bates.com,279.250.2097,2023-01-27,Inactive,Net 15,960830.0,Priya Nair,CON00195,Voice,Voice Basic,5.0,1143.0,8380.0,10.0,18.0,Yearly,24.0,Silver,4.0,2026.0,1676.0,1676.0,1936.0,1656.0,8380.0,2026-04-20,2026-05-20,EUR,Sent,Paid,3.0,1508.4,1508.4,10.0,838.0,9050.4,0,0,0,0,0,0,0,0,,0.0,0,15.0,1295,3.5455167693360714,0.0,1.0,-670.3999999999996,1.0799999999999998,0.0,1.0,0.0,0,5.0,5.3999999999999995,-0.39999999999999947,1.4663167104111987,0.0,1.1551312649164678,0.9880668257756563,2026,4,20,0,2,2026,5,20,0.0436,4.36,0,No Revenue Leakage,LOW,0.0
TEST000563,CUST00100,"Anderson, Wilson and Torres",Retail,Telecom,North,USA,West Heather,ibarnes@reyes.com,+1-227-742-2579,2021-09-04,Inactive,Net 60,396809.0,Arjun Kumar,CON00093,Voice,Voice Basic,5.0,604.0,4655.0,0.0,18.0,Quarterly,12.0,Bronze,11.0,2026.0,931.0,931.0,1179.0,851.0,4655.0,2025-12-04,2026-01-03,USD,Generated,Pending,3.0,837.9,837.9,0.0,0.0,5492.9,0,0,0,0,0,0,0,0,,0.0,0,60.0,1805,4.941820670773443,0.0,1.0,-837.8999999999996,1.18,0.0,1.0,0.0,0,5.0,5.8999999999999995,-0.8999999999999995,1.5413907284768211,0.0,1.2663802363050483,0.9140708915145005,2025,12,4,3,4,2026,1,3,0.1027,10.27,0,No Revenue Leakage,LOW,0.0
TEST000564,CUST00124,Rivera Inc,SMB,Telecom,South,Australia,West Toni,daisymccarty@santiago.com,433-815-4100x676,2025-10-15,Inactive,Net 15,614037.0,Rahul Sharma,CON00179,Cloud,Enterprise Cloud,20.0,518.0,56660.0,10.0,18.0,Quarterly,12.0,Platinum,9.0,2026.0,2833.0,2833.0,2844.0,2636.0,56660.0,2025-08-20,2025-09-19,USD,Paid,Paid,2.0,10198.8,10198.8,10.0,5666.0,61192.8,0,0,0,0,0,0,0,0,,0.0,0,15.0,303,0.8295687885010267,0.0,1.0,-4532.800000000003,1.08,0.0,1.0,0.0,0,20.0,21.6,-1.6000000000000014,5.469111969111969,0.0,1.0038828097423227,0.9304624073420402,2025,8,20,2,3,2025,9,19,0.4345,43.45,0,No Revenue Leakage,LOW,0.0
TEST000565,CUST00047,"Romero, Moore and Olson",Government,Finance,North,India,West Meganstad,farmeraudrey@bruce-villegas.org,+1-480-494-0244x550,2026-05-31,Suspended,Net 60,710960.0,Sneha Patel,CON00041,Voice,Voice Basic,5.0,2446.0,14300.0,5.0,18.0,Quarterly,12.0,Gold,4.0,2026.0,2860.0,2860.0,3064.0,2802.0,14300.0,2026-01-20,2026-02-19,EUR,Sent,Paid,2.0,2574.0,2574.0,5.0,715.0,16159.0,0,0,0,0,0,1,0,0,Duplicate Invoice,16159.0,1,60.0,75,0.2053388090349076,0.0,1.0,-1859.0,1.13,0.0,1.0,0.0,0,5.0,5.65,-0.6500000000000004,1.169255928045789,0.0,1.0713286713286714,0.9797202797202798,2026,1,20,1,1,2026,2,19,0.0557,5.57,0,No Revenue Leakage,LOW,0.0
TEST000566,CUST00105,Morris-Campbell,Government,Manufacturing,North,India,New Melissa,patricia00@sims.com,427-670-6324,2022-05-22,Inactive,Net 15,674785.0,Rahul Sharma,CON00089,Cloud,Basic Cloud,20.0,1479.0,57420.0,15.0,18.0,Monthly,36.0,Silver,5.0,2026.0,2871.0,2871.0,3010.0,2793.0,57420.0,2026-03-21,2026-04-20,EUR,Generated,Paid,3.0,10335.6,10335.6,15.0,8613.0,59142.6,0,0,0,0,0,0,0,0,,0.0,0,15.0,1545,4.229979466119096,0.0,1.0,-1722.5999999999985,1.03,0.0,1.0,0.0,0,20.0,20.599999999999998,-0.5999999999999979,1.9411764705882353,0.0,1.0484151863462208,0.9728317659352143,2026,3,21,5,1,2026,4,20,0.1843,18.43,0,No Revenue Leakage,LOW,0.0
TEST000567,CUST00411,"Johnson, Morgan and Green",Enterprise,Manufacturing,West,UK,Pamelaton,jamesmontoya@glass-alvarado.com,371.999.0516,2022-09-12,Inactive,Net 30,416008.0,Sneha Patel,CON00185,Voice,Voice Basic,5.0,2288.0,12425.0,10.0,18.0,Yearly,36.0,Bronze,2.0,2026.0,2485.0,2485.0,2654.0,2352.0,12425.0,2025-09-27,2025-10-27,USD,Generated,Pending,3.0,2236.5,2236.5,10.0,1242.5,13419.0,0,0,0,0,0,0,0,0,,0.0,0,30.0,1432,3.920602327173169,0.0,1.0,-994.0,1.08,0.0,1.0,0.0,0,5.0,5.4,-0.40000000000000036,1.0861013986013985,0.0,1.0680080482897385,0.9464788732394366,2025,9,27,5,3,2025,10,27,0.0511,5.11,0,No Revenue Leakage,LOW,0.0
TEST000568,CUST00454,Hughes-Nicholson,Retail,Healthcare,East,Singapore,West Susanchester,frankfleming@marshall.com,+1-816-202-5298x67076,2024-03-04,Inactive,Net 60,362229.0,Sneha Patel,CON00142,Voice,Voice Premium,5.0,1059.0,14900.0,0.0,18.0,Yearly,36.0,Platinum,8.0,2026.0,2980.0,2980.0,3201.0,2874.0,14900.0,2025-12-25,2026-01-24,USD,Sent,Paid,2.0,2682.0,2682.0,0.0,0.0,17582.0,0,0,0,0,0,0,0,0,,0.0,0,60.0,893,2.4449007529089664,0.0,1.0,-2682.0,1.18,0.0,1.0,0.0,0,5.0,5.9,-0.9000000000000004,2.813975448536355,0.0,1.0741610738255034,0.9644295302013423,2025,12,25,3,4,2026,1,24,0.016,1.6,0,No Revenue Leakage,LOW,0.0
TEST000569,CUST00125,Bell-Bennett,Enterprise,IT,West,USA,Kramershire,franciscojones@phillips.com,715-926-2181,2021-11-10,Inactive,Net 30,420608.0,Priya Nair,CON00192,Security,Firewall,15.0,1184.0,26670.0,5.0,18.0,Quarterly,12.0,Bronze,9.0,2026.0,1778.0,1778.0,1919.0,1764.0,26670.0,2026-01-17,2026-02-16,INR,Generated,Pending,1.0,4800.6,4800.6,5.0,1333.5,30137.1,0,0,0,0,0,0,0,0,,0.0,0,30.0,1738,4.758384668035592,0.0,1.0,-3467.0999999999985,1.13,0.0,1.0,0.0,0,15.0,16.95,-1.9499999999999993,1.5016891891891893,0.0,1.0793025871766029,0.9921259842519685,2026,1,17,5,1,2026,2,16,0.0386,3.86,0,No Revenue Leakage,LOW,0.0
TEST000570,CUST00197,Berry Group,Enterprise,Telecom,East,USA,Reneemouth,ndaniels@taylor.com,782-462-9251x8812,2021-11-05,Active,Net 15,758362.0,John Thomas,CON00012,Security,SOC,15.0,1194.0,36015.0,5.0,18.0,Quarterly,36.0,Gold,9.0,2026.0,2401.0,2401.0,2685.0,2238.0,36015.0,2026-01-05,2026-02-04,INR,Generated,Overdue,3.0,6482.7,6482.7,5.0,1800.75,40696.95,0,0,0,0,0,0,0,0,,0.0,0,15.0,1743,4.772073921971253,0.0,1.0,-4681.949999999997,1.13,0.0,1.0,0.0,0,15.0,16.95,-1.9499999999999993,2.010887772194305,0.0,1.1182840483132028,0.9321116201582674,2026,1,5,0,1,2026,2,4,0.136,13.6,0,No Revenue Leakage,LOW,0.0
TEST000571,CUST00292,Atkins-Johnson,SMB,Telecom,North,USA,Whitetown,patrick11@weaver.com,(741)424-6209,2021-10-29,Suspended,Net 45,246733.0,Priya Nair,CON00084,Voice,Voice Basic,5.0,686.0,12285.0,15.0,18.0,Quarterly,12.0,Silver,6.0,2026.0,2457.0,2457.0,2645.0,2348.0,12285.0,2026-01-02,2026-02-01,INR,Sent,Pending,1.0,2211.3,2211.3,15.0,1842.75,12653.55,0,0,0,0,0,0,0,0,,0.0,0,45.0,1750,4.791238877481177,0.0,1.0,-368.5499999999993,1.03,0.0,1.0,0.0,0,5.0,5.1499999999999995,-0.14999999999999947,3.5816326530612246,0.0,1.0765160765160766,0.9556369556369556,2026,1,2,4,1,2026,2,1,0.145,14.5,0,No Revenue Leakage,LOW,0.0
TEST000572,CUST00133,Colon-Wagner,Enterprise,Telecom,South,UK,Lake Anthonystad,lwheeler@matthews-bailey.com,614-806-0293x333,2025-12-17,Active,Net 15,436193.0,Arjun Kumar,CON00170,Voice,Voice Basic,5.0,2972.0,3140.0,5.0,18.0,Monthly,24.0,Silver,6.0,2026.0,628.0,628.0,880.0,533.0,3140.0,2025-11-09,2025-12-09,INR,Generated,Paid,3.0,565.2,565.2,5.0,157.0,3548.2,0,0,0,0,0,0,0,0,,0.0,0,15.0,240,0.6570841889117043,0.0,1.0,-408.1999999999998,1.13,0.0,1.0,0.0,0,5.0,5.6499999999999995,-0.6499999999999995,0.21130551816958276,0.0,1.4012738853503184,0.8487261146496815,2025,11,9,6,4,2025,12,9,0.1012,10.12,0,No Revenue Leakage,LOW,0.0
TEST000573,CUST00477,Durham PLC,SMB,Manufacturing,West,India,Allenchester,moyermorgan@tyler-vasquez.org,511-391-8182x81979,2025-04-05,Suspended,Net 30,522406.0,Sneha Patel,CON00065,Security,Firewall,15.0,1647.0,28215.0,10.0,18.0,Quarterly,36.0,Platinum,9.0,2026.0,1881.0,1881.0,2113.0,1762.0,28215.0,2026-06-06,2026-07-06,USD,Paid,Paid,3.0,5078.7,5078.7,10.0,2821.5,25959.82,0,0,0,0,0,0,1,0,Contract Violation,4512.38,1,30.0,496,1.3579739904175223,0.0,1.0,2255.1800000000003,0.9200715931242247,0.0,1.0,0.0,0,15.0,13.80107389686337,1.19892610313663,1.1420765027322404,0.0,1.123338649654439,0.936735778841042,2026,6,6,5,2,2026,7,6,0.9996,99.96,1,Revenue Leakage Detected,HIGH,2255.1800000000003
TEST000574,CUST00435,Decker LLC,Government,Manufacturing,East,Australia,Ronaldtown,joshua31@costa-johnston.biz,261-936-8474x8836,2024-12-11,Active,Net 30,693340.0,Priya Nair,CON00112,Voice,Voice Basic,5.0,2356.0,8340.0,10.0,18.0,Monthly,12.0,Gold,1.0,2026.0,1668.0,1668.0,1873.0,1533.0,8340.0,2026-01-19,2026-02-18,INR,Paid,Paid,1.0,1501.2,1501.2,10.0,834.0,7686.1,0,0,0,0,1,0,0,0,Missing Charge,1321.1,1,30.0,611,1.672826830937714,0.0,1.0,653.8999999999996,0.9215947242206235,0.0,1.0,0.0,0,5.0,4.607973621103118,0.3920263788968823,0.7079796264855688,0.0,1.1229016786570742,0.9190647482014388,2026,1,19,0,1,2026,2,18,0.9996,99.96,1,Revenue Leakage Detected,HIGH,653.8999999999996
TEST000575,CUST00139,Steele LLC,SMB,Education,East,India,Davidfurt,gary04@bryant-meyer.net,262-457-5326x03323,2022-08-23,Inactive,Net 45,585242.0,Priya Nair,CON00133,Security,SOC,15.0,2488.0,14295.0,5.0,18.0,Quarterly,12.0,Platinum,7.0,2026.0,953.0,953.0,1118.0,916.0,14295.0,2026-04-23,2026-05-23,INR,Sent,Overdue,2.0,2573.1,2573.1,20.0,2859.0,14009.1,0,0,1,0,0,0,0,0,Extra Discount,2144.25,1,45.0,1452,3.975359342915811,0.0,1.0,285.89999999999964,0.98,0.0,1.0,-15.0,1,15.0,14.700000000000001,0.29999999999999893,0.3830385852090032,0.0,1.1731374606505771,0.9611752360965372,2026,4,23,3,2,2026,5,23,0.9999,99.99,1,Revenue Leakage Detected,HIGH,285.89999999999964
TEST000576,CUST00428,Wood LLC,Enterprise,Healthcare,East,Singapore,Dennishaven,mariahphillips@moran.info,(774)612-4151x31528,2025-06-14,Inactive,Net 60,172775.0,Arjun Kumar,CON00143,Security,SOC,15.0,524.0,31875.0,0.0,18.0,Monthly,24.0,Bronze,9.0,2026.0,2125.0,2125.0,2293.0,1972.0,31875.0,2025-11-02,2025-12-02,INR,Paid,Overdue,3.0,5737.5,5737.5,0.0,0.0,37612.5,0,0,0,0,0,1,0,0,Duplicate Invoice,37612.5,1,60.0,426,1.1663244353182751,0.0,1.0,-5737.5,1.18,0.0,1.0,0.0,0,15.0,17.7,-2.6999999999999993,4.055343511450381,0.0,1.0790588235294118,0.928,2025,11,2,6,4,2025,12,2,0.0703,7.03,0,No Revenue Leakage,LOW,0.0
TEST000577,CUST00295,Hess PLC,Retail,Finance,South,Singapore,Deniseburgh,brownsandra@harper-franco.biz,(839)384-0289x141,2022-10-13,Suspended,Net 60,846657.0,Sneha Patel,CON00161,Voice,Voice Premium,5.0,1728.0,8045.0,15.0,18.0,Quarterly,12.0,Platinum,4.0,2026.0,1609.0,1609.0,1701.0,1514.0,8045.0,2026-06-05,2026-07-05,EUR,Generated,Pending,1.0,1448.1,971.2318912943558,15.0,1206.75,7809.48,1,0,0,0,0,0,0,0,Missing GST,476.87,1,60.0,1401,3.8357289527720737,0.0,1.0,235.52000000000044,0.9707246737103791,476.8681087056441,0.6706939377766424,0.0,0,5.0,4.8536233685518955,0.14637663144810453,0.9311342592592593,0.0,1.0571783716594159,0.9409571162212554,2026,6,5,4,2,2026,7,5,0.9985,99.85,1,Revenue Leakage Detected,HIGH,235.52000000000044
TEST000578,CUST00227,"Lopez, Johnson and Johnson",Enterprise,Manufacturing,East,USA,South Paul,victor70@morgan.com,(213)987-8293x1027,2021-12-26,Suspended,Net 30,992929.0,Rahul Sharma,CON00040,Security,Firewall,15.0,1167.0,8010.0,10.0,18.0,Monthly,12.0,Bronze,7.0,2026.0,534.0,534.0,559.0,345.0,8010.0,2025-09-26,2025-10-26,USD,Generated,Pending,3.0,1441.8,1441.8,20.0,1602.0,7849.8,0,0,1,0,0,0,0,0,Extra Discount,801.0,1,30.0,1692,4.632443531827516,0.0,1.0,160.19999999999982,0.98,0.0,1.0,-10.0,1,15.0,14.700000000000001,0.29999999999999893,0.45758354755784064,0.0,1.046816479400749,0.6460674157303371,2025,9,26,4,3,2025,10,26,0.9994,99.94,1,Revenue Leakage Detected,HIGH,160.19999999999982
TEST000579,CUST00110,Lewis-Livingston,Government,IT,North,India,Hunterhaven,zhenderson@davidson.org,(741)841-8328,2026-08-01,Inactive,Net 15,881538.0,Sneha Patel,CON00174,SaaS,ERP,25.0,1145.0,70675.0,15.0,18.0,Quarterly,12.0,Silver,1.0,2026.0,2827.0,2827.0,3035.0,2764.0,70675.0,2025-10-19,2025-11-18,USD,Paid,Paid,3.0,12721.5,12721.5,15.0,10601.25,72795.25,0,0,0,0,0,0,0,0,,0.0,0,15.0,13,0.03559206023271732,0.0,1.0,-2120.25,1.03,0.0,1.0,0.0,0,25.0,25.75,-0.75,2.468995633187773,0.0,1.0735762292182525,0.9777148921117793,2025,10,19,6,4,2025,11,18,0.095,9.5,0,No Revenue Leakage,LOW,0.0
TEST000580,CUST00295,Hess PLC,Retail,Finance,South,Singapore,Deniseburgh,brownsandra@harper-franco.biz,(839)384-0289x141,2022-10-13,Suspended,Net 60,846657.0,Sneha Patel,CON00063,Cloud,Enterprise Cloud,20.0,1979.0,55140.0,0.0,18.0,Quarterly,12.0,Gold,7.0,2026.0,2757.0,2757.0,2797.0,2639.0,55140.0,2026-03-07,2026-04-06,USD,Paid,Pending,1.0,9925.2,9925.2,0.0,0.0,65065.2,0,0,0,0,0,0,0,0,,0.0,0,60.0,1401,3.8357289527720737,0.0,1.0,-9925.199999999997,1.18,0.0,1.0,0.0,0,20.0,23.599999999999998,-3.599999999999998,1.3931278423446185,0.0,1.0145085237577076,0.9571998549147624,2026,3,7,5,1,2026,4,6,0.0587,5.87,0,No Revenue Leakage,LOW,0.0
TEST000581,CUST00125,Bell-Bennett,Enterprise,IT,West,USA,Kramershire,franciscojones@phillips.com,715-926-2181,2021-11-10,Inactive,Net 30,420608.0,Priya Nair,CON00142,Voice,Voice Premium,5.0,1059.0,5045.0,0.0,18.0,Yearly,36.0,Platinum,9.0,2026.0,1009.0,1009.0,1065.0,812.0,5045.0,2025-08-20,2025-09-19,INR,Sent,Overdue,2.0,908.1,908.1,15.0,756.75,5196.35,0,0,1,0,0,0,0,0,Extra Discount,756.75,1,30.0,1738,4.758384668035592,0.0,1.0,-151.35000000000036,1.03,0.0,1.0,-15.0,1,5.0,5.15,-0.15000000000000036,0.9527856468366384,0.0,1.0555004955401388,0.8047571853320119,2025,8,20,2,3,2025,9,19,0.998,99.8,1,Revenue Leakage Detected,HIGH,0.0
TEST000582,CUST00460,"Mercer, Miller and Adkins",Enterprise,Logistics,North,Australia,Kevinmouth,bcraig@weber.org,(896)360-4873x682,2022-06-03,Active,Net 45,451067.0,Rahul Sharma,CON00161,Voice,Voice Premium,5.0,1728.0,13630.0,15.0,18.0,Quarterly,12.0,Platinum,12.0,2026.0,2726.0,2726.0,3023.0,2629.0,13630.0,2026-04-22,2026-05-22,INR,Generated,Overdue,1.0,2453.4,2453.4,15.0,2044.5,14038.9,0,0,0,0,0,0,0,0,,0.0,0,45.0,1533,4.1971252566735116,0.0,1.0,-408.89999999999964,1.03,0.0,1.0,0.0,0,5.0,5.1499999999999995,-0.14999999999999947,1.5775462962962963,0.0,1.1089508437270725,0.9644167278063096,2026,4,22,2,2,2026,5,22,0.1546,15.46,0,No Revenue Leakage,LOW,0.0
TEST000583,CUST00491,Smith-Wilson,Retail,IT,North,Singapore,Alexandriafort,donnaevans@weaver.info,(815)440-6417,2025-09-28,Suspended,Net 15,692249.0,Arjun Kumar,CON00105,Security,Endpoint Security,15.0,841.0,30570.0,10.0,18.0,Quarterly,36.0,Gold,11.0,2026.0,2038.0,2038.0,2208.0,1841.0,30570.0,2026-05-14,2026-06-13,INR,Sent,Overdue,3.0,5502.6,5502.6,10.0,3057.0,33015.6,0,0,0,0,0,0,0,0,,0.0,0,15.0,320,0.8761122518822724,0.0,1.0,-2445.5999999999985,1.0799999999999998,0.0,1.0,0.0,0,15.0,16.2,-1.1999999999999993,2.4233055885850177,0.0,1.083415112855741,0.9033366045142296,2026,5,14,3,2,2026,6,13,0.166,16.6,0,No Revenue Leakage,LOW,0.0
TEST000584,CUST00220,Figueroa PLC,Retail,Finance,South,Australia,New Joanne,lwood@patton-young.com,705.212.9276x63723,2023-11-05,Active,Net 60,271888.0,Sneha Patel,CON00152,Internet,Fiber 1000,10.0,1445.0,24510.0,10.0,18.0,Quarterly,12.0,Silver,11.0,2026.0,2451.0,2451.0,2692.0,2350.0,24510.0,2026-08-06,2026-09-05,INR,Paid,Pending,3.0,4411.8,4411.8,10.0,2451.0,26470.8,0,0,0,0,0,0,0,0,,0.0,0,60.0,1013,2.7734428473648185,0.0,1.0,-1960.7999999999993,1.08,0.0,1.0,0.0,0,10.0,10.799999999999999,-0.7999999999999989,1.6961937716262976,0.0,1.098327213382293,0.9587923296613627,2026,8,6,3,3,2026,9,5,0.1328,13.28,0,No Revenue Leakage,LOW,0.0
TEST000585,CUST00250,"Hines, Rice and Baldwin",Government,Logistics,East,Australia,Georgeside,beltrancorey@knapp.info,(892)371-2566x383,2024-04-08,Active,Net 45,335555.0,Priya Nair,CON00136,Internet,Fiber 300,10.0,653.0,25540.0,10.0,18.0,Yearly,24.0,Gold,5.0,2026.0,2554.0,2554.0,2811.0,2445.0,25540.0,2026-03-07,2026-04-06,INR,Sent,Pending,2.0,4597.2,4597.2,10.0,2554.0,27583.2,0,0,0,0,0,0,0,0,,0.0,0,45.0,858,2.349075975359343,0.0,1.0,-2043.2000000000007,1.08,0.0,1.0,0.0,0,10.0,10.8,-0.8000000000000007,3.911179173047473,0.0,1.100626468285043,0.9573218480814408,2026,3,7,5,1,2026,4,6,0.0402,4.02,0,No Revenue Leakage,LOW,0.0
TEST000586,CUST00223,Lee-Johnson,SMB,Manufacturing,South,India,North Sheenaborough,ericksondavid@anderson.org,(812)744-7174,2023-10-14,Suspended,Net 60,243283.0,John Thomas,CON00021,Voice,Voice Premium,5.0,556.0,4395.0,5.0,18.0,Yearly,24.0,Gold,6.0,2026.0,879.0,879.0,916.0,847.0,4395.0,2026-05-01,2026-05-31,EUR,Paid,Paid,2.0,791.1,791.1,5.0,219.75,4966.35,0,0,0,0,0,0,0,0,,0.0,0,60.0,1035,2.833675564681725,0.0,1.0,-571.3500000000004,1.1300000000000001,0.0,1.0,0.0,0,5.0,5.65,-0.6500000000000004,1.580935251798561,0.0,1.0420932878270763,0.9635949943117179,2026,5,1,4,2,2026,5,31,0.0597,5.97,0,No Revenue Leakage,LOW,0.0
TEST000587,CUST00185,"Lopez, Bailey and Oconnor",Government,Telecom,North,Singapore,Mikaylaside,caseymoore@weiss-weaver.info,7863209593,2026-03-07,Inactive,Net 30,310910.0,Sneha Patel,CON00117,Cloud,Enterprise Cloud,20.0,1599.0,31400.0,15.0,18.0,Yearly,12.0,Bronze,1.0,2026.0,1570.0,1570.0,1650.0,1422.0,31400.0,2026-03-12,2026-04-11,USD,Generated,Pending,1.0,5652.0,5652.0,25.0,7850.0,29202.0,0,0,1,0,0,0,0,0,Extra Discount,3140.0,1,30.0,160,0.4380561259411362,0.0,1.0,2198.0,0.93,0.0,1.0,-10.0,1,20.0,18.6,1.3999999999999986,0.981863664790494,0.0,1.0509554140127388,0.9057324840764331,2026,3,12,3,1,2026,4,11,0.9996,99.96,1,Revenue Leakage Detected,HIGH,2198.0
TEST000588,CUST00317,"Barber, Barrera and Kerr",Retail,Telecom,South,India,Riddleside,carneycharles@gordon.biz,824.538.0701x765,2024-12-20,Active,Net 30,662492.0,Sneha Patel,CON00045,SaaS,HRMS,25.0,1624.0,32325.0,0.0,18.0,Yearly,12.0,Bronze,8.0,2026.0,1293.0,1293.0,1379.0,1183.0,32325.0,2026-01-10,2026-02-09,USD,Sent,Paid,3.0,5818.5,5818.5,0.0,0.0,38143.5,0,0,0,0,0,0,0,0,,0.0,0,30.0,602,1.648186173853525,0.0,1.0,-5818.5,1.18,0.0,1.0,0.0,0,25.0,29.5,-4.5,0.7961822660098522,0.0,1.0665119876256768,0.9149265274555298,2026,1,10,5,1,2026,2,9,0.0782,7.82,0,No Revenue Leakage,LOW,0.0
TEST000589,CUST00205,"Brown, Duncan and Krause",Government,IT,North,India,South Jenniferport,ulynch@fox-carney.com,(599)678-7729,2023-03-30,Inactive,Net 15,930438.0,Rahul Sharma,CON00155,SaaS,ERP,25.0,2493.0,28175.0,5.0,18.0,Monthly,36.0,Gold,1.0,2026.0,1127.0,1127.0,1268.0,1087.0,28175.0,2026-07-20,2026-08-19,INR,Sent,Paid,2.0,5071.5,5071.5,5.0,1408.75,31837.75,0,0,0,0,0,0,0,0,,0.0,0,15.0,1233,3.375770020533881,0.0,1.0,-3662.75,1.13,0.0,1.0,0.0,0,25.0,28.25,-3.25,0.4520657841957481,0.0,1.1251109139307898,0.9645075421472937,2026,7,20,0,3,2026,8,19,0.0382,3.82,0,No Revenue Leakage,LOW,0.0
TEST000590,CUST00049,Fischer Inc,Retail,Telecom,South,Australia,Russellport,trose@walker.com,2349324451,2025-04-04,Inactive,Net 15,879957.0,John Thomas,CON00168,SaaS,ERP,25.0,1700.0,44150.0,5.0,18.0,Quarterly,24.0,Gold,4.0,2026.0,1766.0,1766.0,2052.0,1765.0,44150.0,2025-11-16,2025-12-16,INR,Sent,Pending,2.0,7947.0,7947.0,5.0,2207.5,38197.22,0,0,0,1,0,0,0,0,Wrong Pricing,11692.28,1,15.0,497,1.3607118412046544,0.0,1.0,5952.779999999999,0.8651691959229898,0.0,1.0,0.0,0,25.0,21.629229898074747,3.3707701019252525,1.0388235294117647,0.0,1.161947904869762,0.9994337485843715,2025,11,16,6,4,2025,12,16,0.9997,99.97,1,Revenue Leakage Detected,HIGH,5952.779999999999
TEST000591,CUST00430,Walters Inc,Government,Logistics,West,USA,North Ryan,ngrant@thompson.biz,+1-793-957-8243x4776,2024-02-09,Inactive,Net 60,472355.0,Arjun Kumar,CON00022,Voice,Voice Premium,5.0,612.0,12100.0,15.0,18.0,Yearly,24.0,Silver,7.0,2026.0,2420.0,2420.0,2655.0,2387.0,12100.0,2026-06-10,2026-07-10,USD,Paid,Overdue,1.0,2178.0,2178.0,15.0,1815.0,12463.0,0,0,0,0,0,0,0,0,,0.0,0,60.0,917,2.510609171800137,0.0,1.0,-363.0,1.03,0.0,1.0,0.0,0,5.0,5.15,-0.15000000000000036,3.954248366013072,0.0,1.0971074380165289,0.9863636363636363,2026,6,10,2,2,2026,7,10,0.0302,3.02,0,No Revenue Leakage,LOW,0.0
TEST000592,CUST00430,Walters Inc,Government,Logistics,West,USA,North Ryan,ngrant@thompson.biz,+1-793-957-8243x4776,2024-02-09,Inactive,Net 60,472355.0,Arjun Kumar,CON00132,SaaS,ERP,25.0,2869.0,69000.0,5.0,18.0,Quarterly,12.0,Bronze,9.0,2026.0,2760.0,2760.0,2868.0,2661.0,69000.0,2025-10-05,2025-11-04,EUR,Paid,Pending,3.0,12420.0,12420.0,5.0,3450.0,65664.3,0,0,0,0,1,0,0,0,Missing Charge,12305.7,1,60.0,917,2.510609171800137,0.0,1.0,3335.699999999997,0.9516565217391305,0.0,1.0,0.0,0,25.0,23.79141304347826,1.2085869565217386,0.9620076681770652,0.0,1.0391304347826087,0.9641304347826087,2025,10,5,6,4,2025,11,4,0.9994,99.94,1,Revenue Leakage Detected,HIGH,3335.699999999997
TEST000593,CUST00154,"Ramsey, Johnson and Black",Retail,Telecom,East,Australia,Williehaven,stucker@lee.com,001-288-901-3361x38612,2024-06-01,Active,Net 60,75053.0,John Thomas,CON00119,Voice,Voice Basic,5.0,577.0,6025.0,5.0,18.0,Monthly,36.0,Silver,5.0,2026.0,1205.0,1205.0,1223.0,1067.0,6025.0,2025-11-05,2025-12-05,EUR,Paid,Pending,2.0,1084.5,1084.5,5.0,301.25,6808.25,0,0,0,0,0,0,0,0,,0.0,0,60.0,804,2.2012320328542097,0.0,1.0,-783.25,1.13,0.0,1.0,0.0,0,5.0,5.65,-0.6500000000000004,2.0883882149046795,0.0,1.0149377593360995,0.8854771784232365,2025,11,5,2,4,2025,12,5,0.0878,8.78,0,No Revenue Leakage,LOW,0.0
TEST000594,CUST00306,Welch LLC,Government,Telecom,South,USA,North Jamesport,jefferygreen@morgan.com,(330)724-1026,2023-05-21,Suspended,Net 45,503449.0,Priya Nair,CON00027,Internet,Fiber 100,10.0,2630.0,12820.0,10.0,18.0,Quarterly,12.0,Platinum,12.0,2026.0,1282.0,1282.0,1471.0,1267.0,12820.0,2025-08-18,2025-09-17,USD,Sent,Pending,2.0,2307.6,2307.6,10.0,1282.0,13845.6,0,0,0,0,0,0,0,0,,0.0,0,45.0,1181,3.2334017796030117,0.0,1.0,-1025.6000000000004,1.08,0.0,1.0,0.0,0,10.0,10.8,-0.8000000000000007,0.4874524714828897,0.0,1.1474258970358815,0.9882995319812793,2025,8,18,0,3,2025,9,17,0.0831,8.31,0,No Revenue Leakage,LOW,0.0
TEST000595,CUST00029,Evans-Chapman,Retail,Education,East,USA,Torreston,mezajared@baker.com,928.612.0679,2021-11-15,Suspended,Net 15,641460.0,Rahul Sharma,CON00056,Voice,Voice Basic,5.0,2658.0,4455.0,5.0,18.0,Monthly,36.0,Platinum,1.0,2026.0,891.0,891.0,1020.0,860.0,4455.0,2025-08-15,2025-09-14,INR,Paid,Overdue,3.0,801.9,599.2595445496486,5.0,222.75,4831.51,1,0,0,0,0,0,0,0,Missing GST,202.64,1,15.0,1733,4.744695414099931,0.0,1.0,-376.5100000000002,1.0845140291806958,202.6404554503514,0.7472995941509523,0.0,0,5.0,5.42257014590348,-0.42257014590347985,0.33521444695259595,0.0,1.1447811447811447,0.9652076318742986,2025,8,15,4,3,2025,9,14,0.9898,98.98,1,Revenue Leakage Detected,HIGH,0.0
TEST000596,CUST00384,Moore Ltd,Government,Education,East,Australia,Saraborough,herreraapril@robinson.com,905.523.1244,2022-05-18,Inactive,Net 45,154555.0,Rahul Sharma,CON00159,SaaS,ERP,25.0,2670.0,36725.0,15.0,18.0,Quarterly,36.0,Silver,11.0,2026.0,1469.0,1469.0,1582.0,1405.0,36725.0,2025-11-24,2025-12-24,EUR,Sent,Paid,1.0,6610.5,6610.5,15.0,5508.75,37826.75,0,0,0,0,0,0,0,0,,0.0,0,45.0,1549,4.240930869267625,0.0,1.0,-1101.75,1.03,0.0,1.0,0.0,0,25.0,25.75,-0.75,0.550187265917603,0.0,1.0769230769230769,0.95643294758339,2025,11,24,0,4,2025,12,24,0.0376,3.76,0,No Revenue Leakage,LOW,0.0
TEST000597,CUST00237,"Clark, Mcgee and Perez",Government,Manufacturing,North,Australia,Rachaelhaven,eramirez@reed-tucker.net,578-984-7951,2022-05-04,Inactive,Net 60,922638.0,John Thomas,CON00144,SaaS,HRMS,25.0,582.0,43675.0,0.0,18.0,Quarterly,12.0,Platinum,3.0,2026.0,1747.0,1747.0,1853.0,1745.0,43675.0,2026-03-07,2026-04-06,EUR,Generated,Paid,2.0,7861.5,7861.5,0.0,0.0,51536.5,0,0,0,0,0,0,0,0,,0.0,0,60.0,1563,4.2792607802874745,0.0,1.0,-7861.5,1.18,0.0,1.0,0.0,0,25.0,29.5,-4.5,3.0017182130584192,0.0,1.0606754436176302,0.9988551803091014,2026,3,7,5,1,2026,4,6,0.0617,6.17,0,No Revenue Leakage,LOW,0.0
TEST000598,CUST00283,Espinoza-Perry,Retail,Finance,East,India,East Karen,icobb@gutierrez-ortiz.info,250.872.0811x55626,2021-11-29,Suspended,Net 15,797512.0,Arjun Kumar,CON00036,Security,Firewall,15.0,1994.0,20820.0,15.0,18.0,Quarterly,36.0,Platinum,6.0,2026.0,1388.0,1388.0,1490.0,1260.0,20820.0,2026-02-10,2026-03-12,INR,Sent,Paid,3.0,3747.6,3747.6,15.0,3123.0,21444.6,0,0,0,0,0,0,0,0,,0.0,0,15.0,1719,4.706365503080082,0.0,1.0,-624.5999999999985,1.03,0.0,1.0,0.0,0,15.0,15.45,-0.4499999999999993,0.6960882647943831,0.0,1.0734870317002883,0.9077809798270894,2026,2,10,1,1,2026,3,12,0.1811,18.11,0,No Revenue Leakage,LOW,0.0
TEST000599,CUST00124,Rivera Inc,SMB,Telecom,South,Australia,West Toni,daisymccarty@santiago.com,433-815-4100x676,2025-10-15,Inactive,Net 15,614037.0,Rahul Sharma,CON00084,Voice,Voice Basic,5.0,686.0,9020.0,15.0,18.0,Quarterly,12.0,Silver,11.0,2026.0,1804.0,1804.0,1818.0,1613.0,9020.0,2026-01-18,2026-02-17,USD,Sent,Paid,2.0,1623.6,1623.6,15.0,1353.0,7891.48,0,0,0,0,1,0,0,0,Missing Charge,1399.12,1,15.0,303,0.8295687885010267,0.0,1.0,1128.5200000000004,0.8748869179600887,0.0,1.0,0.0,0,5.0,4.374434589800443,0.6255654101995569,2.629737609329446,0.0,1.007760532150776,0.8941241685144125,2026,1,18,6,1,2026,2,17,0.9988,99.88,1,Revenue Leakage Detected,HIGH,1128.5200000000004
TEST000600,CUST00412,Cummings-Garcia,Retail,Finance,North,UK,Romerostad,ywoods@smith.com,001-438-396-0870x66266,2025-04-27,Suspended,Net 30,802254.0,Priya Nair,CON00036,Security,Firewall,15.0,1994.0,19530.0,15.0,18.0,Quarterly,36.0,Platinum,4.0,2026.0,1302.0,1302.0,1311.0,1291.0,19530.0,2025-11-19,2025-12-19,INR,Paid,Paid,3.0,3515.4,3515.4,15.0,2929.5,20115.9,0,0,0,0,0,1,0,0,Duplicate Invoice,20115.9,1,30.0,474,1.297741273100616,0.0,1.0,-585.9000000000015,1.03,0.0,1.0,0.0,0,15.0,15.450000000000001,-0.45000000000000107,0.6529588766298897,0.0,1.0069124423963134,0.9915514592933948,2025,11,19,2,4,2025,12,19,0.0762,7.62,0,No Revenue Leakage,LOW,0.0
TEST000601,CUST00347,"Taylor, Jimenez and Jennings",Enterprise,Manufacturing,South,Australia,South Alexanderborough,kleinjacqueline@reed.net,+1-290-897-2832x15285,2025-10-23,Inactive,Net 60,722280.0,Arjun Kumar,CON00024,SaaS,CRM,25.0,756.0,55250.0,15.0,18.0,Yearly,12.0,Silver,2.0,2026.0,2210.0,2118.0,2491.0,2143.0,55250.0,2025-12-09,2026-01-08,EUR,Sent,Paid,2.0,9945.0,9945.0,15.0,8287.5,54607.5,0,1,0,0,0,0,0,0,Usage Mismatch,2300.0,1,60.0,295,0.8076659822039699,92.0,0.9583710407239819,642.5,0.9883710407239819,0.0,1.0,0.0,0,25.0,25.782577903682718,-0.7825779036827178,2.9232804232804233,0.0,1.1271493212669683,0.969683257918552,2025,12,9,1,4,2026,1,8,0.999,99.9,1,Revenue Leakage Detected,HIGH,642.5
TEST000602,CUST00180,Lopez-Khan,Retail,IT,East,Singapore,Fosterburgh,oclayton@miller-garrett.net,001-994-648-4631x22417,2025-10-12,Inactive,Net 45,159575.0,Rahul Sharma,CON00076,Voice,Voice Premium,5.0,1616.0,7010.0,15.0,18.0,Monthly,24.0,Gold,2.0,2026.0,1402.0,1402.0,1680.0,1209.0,7010.0,2025-10-01,2025-10-31,INR,Sent,Overdue,1.0,1261.8,1261.8,15.0,1051.5,7220.3,0,0,0,0,0,0,0,0,,0.0,0,45.0,306,0.837782340862423,0.0,1.0,-210.30000000000018,1.03,0.0,1.0,0.0,0,5.0,5.15,-0.15000000000000036,0.8675742574257426,0.0,1.1982881597717547,0.862339514978602,2025,10,1,2,4,2025,10,31,0.1861,18.61,0,No Revenue Leakage,LOW,0.0
TEST000603,CUST00206,Wilson Group,Government,Telecom,South,UK,Lake Melaniechester,wwilliams@shaffer.com,214-448-8501x556,2023-03-31,Suspended,Net 15,61344.0,Sneha Patel,CON00025,Cloud,Business Cloud,20.0,913.0,25840.0,10.0,18.0,Quarterly,24.0,Gold,10.0,2026.0,1292.0,1292.0,1454.0,1115.0,25840.0,2026-04-09,2026-05-09,INR,Sent,Pending,2.0,4651.2,4651.2,10.0,2584.0,27907.2,0,0,0,0,0,0,0,0,,0.0,0,15.0,1232,3.373032169746749,0.0,1.0,-2067.2000000000007,1.08,0.0,1.0,0.0,0,20.0,21.6,-1.6000000000000014,1.4151150054764512,0.0,1.1253869969040247,0.8630030959752322,2026,4,9,3,2,2026,5,9,0.148,14.8,0,No Revenue Leakage,LOW,0.0
TEST000604,CUST00118,Smith and Sons,Enterprise,Manufacturing,North,Singapore,East Madison,gina19@green.com,472.815.1070,2024-12-15,Inactive,Net 60,266464.0,Priya Nair,CON00042,Voice,Voice Basic,5.0,2724.0,12500.0,5.0,18.0,Yearly,36.0,Bronze,9.0,2026.0,2500.0,2500.0,2559.0,2484.0,12500.0,2026-03-27,2026-04-26,USD,Paid,Overdue,3.0,2250.0,2250.0,5.0,625.0,14125.0,0,0,0,0,0,0,0,0,,0.0,0,60.0,607,1.6618754277891854,0.0,1.0,-1625.0,1.13,0.0,1.0,0.0,0,5.0,5.65,-0.6500000000000004,0.9177679882525698,0.0,1.0236,0.9936,2026,3,27,4,1,2026,4,26,0.134,13.4,0,No Revenue Leakage,LOW,0.0
TEST000605,CUST00294,Johnson-Schultz,SMB,Logistics,West,Singapore,West Angelashire,sanchezangela@torres.info,883-925-8238,2021-12-13,Suspended,Net 60,678349.0,Sneha Patel,CON00028,Internet,Fiber 100,10.0,661.0,16950.0,5.0,18.0,Quarterly,36.0,Platinum,2.0,2026.0,1695.0,1695.0,1962.0,1635.0,16950.0,2025-09-12,2025-10-12,USD,Paid,Overdue,2.0,3051.0,3051.0,5.0,847.5,19153.5,0,0,0,0,0,0,0,0,,0.0,0,60.0,1705,4.6680355920602326,0.0,1.0,-2203.5,1.13,0.0,1.0,0.0,0,10.0,11.3,-1.3000000000000007,2.564296520423601,0.0,1.1575221238938054,0.9646017699115044,2025,9,12,4,3,2025,10,12,0.036,3.6,0,No Revenue Leakage,LOW,0.0
TEST000606,CUST00356,Ferguson and Sons,SMB,Education,East,Australia,East Jamesside,patricia85@west-love.biz,476-688-0294,2021-12-25,Active,Net 30,905684.0,Priya Nair,CON00145,Cloud,Basic Cloud,20.0,1117.0,17900.0,15.0,18.0,Quarterly,24.0,Platinum,12.0,2026.0,895.0,895.0,1163.0,771.0,17900.0,2026-07-01,2026-07-31,INR,Sent,Overdue,2.0,3222.0,3222.0,15.0,2685.0,18437.0,0,0,0,0,0,0,0,0,,0.0,0,30.0,1693,4.635181382614648,0.0,1.0,-537.0,1.03,0.0,1.0,0.0,0,20.0,20.6,-0.6000000000000014,0.8012533572068039,0.0,1.2994413407821228,0.8614525139664805,2026,7,1,2,3,2026,7,31,0.0862,8.62,0,No Revenue Leakage,LOW,0.0
TEST000607,CUST00213,"Robles, Nguyen and Banks",Government,Logistics,West,India,Amandafurt,pallen@moore.com,001-396-969-5832x197,2024-05-12,Active,Net 30,689896.0,Sneha Patel,CON00102,SaaS,HRMS,25.0,1080.0,46200.0,10.0,18.0,Quarterly,12.0,Bronze,12.0,2026.0,1848.0,1848.0,2011.0,1736.0,46200.0,2025-10-17,2025-11-16,EUR,Paid,Overdue,2.0,8316.0,8316.0,10.0,4620.0,49896.0,0,0,0,0,0,0,0,0,,0.0,0,30.0,824,2.2559890485968515,0.0,1.0,-3696.0,1.08,0.0,1.0,0.0,0,25.0,27.0,-2.0,1.711111111111111,0.0,1.0882034632034632,0.9393939393939394,2025,10,17,4,4,2025,11,16,0.045,4.5,0,No Revenue Leakage,LOW,0.0
TEST000608,CUST00048,"Morales, Thomas and Schultz",Retail,Manufacturing,West,UK,North Julieborough,vbarnes@wood.com,001-999-810-2290x14767,2023-12-02,Suspended,Net 60,946048.0,Rahul Sharma,CON00109,SaaS,ERP,25.0,2491.0,51850.0,0.0,18.0,Yearly,12.0,Gold,7.0,2026.0,2074.0,2074.0,2308.0,1883.0,51850.0,2026-03-11,2026-04-10,EUR,Sent,Overdue,2.0,9333.0,9333.0,0.0,0.0,61183.0,0,0,0,0,0,0,0,0,,0.0,0,60.0,986,2.6995208761122518,0.0,1.0,-9333.0,1.18,0.0,1.0,0.0,0,25.0,29.5,-4.5,0.832597350461662,0.0,1.1128254580520733,0.9079074252651881,2026,3,11,2,1,2026,4,10,0.0558,5.58,0,No Revenue Leakage,LOW,0.0
TEST000609,CUST00252,"Garcia, Kim and Barrett",Retail,Telecom,North,Australia,North Douglasfurt,figueroapatricia@brown.com,696.813.6749,2024-08-16,Suspended,Net 60,833204.0,John Thomas,CON00078,Security,SOC,15.0,2819.0,16725.0,15.0,18.0,Yearly,12.0,Platinum,12.0,2026.0,1115.0,1115.0,1373.0,942.0,16725.0,2025-08-23,2025-09-22,INR,Sent,Pending,2.0,3010.5,1925.288744790704,15.0,2508.75,16141.54,1,0,0,0,0,0,0,0,Missing GST,1085.21,1,60.0,728,1.9931553730321698,0.0,1.0,583.4599999999991,0.9651144992526159,1085.211255209296,0.6395245789040704,0.0,0,15.0,14.47671748878924,0.5232825112107609,0.3955303299042214,0.0,1.231390134529148,0.8448430493273542,2025,8,23,5,3,2025,9,22,0.9991,99.91,1,Revenue Leakage Detected,HIGH,583.4599999999991
TEST000610,CUST00479,Valdez-Gonzalez,Government,Telecom,South,Australia,Patriciashire,jacobhernandez@white-johnson.org,5286515533,2022-12-26,Suspended,Net 45,60651.0,Arjun Kumar,CON00033,Cloud,Basic Cloud,20.0,2578.0,11040.0,0.0,18.0,Yearly,24.0,Gold,8.0,2026.0,552.0,552.0,608.0,424.0,11040.0,2026-04-18,2026-05-18,USD,Sent,Overdue,1.0,1987.2,1987.2,0.0,0.0,13027.2,0,0,0,0,0,0,0,0,,0.0,0,45.0,1327,3.6331279945242985,0.0,1.0,-1987.2000000000007,1.1800000000000002,0.0,1.0,0.0,0,20.0,23.6,-3.6000000000000014,0.21411947245927077,0.0,1.1014492753623188,0.7681159420289855,2026,4,18,5,2,2026,5,18,0.0214,2.14,0,No Revenue Leakage,LOW,0.0
TEST000611,CUST00335,Anderson-Edwards,Government,Telecom,East,Australia,Raytown,bryan83@whitney-flores.com,+1-528-999-3160x87524,2025-06-22,Active,Net 15,787565.0,Sneha Patel,CON00119,Voice,Voice Basic,5.0,577.0,14965.0,5.0,18.0,Monthly,36.0,Silver,7.0,2026.0,2993.0,2993.0,3187.0,2796.0,14965.0,2026-07-11,2026-08-10,USD,Paid,Overdue,1.0,2693.7,1888.33540942038,5.0,748.25,16105.09,1,0,0,0,0,0,0,0,Missing GST,805.36,1,15.0,418,1.1444216290212184,0.0,1.0,-1140.0900000000001,1.0761837621115937,805.3645905796197,0.7010191964288451,0.0,0,5.0,5.380918810557969,-0.3809188105579686,5.1871750433275565,0.0,1.0648179084530571,0.9341797527564317,2026,7,11,5,3,2026,8,10,0.9944,99.44,1,Revenue Leakage Detected,HIGH,0.0
TEST000612,CUST00270,Graham-Martin,Government,Healthcare,East,India,Gallagherberg,jbrown@hall.info,927-361-7075x877,2022-11-08,Inactive,Net 30,423706.0,Priya Nair,CON00124,Security,Endpoint Security,15.0,1382.0,24780.0,0.0,18.0,Monthly,24.0,Platinum,5.0,2026.0,1652.0,1652.0,1718.0,1586.0,24780.0,2026-06-24,2026-07-24,INR,Generated,Overdue,2.0,4460.4,4460.4,0.0,0.0,29240.4,0,0,0,0,0,0,0,0,,0.0,0,30.0,1375,3.7645448323066395,0.0,1.0,-4460.4000000000015,1.1800000000000002,0.0,1.0,0.0,0,15.0,17.7,-2.6999999999999993,1.195369030390738,0.0,1.039951573849879,0.9600484261501211,2026,6,24,2,2,2026,7,24,0.0874,8.74,0,No Revenue Leakage,LOW,0.0
TEST000613,CUST00362,"Adams, Stephens and Smith",SMB,Finance,North,USA,North Amyville,othomas@perez.com,(343)761-7213x145,2022-08-08,Active,Net 15,103352.0,Rahul Sharma,CON00084,Voice,Voice Basic,5.0,686.0,5580.0,15.0,18.0,Quarterly,12.0,Silver,3.0,2026.0,1116.0,1116.0,1396.0,980.0,5580.0,2026-02-24,2026-03-26,EUR,Paid,Pending,3.0,1004.4,1004.4,15.0,837.0,5747.4,0,0,0,0,0,0,0,0,,0.0,0,15.0,1467,4.016427104722792,0.0,1.0,-167.39999999999964,1.03,0.0,1.0,0.0,0,5.0,5.1499999999999995,-0.14999999999999947,1.6268221574344024,0.0,1.2508960573476702,0.8781362007168458,2026,2,24,1,1,2026,3,26,0.3778,37.78,0,No Revenue Leakage,LOW,0.0
TEST000614,CUST00474,Wall-Johnson,Government,Manufacturing,West,UK,Gibbsmouth,laurenwilliamson@gates-rodriguez.com,(657)897-0673,2022-02-06,Inactive,Net 45,726746.0,Sneha Patel,CON00055,SaaS,ERP,25.0,2505.0,26325.0,0.0,18.0,Quarterly,24.0,Silver,5.0,2026.0,1053.0,1053.0,1316.0,933.0,26325.0,2026-06-23,2026-07-23,INR,Generated,Overdue,1.0,4738.5,4738.5,0.0,0.0,31063.5,0,0,0,0,0,0,0,0,,0.0,0,45.0,1650,4.517453798767967,0.0,1.0,-4738.5,1.18,0.0,1.0,0.0,0,25.0,29.5,-4.5,0.42035928143712575,0.0,1.2497625830959165,0.886039886039886,2026,6,23,1,2,2026,7,23,0.0583,5.83,0,No Revenue Leakage,LOW,0.0
TEST000615,CUST00096,Gibbs LLC,Government,Manufacturing,West,Australia,North Kaylastad,deborahwilliams@byrd.biz,501-943-8889,2024-10-11,Suspended,Net 60,333876.0,Arjun Kumar,CON00108,Cloud,Business Cloud,20.0,2409.0,12280.0,15.0,18.0,Yearly,36.0,Platinum,9.0,2026.0,614.0,614.0,911.0,576.0,12280.0,2025-11-20,2025-12-20,INR,Sent,Paid,3.0,2210.4,2210.4,15.0,1842.0,12648.4,0,0,0,0,0,0,0,0,,0.0,0,60.0,672,1.839835728952772,0.0,1.0,-368.39999999999964,1.03,0.0,1.0,0.0,0,20.0,20.599999999999998,-0.5999999999999979,0.2548775425487754,0.0,1.48371335504886,0.9381107491856677,2025,11,20,3,4,2025,12,20,0.027,2.7,0,No Revenue Leakage,LOW,0.0
TEST000616,CUST00385,Erickson-Pearson,Retail,Manufacturing,East,USA,Mcgeefort,zhunt@wright.com,(719)394-2376x7694,2024-11-08,Inactive,Net 60,465872.0,Arjun Kumar,CON00137,Voice,Voice Basic,5.0,2777.0,9890.0,15.0,18.0,Yearly,36.0,Bronze,3.0,2026.0,1978.0,1978.0,1984.0,1854.0,9890.0,2025-12-19,2026-01-18,USD,Generated,Paid,3.0,1780.2,1780.2,15.0,1483.5,10186.7,0,0,0,0,0,0,0,0,,0.0,0,60.0,644,1.7631759069130732,0.0,1.0,-296.7000000000007,1.03,0.0,1.0,0.0,0,5.0,5.15,-0.15000000000000036,0.712279438242708,0.0,1.0030333670374114,0.9373104145601617,2025,12,19,4,4,2026,1,18,0.1534,15.34,0,No Revenue Leakage,LOW,0.0
TEST000617,CUST00242,Nguyen PLC,Retail,Logistics,South,Singapore,New Alicia,james18@rhodes-rosario.net,(837)759-9805x6265,2021-09-12,Active,Net 45,182079.0,John Thomas,CON00077,Security,Firewall,15.0,2878.0,15870.0,0.0,18.0,Quarterly,12.0,Gold,9.0,2026.0,1058.0,1058.0,1103.0,886.0,15870.0,2026-04-11,2026-05-11,INR,Paid,Overdue,2.0,2856.6,2856.6,0.0,0.0,18726.6,0,0,0,0,0,0,0,0,,0.0,0,45.0,1797,4.919917864476386,0.0,1.0,-2856.5999999999985,1.18,0.0,1.0,0.0,0,15.0,17.7,-2.6999999999999993,0.3676164002779708,0.0,1.0425330812854443,0.8374291115311909,2026,4,11,5,2,2026,5,11,0.0378,3.78,0,No Revenue Leakage,LOW,0.0
TEST000618,CUST00044,Williams-Harmon,Enterprise,Telecom,North,Singapore,Lake Brycemouth,william17@walker.net,470-307-6617x7115,2022-09-02,Active,Net 30,927844.0,Arjun Kumar,CON00112,Voice,Voice Basic,5.0,2356.0,8670.0,10.0,18.0,Monthly,12.0,Gold,2.0,2026.0,1734.0,1734.0,1781.0,1678.0,8670.0,2026-02-27,2026-03-29,INR,Sent,Overdue,3.0,1560.6,1560.6,10.0,867.0,9363.6,0,0,0,0,0,0,0,0,,0.0,0,30.0,1442,3.9479808350444903,0.0,1.0,-693.6000000000004,1.08,0.0,1.0,0.0,0,5.0,5.4,-0.40000000000000036,0.7359932088285229,0.0,1.0271049596309112,0.9677047289504037,2026,2,27,4,1,2026,3,29,0.0441,4.41,0,No Revenue Leakage,LOW,0.0
TEST000619,CUST00273,Thompson-Hanna,Government,Healthcare,West,USA,Davisborough,paulpowell@goodwin.info,(849)325-1583x77674,2025-03-10,Inactive,Net 30,852514.0,Sneha Patel,CON00180,Internet,Fiber 100,10.0,1445.0,27900.0,5.0,18.0,Yearly,12.0,Bronze,2.0,2026.0,2790.0,2790.0,2808.0,2761.0,27900.0,2026-05-29,2026-06-28,EUR,Paid,Overdue,3.0,5022.0,5022.0,5.0,1395.0,31527.0,0,0,0,0,0,0,0,0,,0.0,0,30.0,522,1.429158110882957,0.0,1.0,-3627.0,1.13,0.0,1.0,0.0,0,10.0,11.3,-1.3000000000000007,1.930795847750865,0.0,1.0064516129032257,0.9896057347670251,2026,5,29,4,2,2026,6,28,0.0469,4.69,0,No Revenue Leakage,LOW,0.0
TEST000620,CUST00434,Moore LLC,Retail,IT,West,UK,East Crystalbury,nelsondavid@rios-anderson.com,411-386-0089,2024-12-03,Inactive,Net 45,417631.0,Rahul Sharma,CON00079,Voice,Voice Premium,5.0,1855.0,14080.0,10.0,18.0,Monthly,24.0,Bronze,6.0,2026.0,2816.0,2816.0,2879.0,2749.0,14080.0,2026-05-24,2026-06-23,INR,Generated,Paid,2.0,2534.4,2534.4,10.0,1408.0,13030.22,0,0,0,1,0,0,0,0,Wrong Pricing,2176.18,1,45.0,619,1.6947296372347707,0.0,1.0,1049.7800000000007,0.9254417613636363,0.0,1.0,0.0,0,5.0,4.627208806818182,0.3727911931818184,1.5180592991913746,0.0,1.0223721590909092,0.9762073863636364,2026,5,24,6,2,2026,6,23,0.9995,99.95,1,Revenue Leakage Detected,HIGH,1049.7800000000007
TEST000621,CUST00428,Wood LLC,Enterprise,Healthcare,East,Singapore,Dennishaven,mariahphillips@moran.info,(774)612-4151x31528,2025-06-14,Inactive,Net 60,172775.0,Arjun Kumar,CON00166,SaaS,CRM,25.0,2859.0,64600.0,5.0,18.0,Yearly,36.0,Bronze,1.0,2026.0,2584.0,2584.0,2641.0,2502.0,64600.0,2025-12-10,2026-01-09,INR,Generated,Pending,2.0,11628.0,10432.960782669634,5.0,3230.0,71802.96,1,0,0,0,0,0,0,0,Missing GST,1195.04,1,60.0,426,1.1663244353182751,0.0,1.0,-7202.960000000006,1.1115009287925697,1195.0392173303662,0.8972274494899926,0.0,0,25.0,27.787523219814243,-2.7875232198142434,0.9038125218607905,0.0,1.0220588235294117,0.968266253869969,2025,12,10,2,4,2026,1,9,0.9839,98.39,1,Revenue Leakage Detected,HIGH,0.0
TEST000622,CUST00480,Ritter-Hall,Enterprise,IT,West,USA,Port Michael,natalieblackburn@flowers.com,336.407.7633x691,2025-11-27,Suspended,Net 45,457592.0,Priya Nair,CON00004,Voice,Voice Basic,5.0,2127.0,9180.0,10.0,18.0,Monthly,36.0,Gold,12.0,2026.0,1836.0,1836.0,1855.0,1747.0,9180.0,2025-08-30,2025-09-29,INR,Generated,Pending,3.0,1652.4,1652.4,10.0,918.0,9914.4,0,0,0,0,0,1,0,0,Duplicate Invoice,9914.4,1,45.0,260,0.7118412046543463,0.0,1.0,-734.3999999999996,1.08,0.0,1.0,0.0,0,5.0,5.3999999999999995,-0.39999999999999947,0.8631875881523272,0.0,1.0103485838779955,0.9515250544662309,2025,8,30,5,3,2025,9,29,0.0744,7.44,0,No Revenue Leakage,LOW,0.0
TEST000623,CUST00383,Myers Group,Government,Telecom,North,UK,South Charlesland,gracebrooks@schultz-hayes.com,(740)929-9015,2026-03-30,Active,Net 15,116912.0,John Thomas,CON00007,Internet,Fiber 1000,10.0,1498.0,5520.0,0.0,18.0,Monthly,12.0,Bronze,11.0,2026.0,552.0,552.0,741.0,364.0,5520.0,2026-04-21,2026-05-21,EUR,Generated,Overdue,1.0,993.6,993.6,0.0,0.0,6513.6,0,0,0,0,0,0,0,0,,0.0,0,15.0,137,0.3750855578370979,0.0,1.0,-993.6000000000004,1.1800000000000002,0.0,1.0,0.0,0,10.0,11.8,-1.8000000000000007,0.3684913217623498,0.0,1.3423913043478262,0.6594202898550725,2026,4,21,1,2,2026,5,21,0.1326,13.26,0,No Revenue Leakage,LOW,0.0
TEST000624,CUST00257,Barrett-Henderson,Enterprise,Telecom,North,Singapore,Adamsfort,odomnicholas@morris-davis.info,735-878-5294,2023-04-24,Inactive,Net 45,720611.0,Rahul Sharma,CON00150,Security,Firewall,15.0,868.0,21120.0,0.0,18.0,Yearly,36.0,Gold,10.0,2026.0,1408.0,1408.0,1588.0,1212.0,21120.0,2026-07-01,2026-07-31,USD,Sent,Pending,1.0,3801.6,3801.6,0.0,0.0,24921.6,0,0,0,0,0,0,0,0,,0.0,0,45.0,1208,3.3073237508555784,0.0,1.0,-3801.5999999999985,1.18,0.0,1.0,0.0,0,15.0,17.7,-2.6999999999999993,1.6221198156682028,0.0,1.1278409090909092,0.8607954545454546,2026,7,1,2,3,2026,7,31,0.0335,3.35,0,No Revenue Leakage,LOW,0.0
TEST000625,CUST00159,Arnold-Thompson,Retail,Manufacturing,South,UK,Port Juanberg,josemercado@luna.net,+1-409-796-9308x4887,2024-12-07,Suspended,Net 45,482882.0,Arjun Kumar,CON00011,Internet,Fiber 300,10.0,1382.0,26940.0,10.0,18.0,Quarterly,12.0,Platinum,6.0,2026.0,2694.0,2694.0,2840.0,2659.0,26940.0,2025-08-13,2025-09-12,USD,Paid,Overdue,2.0,4849.2,4849.2,10.0,2694.0,26315.72,0,0,0,0,1,0,0,0,Missing Charge,2779.48,1,45.0,615,1.6837782340862424,0.0,1.0,624.2799999999988,0.9768270230141055,0.0,1.0,0.0,0,10.0,9.768270230141054,0.231729769858946,1.9493487698986975,0.0,1.0541945063103193,0.9870081662954714,2025,8,13,2,3,2025,9,12,0.9996,99.96,1,Revenue Leakage Detected,HIGH,624.2799999999988
TEST000626,CUST00016,"Hartman, Graham and Joyce",SMB,Logistics,South,India,South Rachelborough,bradley60@frost.com,(861)659-5148x465,2026-04-24,Suspended,Net 15,80535.0,Arjun Kumar,CON00120,Internet,Fiber 100,10.0,2423.0,21380.0,15.0,18.0,Yearly,36.0,Bronze,12.0,2026.0,2138.0,2138.0,2422.0,2108.0,21380.0,2026-04-09,2026-05-09,EUR,Paid,Overdue,3.0,3848.4,3848.4,15.0,3207.0,22021.4,0,0,0,0,0,0,0,0,,0.0,0,15.0,112,0.3066392881587953,0.0,1.0,-641.4000000000015,1.03,0.0,1.0,0.0,0,10.0,10.3,-0.3000000000000007,0.8823772183243912,0.0,1.1328344246959776,0.9859681945743686,2026,4,9,3,2,2026,5,9,0.1153,11.53,0,No Revenue Leakage,LOW,0.0
TEST000627,CUST00053,"Wheeler, Cruz and Carpenter",Government,Education,West,USA,South Reginashire,marcalvarez@rosario.com,618-820-3778x89255,2025-01-27,Suspended,Net 30,68070.0,Priya Nair,CON00088,Internet,Fiber 100,10.0,1166.0,17120.0,5.0,18.0,Yearly,24.0,Bronze,7.0,2026.0,1712.0,1712.0,1751.0,1542.0,17120.0,2025-11-11,2025-12-11,USD,Paid,Paid,3.0,3081.6,3081.6,5.0,856.0,19345.6,0,0,0,0,0,0,0,0,,0.0,0,30.0,564,1.5441478439425051,0.0,1.0,-2225.5999999999985,1.13,0.0,1.0,0.0,0,10.0,11.299999999999999,-1.299999999999999,1.4682675814751287,0.0,1.0227803738317758,0.9007009345794392,2025,11,11,1,4,2025,12,11,0.0394,3.94,0,No Revenue Leakage,LOW,0.0
TEST000628,CUST00500,Hansen-Brown,Enterprise,Manufacturing,West,Singapore,Thomasberg,flemingcameron@hill.com,001-597-862-6374x845,2022-10-28,Active,Net 15,459064.0,Rahul Sharma,CON00198,Cloud,Basic Cloud,20.0,2861.0,39320.0,0.0,18.0,Monthly,24.0,Silver,1.0,2026.0,1966.0,1966.0,2231.0,1877.0,39320.0,2026-02-07,2026-03-09,INR,Sent,Overdue,2.0,7077.6,7077.6,0.0,0.0,46397.6,0,0,0,0,0,0,0,0,,0.0,0,15.0,1386,3.7946611909650922,0.0,1.0,-7077.5999999999985,1.18,0.0,1.0,0.0,0,20.0,23.599999999999998,-3.599999999999998,0.6871723173715484,0.0,1.134791454730417,0.9547304170905392,2026,2,7,5,1,2026,3,9,0.0258,2.58,0,No Revenue Leakage,LOW,0.0
TEST000629,CUST00389,Davis-Lang,SMB,Finance,South,Singapore,Joshuastad,xmiller@snyder-williams.com,001-377-715-9103x002,2025-04-20,Active,Net 30,427869.0,Rahul Sharma,CON00093,Voice,Voice Basic,5.0,604.0,9440.0,0.0,18.0,Quarterly,12.0,Bronze,5.0,2026.0,1888.0,1888.0,1973.0,1797.0,9440.0,2025-08-31,2025-09-30,EUR,Generated,Overdue,2.0,1699.2,1699.2,0.0,0.0,11139.2,0,0,0,0,0,0,0,0,,0.0,0,30.0,481,1.3169062286105406,0.0,1.0,-1699.2000000000007,1.1800000000000002,0.0,1.0,0.0,0,5.0,5.9,-0.9000000000000004,3.1258278145695364,0.0,1.045021186440678,0.9518008474576272,2025,8,31,6,3,2025,9,30,0.0306,3.06,0,No Revenue Leakage,LOW,0.0
TEST000630,CUST00007,"Henderson, Lewis and Ryan",Enterprise,Logistics,South,Singapore,Lake Larry,samuel87@wright.com,5983393010,2021-11-11,Active,Net 60,289629.0,Priya Nair,CON00196,Voice,Voice Premium,5.0,1397.0,4320.0,5.0,18.0,Monthly,36.0,Bronze,12.0,2026.0,864.0,864.0,1105.0,831.0,4320.0,2025-11-03,2025-12-03,INR,Generated,Pending,3.0,777.6,777.6,5.0,216.0,4881.6,0,0,0,0,0,0,0,0,,0.0,0,60.0,1737,4.75564681724846,0.0,1.0,-561.6000000000004,1.1300000000000001,0.0,1.0,0.0,0,5.0,5.65,-0.6500000000000004,0.6184681460272011,0.0,1.2789351851851851,0.9618055555555556,2025,11,3,0,4,2025,12,3,0.0508,5.08,0,No Revenue Leakage,LOW,0.0
TEST000631,CUST00337,"Long, Henderson and Kennedy",Retail,Telecom,South,Singapore,Katherinefurt,rosejustin@leblanc.com,(959)904-7292,2024-01-27,Inactive,Net 15,168413.0,Arjun Kumar,CON00124,Security,Endpoint Security,15.0,1382.0,41265.0,0.0,18.0,Monthly,24.0,Platinum,2.0,2026.0,2751.0,2751.0,3003.0,2568.0,41265.0,2026-04-29,2026-05-29,EUR,Paid,Overdue,1.0,7427.7,7427.7,0.0,0.0,48692.7,0,0,0,0,0,0,0,0,,0.0,0,15.0,930,2.546201232032854,0.0,1.0,-7427.699999999997,1.18,0.0,1.0,0.0,0,15.0,17.7,-2.6999999999999993,1.9905933429811866,0.0,1.0916030534351144,0.9334787350054525,2026,4,29,2,2,2026,5,29,0.0468,4.68,0,No Revenue Leakage,LOW,0.0
TEST000632,CUST00462,Smith-Gallegos,SMB,IT,West,Australia,Douglasville,acarpenter@jenkins-fields.org,229.798.1996,2023-09-21,Suspended,Net 45,805111.0,Arjun Kumar,CON00102,SaaS,HRMS,25.0,1080.0,36400.0,10.0,18.0,Quarterly,12.0,Bronze,12.0,2026.0,1456.0,1456.0,1662.0,1274.0,36400.0,2026-02-22,2026-03-24,EUR,Paid,Overdue,2.0,6552.0,5000.642973443375,10.0,3640.0,37760.64,1,0,0,0,0,0,0,0,Missing GST,1551.36,1,45.0,1058,2.8966461327857633,0.0,1.0,-1360.6399999999994,1.0373802197802198,1551.357026556625,0.7632238970456922,0.0,0,25.0,25.934505494505494,-0.934505494505494,1.348148148148148,0.0,1.1414835164835164,0.875,2026,2,22,6,1,2026,3,24,0.9971,99.71,1,Revenue Leakage Detected,HIGH,0.0
TEST000633,CUST00301,Stone-Young,Enterprise,Manufacturing,North,India,Port Carolmouth,garrettbeth@villegas.biz,612-807-0496x11080,2025-01-04,Suspended,Net 60,569777.0,Sneha Patel,CON00169,Cloud,Basic Cloud,20.0,636.0,20360.0,5.0,18.0,Yearly,12.0,Bronze,9.0,2026.0,1018.0,1018.0,1250.0,826.0,20360.0,2026-07-09,2026-08-08,EUR,Paid,Paid,3.0,3664.8,3664.8,5.0,1018.0,23006.8,0,0,0,0,0,0,0,0,,0.0,0,60.0,587,1.6071184120465434,0.0,1.0,-2646.7999999999993,1.13,0.0,1.0,0.0,0,20.0,22.599999999999998,-2.599999999999998,1.60062893081761,0.0,1.2278978388998036,0.8113948919449901,2026,7,9,3,3,2026,8,8,0.1157,11.57,0,No Revenue Leakage,LOW,0.0
TEST000634,CUST00212,Bryant Ltd,SMB,Logistics,West,UK,Ruizbury,michellejensen@myers-lyons.com,477-301-7157x72459,2025-01-17,Active,Net 30,184055.0,Priya Nair,CON00100,Voice,Voice Basic,5.0,1890.0,4865.0,15.0,18.0,Yearly,12.0,Platinum,1.0,2026.0,973.0,973.0,1006.0,904.0,4865.0,2025-10-06,2025-11-05,EUR,Sent,Paid,3.0,875.7,875.7,15.0,729.75,5010.95,0,0,0,0,0,0,0,1,Late Billing,2356.0,1,30.0,574,1.571526351813826,0.0,1.0,-145.94999999999982,1.03,0.0,1.0,0.0,0,5.0,5.1499999999999995,-0.14999999999999947,0.5148148148148148,0.0,1.0339157245632067,0.9290853031860226,2025,10,6,0,4,2025,11,5,0.0559,5.59,0,No Revenue Leakage,LOW,0.0
TEST000635,CUST00069,Davis LLC,SMB,Manufacturing,East,Singapore,Linchester,sydneybarrera@peck-griffith.com,001-527-787-7470x16873,2022-01-04,Active,Net 30,109101.0,Sneha Patel,CON00010,Voice,Voice Basic,5.0,1476.0,12360.0,15.0,18.0,Monthly,12.0,Silver,9.0,2026.0,2472.0,2472.0,2747.0,2386.0,12360.0,2026-08-04,2026-09-03,EUR,Paid,Paid,2.0,2224.8,2224.8,15.0,1854.0,12730.8,0,0,0,0,0,1,0,0,Duplicate Invoice,12730.8,1,30.0,1683,4.607802874743326,0.0,1.0,-370.7999999999993,1.03,0.0,1.0,0.0,0,5.0,5.1499999999999995,-0.14999999999999947,1.6747967479674797,0.0,1.1112459546925566,0.9652103559870551,2026,8,4,1,3,2026,9,3,0.1598,15.98,0,No Revenue Leakage,LOW,0.0
TEST000636,CUST00441,Elliott-Martinez,SMB,Finance,West,Australia,Riverashire,tammy97@jackson.com,292-422-7051,2025-12-12,Inactive,Net 30,407792.0,Sneha Patel,CON00059,Security,SOC,15.0,2205.0,27090.0,10.0,18.0,Yearly,36.0,Silver,11.0,2026.0,1806.0,1806.0,2055.0,1726.0,27090.0,2026-05-25,2026-06-24,USD,Paid,Paid,2.0,4876.2,4876.2,10.0,2709.0,29257.2,0,0,0,0,0,0,0,0,,0.0,0,30.0,245,0.6707734428473648,0.0,1.0,-2167.2000000000007,1.08,0.0,1.0,0.0,0,15.0,16.2,-1.1999999999999993,0.819047619047619,0.0,1.1378737541528239,0.955703211517165,2026,5,25,0,2,2026,6,24,0.2542,25.42,0,No Revenue Leakage,LOW,0.0
TEST000637,CUST00351,"Simpson, Maldonado and Anderson",Enterprise,Finance,South,UK,Shawfurt,danielrodriguez@martinez.net,6306569067,2025-09-23,Inactive,Net 15,535278.0,Rahul Sharma,CON00151,Security,Endpoint Security,15.0,2540.0,41835.0,5.0,18.0,Monthly,36.0,Gold,11.0,2026.0,2789.0,2789.0,3046.0,2615.0,41835.0,2026-07-26,2026-08-25,INR,Paid,Overdue,3.0,7530.3,7530.3,5.0,2091.75,47273.55,0,0,0,0,0,0,0,0,,0.0,0,15.0,325,0.8898015058179329,0.0,1.0,-5438.550000000003,1.1300000000000001,0.0,1.0,0.0,0,15.0,16.95,-1.9499999999999993,1.0980314960629922,0.0,1.092147723198279,0.9376120473287917,2026,7,26,6,3,2026,8,25,0.0518,5.18,0,No Revenue Leakage,LOW,0.0
TEST000638,CUST00249,"Brown, Wilson and King",SMB,Education,South,Australia,West Elizabethville,morajamie@lopez.com,524-395-5289,2022-06-09,Active,Net 45,974044.0,Rahul Sharma,CON00126,Security,Firewall,15.0,1535.0,35520.0,5.0,18.0,Monthly,12.0,Gold,6.0,2026.0,2368.0,2368.0,2655.0,2263.0,35520.0,2026-07-13,2026-08-12,EUR,Sent,Paid,2.0,6393.6,6393.6,5.0,1776.0,40137.6,0,0,0,0,0,0,0,0,,0.0,0,45.0,1527,4.180698151950718,0.0,1.0,-4617.5999999999985,1.13,0.0,1.0,0.0,0,15.0,16.95,-1.9499999999999993,1.542671009771987,0.0,1.1211993243243243,0.9556587837837838,2026,7,13,0,3,2026,8,12,0.1509,15.09,0,No Revenue Leakage,LOW,0.0
TEST000639,CUST00351,"Simpson, Maldonado and Anderson",Enterprise,Finance,South,UK,Shawfurt,danielrodriguez@martinez.net,6306569067,2025-09-23,Inactive,Net 15,535278.0,Rahul Sharma,CON00175,Cloud,Business Cloud,20.0,1137.0,52420.0,10.0,18.0,Quarterly,12.0,Gold,9.0,2026.0,2621.0,2621.0,2864.0,2601.0,52420.0,2026-01-10,2026-02-09,INR,Paid,Overdue,2.0,9435.6,9435.6,10.0,5242.0,56613.6,0,0,0,0,0,0,0,1,Late Billing,3459.0,1,15.0,325,0.8898015058179329,0.0,1.0,-4193.5999999999985,1.08,0.0,1.0,0.0,0,20.0,21.599999999999998,-1.5999999999999979,2.3051890941073,0.0,1.092712705074399,0.9923693246852346,2026,1,10,5,1,2026,2,9,0.0713,7.13,0,No Revenue Leakage,LOW,0.0
TEST000640,CUST00159,Arnold-Thompson,Retail,Manufacturing,South,UK,Port Juanberg,josemercado@luna.net,+1-409-796-9308x4887,2024-12-07,Suspended,Net 45,482882.0,Arjun Kumar,CON00184,Cloud,Enterprise Cloud,20.0,692.0,33760.0,0.0,18.0,Quarterly,12.0,Bronze,2.0,2026.0,1688.0,1688.0,1726.0,1647.0,33760.0,2026-05-10,2026-06-09,USD,Generated,Paid,1.0,6076.8,6076.8,0.0,0.0,37376.53,0,0,0,0,0,0,1,0,Contract Violation,2460.27,1,45.0,615,1.6837782340862424,0.0,1.0,-3616.529999999999,1.107124703791469,0.0,1.0,0.0,0,20.0,22.142494075829383,-2.142494075829383,2.439306358381503,0.0,1.0225118483412323,0.9757109004739336,2026,5,10,6,2,2026,6,9,0.9761,97.61,1,Revenue Leakage Detected,HIGH,0.0
TEST000641,CUST00338,Clark Ltd,Enterprise,Logistics,South,Australia,Lake Denise,jessica91@floyd.biz,+1-820-515-7201x85962,2021-11-19,Inactive,Net 15,609873.0,John Thomas,CON00060,Cloud,Business Cloud,20.0,2259.0,33320.0,0.0,18.0,Monthly,12.0,Bronze,11.0,2026.0,1666.0,1666.0,1870.0,1614.0,33320.0,2025-12-26,2026-01-25,USD,Sent,Overdue,3.0,5997.6,5997.6,0.0,0.0,39317.6,0,0,0,0,0,0,0,0,,0.0,0,15.0,1729,4.733744010951403,0.0,1.0,-5997.5999999999985,1.18,0.0,1.0,0.0,0,20.0,23.599999999999998,-3.599999999999998,0.7374944665781319,0.0,1.1224489795918366,0.9687875150060024,2025,12,26,4,4,2026,1,25,0.0678,6.78,0,No Revenue Leakage,LOW,0.0
TEST000642,CUST00016,"Hartman, Graham and Joyce",SMB,Logistics,South,India,South Rachelborough,bradley60@frost.com,(861)659-5148x465,2026-04-24,Suspended,Net 15,80535.0,Arjun Kumar,CON00115,SaaS,ERP,25.0,1262.0,59850.0,0.0,18.0,Monthly,12.0,Bronze,5.0,2026.0,2394.0,2394.0,2543.0,2364.0,59850.0,2026-06-11,2026-07-11,USD,Sent,Paid,3.0,10773.0,10773.0,0.0,0.0,65457.49,0,0,0,0,0,0,1,0,Contract Violation,5165.51,1,15.0,112,0.3066392881587953,0.0,1.0,-5607.489999999998,1.0936923976608186,0.0,1.0,0.0,0,25.0,27.342309941520465,-2.3423099415204653,1.8969889064976229,0.0,1.0622389306599833,0.9874686716791979,2026,6,11,3,2,2026,7,11,0.9499,94.99,1,Revenue Leakage Detected,HIGH,0.0
TEST000643,CUST00347,"Taylor, Jimenez and Jennings",Enterprise,Manufacturing,South,Australia,South Alexanderborough,kleinjacqueline@reed.net,+1-290-897-2832x15285,2025-10-23,Inactive,Net 60,722280.0,Arjun Kumar,CON00192,Security,Firewall,15.0,1184.0,33435.0,5.0,18.0,Quarterly,12.0,Bronze,7.0,2026.0,2229.0,2229.0,2524.0,2157.0,33435.0,2025-11-07,2025-12-07,EUR,Sent,Pending,2.0,6018.3,6018.3,5.0,1671.75,37781.55,0,0,0,0,0,0,0,0,,0.0,0,60.0,295,0.8076659822039699,0.0,1.0,-4346.550000000003,1.1300000000000001,0.0,1.0,0.0,0,15.0,16.950000000000003,-1.9500000000000028,1.8826013513513513,0.0,1.132346343651862,0.9676985195154778,2025,11,7,4,4,2025,12,7,0.1249,12.49,0,No Revenue Leakage,LOW,0.0
TEST000644,CUST00395,"Lyons, Sullivan and Long",Retail,Finance,East,Singapore,Lake Madison,tyler23@walsh-mccarthy.com,001-401-728-9743x2512,2025-06-20,Inactive,Net 60,902129.0,Priya Nair,CON00192,Security,Firewall,15.0,1184.0,23715.0,5.0,18.0,Quarterly,12.0,Bronze,9.0,2026.0,1581.0,1581.0,1707.0,1447.0,23715.0,2026-03-15,2026-04-14,INR,Generated,Pending,2.0,4268.7,4268.7,5.0,1185.75,26797.95,0,0,0,0,0,0,0,0,,0.0,0,60.0,420,1.1498973305954825,0.0,1.0,-3082.9500000000007,1.1300000000000001,0.0,1.0,0.0,0,15.0,16.95,-1.9499999999999993,1.335304054054054,0.0,1.079696394686907,0.9152435167615434,2026,3,15,6,1,2026,4,14,0.1094,10.94,0,No Revenue Leakage,LOW,0.0
TEST000645,CUST00148,Williams-Schultz,Government,IT,West,Singapore,Port Patriciamouth,tamarasmith@williams.info,529.622.1699x58669,2024-12-24,Active,Net 60,307802.0,Rahul Sharma,CON00167,SaaS,CRM,25.0,2413.0,28050.0,15.0,18.0,Monthly,36.0,Bronze,9.0,2026.0,1122.0,1122.0,1318.0,1095.0,28050.0,2026-06-26,2026-07-26,EUR,Generated,Pending,1.0,5049.0,5049.0,15.0,4207.5,28891.5,0,0,0,0,0,1,0,0,Duplicate Invoice,28891.5,1,60.0,598,1.6372347707049966,0.0,1.0,-841.5,1.03,0.0,1.0,0.0,0,25.0,25.75,-0.75,0.4649813510153336,0.0,1.1746880570409983,0.9759358288770054,2026,6,26,4,2,2026,7,26,0.0281,2.81,0,No Revenue Leakage,LOW,0.0
TEST000646,CUST00429,"Moss, Powers and Jones",Retail,IT,West,Australia,Patriciaton,tgarcia@stewart.com,+1-903-629-6334x7272,2022-09-19,Active,Net 60,318854.0,Rahul Sharma,CON00151,Security,Endpoint Security,15.0,2540.0,19680.0,5.0,18.0,Monthly,36.0,Gold,8.0,2026.0,1312.0,1312.0,1455.0,1156.0,19680.0,2025-11-24,2025-12-24,USD,Paid,Pending,3.0,3542.4,3542.4,5.0,984.0,17225.59,0,0,0,0,0,0,1,0,Contract Violation,5012.81,1,60.0,1425,3.9014373716632442,0.0,1.0,2454.41,0.8752840447154472,0.0,1.0,0.0,0,15.0,13.129260670731707,1.870739329268293,0.5165354330708661,0.0,1.1089939024390243,0.8810975609756098,2025,11,24,0,4,2025,12,24,0.9998,99.98,1,Revenue Leakage Detected,HIGH,2454.41
TEST000647,CUST00040,Coffey-Phillips,Government,IT,North,UK,Lindamouth,taylortammy@ramsey.net,(716)304-8175x496,2023-08-02,Suspended,Net 60,640978.0,Arjun Kumar,CON00076,Voice,Voice Premium,5.0,1616.0,5260.0,15.0,18.0,Monthly,24.0,Gold,4.0,2026.0,1052.0,1052.0,1341.0,889.0,5260.0,2025-12-20,2026-01-19,INR,Sent,Overdue,3.0,946.8,946.8,15.0,789.0,5417.8,0,0,0,0,0,0,0,0,,0.0,0,60.0,1108,3.033538672142368,0.0,1.0,-157.80000000000018,1.03,0.0,1.0,0.0,0,5.0,5.15,-0.15000000000000036,0.650990099009901,0.0,1.2747148288973384,0.8450570342205324,2025,12,20,5,4,2026,1,19,0.0879,8.79,0,No Revenue Leakage,LOW,0.0
TEST000648,CUST00033,"Anderson, Roberts and Gilmore",Enterprise,Logistics,South,Australia,Martinezbury,lancesmith@davis-gay.com,412.874.8467x737,2023-03-21,Inactive,Net 30,663333.0,John Thomas,CON00016,Voice,Voice Premium,5.0,2363.0,13960.0,15.0,18.0,Monthly,36.0,Bronze,2.0,2026.0,2792.0,2792.0,3029.0,2625.0,13960.0,2026-07-09,2026-08-08,EUR,Paid,Overdue,2.0,2512.8,2512.8,15.0,2094.0,14378.8,0,0,0,0,0,0,0,0,,0.0,0,30.0,1242,3.40041067761807,0.0,1.0,-418.7999999999993,1.03,0.0,1.0,0.0,0,5.0,5.1499999999999995,-0.14999999999999947,1.1815488785442234,0.0,1.0848853868194843,0.9401862464183381,2026,7,9,3,3,2026,8,8,0.1125,11.25,0,No Revenue Leakage,LOW,0.0
TEST000649,CUST00358,Erickson-Arnold,Enterprise,Manufacturing,North,USA,East Brandon,kellybowman@ho-nelson.com,+1-433-881-0595x5184,2024-02-08,Inactive,Net 15,237604.0,Sneha Patel,CON00055,SaaS,ERP,25.0,2505.0,52450.0,0.0,18.0,Quarterly,24.0,Silver,6.0,2026.0,2098.0,2098.0,2218.0,1904.0,52450.0,2025-10-26,2025-11-25,EUR,Generated,Pending,1.0,9441.0,9441.0,0.0,0.0,61891.0,0,0,0,0,0,0,0,1,Late Billing,1243.0,1,15.0,918,2.513347022587269,0.0,1.0,-9441.0,1.18,0.0,1.0,0.0,0,25.0,29.5,-4.5,0.8375249500998004,0.0,1.0571973307912297,0.9075309818875119,2025,10,26,6,4,2025,11,25,0.0989,9.89,0,No Revenue Leakage,LOW,0.0
TEST000650,CUST00380,Hernandez LLC,SMB,Education,West,Singapore,Matthewshire,zallen@jensen.com,001-862-562-6582,2022-06-11,Suspended,Net 60,501157.0,John Thomas,CON00078,Security,SOC,15.0,2819.0,29445.0,15.0,18.0,Yearly,12.0,Platinum,1.0,2026.0,1963.0,1963.0,1978.0,1858.0,29445.0,2026-01-01,2026-01-31,INR,Paid,Paid,1.0,5300.1,5300.1,15.0,4416.75,30328.35,0,0,0,0,0,0,0,0,,0.0,0,60.0,1525,4.175222450376454,0.0,1.0,-883.3499999999985,1.03,0.0,1.0,0.0,0,15.0,15.45,-0.4499999999999993,0.6963462220645619,0.0,1.0076413652572593,0.9465104431991849,2026,1,1,3,1,2026,1,31,0.0141,1.41,0,No Revenue Leakage,LOW,0.0
TEST000651,CUST00343,Bryant-Duffy,Retail,Logistics,West,India,Bentleyberg,chadoconnor@terry.net,+1-326-325-6609x314,2026-04-05,Suspended,Net 15,860658.0,Priya Nair,CON00120,Internet,Fiber 100,10.0,2423.0,22260.0,15.0,18.0,Yearly,36.0,Bronze,11.0,2026.0,2226.0,2226.0,2510.0,2124.0,22260.0,2025-12-26,2026-01-25,INR,Paid,Paid,3.0,4006.8,4006.8,25.0,5565.0,20701.8,0,0,1,0,0,0,0,0,Extra Discount,2226.0,1,15.0,131,0.3586584531143053,0.0,1.0,1558.2000000000007,0.9299999999999999,0.0,1.0,-10.0,1,10.0,9.299999999999999,0.7000000000000011,0.918695831613702,0.0,1.1275831087151842,0.954177897574124,2025,12,26,4,4,2026,1,25,0.9992,99.92,1,Revenue Leakage Detected,HIGH,1558.2000000000007
TEST000652,CUST00488,Chavez-Tran,SMB,Telecom,West,USA,Port Teresaburgh,gwilkins@thomas.com,001-503-458-9298x80858,2024-10-12,Suspended,Net 45,653291.0,Arjun Kumar,CON00173,Security,Endpoint Security,15.0,1568.0,19380.0,0.0,18.0,Yearly,36.0,Platinum,11.0,2026.0,1292.0,1292.0,1532.0,1283.0,19380.0,2026-02-03,2026-03-05,INR,Sent,Paid,2.0,3488.4,3488.4,0.0,0.0,22868.4,0,0,0,0,0,0,0,0,,0.0,0,45.0,671,1.83709787816564,0.0,1.0,-3488.4000000000015,1.1800000000000002,0.0,1.0,0.0,0,15.0,17.700000000000003,-2.700000000000003,0.8239795918367347,0.0,1.1857585139318885,0.9930340557275542,2026,2,3,1,1,2026,3,5,0.0399,3.99,0,No Revenue Leakage,LOW,0.0
TEST000653,CUST00195,"Landry, Jones and Guerrero",Enterprise,Logistics,South,Australia,Michelletown,michelle63@romero-mckinney.com,698.712.3878x0038,2025-10-06,Active,Net 30,413476.0,Arjun Kumar,CON00117,Cloud,Enterprise Cloud,20.0,1599.0,22960.0,15.0,18.0,Yearly,12.0,Bronze,9.0,2026.0,1148.0,1148.0,1297.0,1131.0,22960.0,2026-04-13,2026-05-13,USD,Sent,Pending,1.0,4132.8,4132.8,15.0,3444.0,23648.8,0,0,0,0,0,0,0,0,,0.0,0,30.0,312,0.8542094455852156,0.0,1.0,-688.7999999999993,1.03,0.0,1.0,0.0,0,20.0,20.599999999999998,-0.5999999999999979,0.717948717948718,0.0,1.1297909407665505,0.985191637630662,2026,4,13,0,2,2026,5,13,0.0639,6.39,0,No Revenue Leakage,LOW,0.0
TEST000654,CUST00440,Weber PLC,Retail,IT,North,USA,North Michael,michaelsmith@hill.org,001-545-696-4883x1921,2023-02-11,Inactive,Net 45,837019.0,Arjun Kumar,CON00192,Security,Firewall,15.0,1184.0,36300.0,5.0,18.0,Quarterly,12.0,Bronze,5.0,2026.0,2420.0,2420.0,2498.0,2303.0,36300.0,2026-02-02,2026-03-04,USD,Sent,Pending,1.0,6534.0,6534.0,5.0,1815.0,41019.0,0,0,0,0,0,0,0,0,,0.0,0,45.0,1280,3.5044490075290895,0.0,1.0,-4719.0,1.13,0.0,1.0,0.0,0,15.0,16.95,-1.9499999999999993,2.043918918918919,0.0,1.0322314049586776,0.9516528925619835,2026,2,2,0,1,2026,3,4,0.3221,32.21,0,No Revenue Leakage,LOW,0.0
TEST000655,CUST00070,Campbell PLC,Government,Finance,South,Australia,Mitchelltown,jordannicole@diaz.com,001-983-658-4168,2022-08-10,Inactive,Net 60,483374.0,Priya Nair,CON00191,Internet,Fiber 300,10.0,2732.0,25260.0,15.0,18.0,Yearly,24.0,Platinum,5.0,2026.0,2526.0,2526.0,2679.0,2490.0,25260.0,2026-03-10,2026-04-09,EUR,Sent,Pending,2.0,4546.8,4546.8,15.0,3789.0,26017.8,0,0,0,0,0,0,0,1,Late Billing,674.0,1,60.0,1465,4.010951403148528,0.0,1.0,-757.7999999999993,1.03,0.0,1.0,0.0,0,10.0,10.299999999999999,-0.29999999999999893,0.924597364568082,0.0,1.0605700712589075,0.9857482185273159,2026,3,10,1,1,2026,4,9,0.5487,54.87,1,Revenue Leakage Detected,MEDIUM,0.0
TEST000656,CUST00207,Bass-Nielsen,SMB,Education,West,India,Hendrickston,timothyburton@huang.com,249.758.8039x55124,2024-10-14,Inactive,Net 15,825435.0,John Thomas,CON00141,Internet,Fiber 100,10.0,1677.0,27740.0,0.0,18.0,Quarterly,12.0,Bronze,11.0,2026.0,2774.0,2774.0,3030.0,2588.0,27740.0,2026-06-20,2026-07-20,INR,Sent,Overdue,2.0,4993.2,4993.2,0.0,0.0,32733.2,0,0,0,0,0,0,0,0,,0.0,0,15.0,669,1.8316221765913758,0.0,1.0,-4993.200000000001,1.18,0.0,1.0,0.0,0,10.0,11.8,-1.8000000000000007,1.654144305307096,0.0,1.0922855082912761,0.9329488103821196,2026,6,20,5,2,2026,7,20,0.0217,2.17,0,No Revenue Leakage,LOW,0.0
TEST000657,CUST00211,Austin-Morgan,Government,Education,West,UK,Williamstown,dberger@reyes.biz,(429)397-9545x3817,2025-07-30,Inactive,Net 45,299321.0,Rahul Sharma,CON00029,Internet,Fiber 300,10.0,1536.0,16640.0,15.0,18.0,Yearly,24.0,Gold,2.0,2026.0,1664.0,1664.0,1777.0,1497.0,16640.0,2026-02-09,2026-03-11,EUR,Paid,Paid,3.0,2995.2,2995.2,15.0,2496.0,17139.2,0,0,0,0,0,1,0,0,Duplicate Invoice,17139.2,1,45.0,380,1.0403832991101984,0.0,1.0,-499.2000000000007,1.03,0.0,1.0,0.0,0,10.0,10.3,-0.3000000000000007,1.0833333333333333,0.0,1.0679086538461537,0.8996394230769231,2026,2,9,0,1,2026,3,11,0.0548,5.48,0,No Revenue Leakage,LOW,0.0
TEST000658,CUST00209,"Moore, Peterson and Webb",Government,Finance,North,USA,Kimberlyberg,shortsharon@haney.biz,001-681-204-0915x701,2026-07-05,Suspended,Net 30,742558.0,Sneha Patel,CON00117,Cloud,Enterprise Cloud,20.0,1599.0,58740.0,15.0,18.0,Yearly,12.0,Bronze,4.0,2026.0,2937.0,2937.0,2995.0,2881.0,58740.0,2026-07-23,2026-08-22,INR,Sent,Pending,3.0,10573.2,10573.2,15.0,8811.0,57166.35,0,0,0,0,0,0,1,0,Contract Violation,3335.85,1,30.0,40,0.10951403148528405,0.0,1.0,1573.6500000000015,0.9732099080694586,0.0,1.0,0.0,0,20.0,19.464198161389174,0.5358018386108263,1.8367729831144466,0.0,1.0197480422199523,0.9809329247531495,2026,7,23,3,3,2026,8,22,0.9995,99.95,1,Revenue Leakage Detected,HIGH,1573.6500000000015
TEST000659,CUST00491,Smith-Wilson,Retail,IT,North,Singapore,Alexandriafort,donnaevans@weaver.info,(815)440-6417,2025-09-28,Suspended,Net 15,692249.0,Arjun Kumar,CON00139,Internet,Fiber 300,10.0,1657.0,7110.0,10.0,18.0,Yearly,36.0,Silver,9.0,2026.0,711.0,711.0,992.0,676.0,7110.0,2026-06-11,2026-07-11,EUR,Generated,Pending,3.0,1279.8,1279.8,10.0,711.0,7678.8,0,0,0,0,0,0,0,0,,0.0,0,15.0,320,0.8761122518822724,0.0,1.0,-568.8000000000002,1.08,0.0,1.0,0.0,0,10.0,10.8,-0.8000000000000007,0.42908871454435726,0.0,1.3952180028129395,0.9507735583684951,2026,6,11,3,2,2026,7,11,0.0977,9.77,0,No Revenue Leakage,LOW,0.0
TEST000660,CUST00006,"Gonzalez, Brooks and Martin",Retail,Logistics,West,India,New Mariotown,hickmannatasha@allen-allen.org,417-618-2278,2026-01-31,Suspended,Net 15,578178.0,Sneha Patel,CON00190,SaaS,ERP,25.0,2604.0,70575.0,15.0,18.0,Quarterly,24.0,Gold,9.0,2026.0,2823.0,2823.0,2938.0,2706.0,70575.0,2026-04-27,2026-05-27,INR,Generated,Pending,1.0,12703.5,12703.5,15.0,10586.25,72692.25,0,0,0,0,0,0,0,0,,0.0,0,15.0,195,0.5338809034907598,0.0,1.0,-2117.25,1.03,0.0,1.0,0.0,0,25.0,25.75,-0.75,1.0841013824884793,0.0,1.04073680481757,0.9585547290116897,2026,4,27,0,2,2026,5,27,0.0824,8.24,0,No Revenue Leakage,LOW,0.0
TEST000661,CUST00181,Flores and Sons,Enterprise,Logistics,East,UK,New Andrewville,joseph70@davis.info,356.447.5705,2022-01-27,Suspended,Net 15,386199.0,Rahul Sharma,CON00197,Security,Endpoint Security,15.0,2864.0,14550.0,15.0,18.0,Yearly,24.0,Platinum,5.0,2026.0,970.0,970.0,1240.0,862.0,14550.0,2026-03-22,2026-04-21,EUR,Paid,Overdue,3.0,2619.0,2619.0,15.0,2182.5,10798.22,0,0,0,0,0,0,1,0,Contract Violation,4188.28,1,15.0,1660,4.544832306639288,0.0,1.0,3751.7800000000007,0.742145704467354,0.0,1.0,0.0,0,15.0,11.132185567010309,3.8678144329896913,0.33868715083798884,0.0,1.2783505154639174,0.8886597938144329,2026,3,22,6,1,2026,4,21,0.998,99.8,1,Revenue Leakage Detected,HIGH,3751.7800000000007
TEST000662,CUST00128,Baker-Hood,Enterprise,Telecom,East,USA,East Karenville,barnettlindsey@arellano-lawrence.net,6683687937,2024-12-14,Suspended,Net 30,618535.0,Priya Nair,CON00184,Cloud,Enterprise Cloud,20.0,692.0,15560.0,0.0,18.0,Quarterly,12.0,Bronze,5.0,2026.0,778.0,778.0,863.0,600.0,15560.0,2025-12-08,2026-01-07,INR,Sent,Paid,2.0,2800.8,2800.8,0.0,0.0,18360.8,0,0,0,0,0,0,0,0,,0.0,0,30.0,608,1.6646132785763177,0.0,1.0,-2800.7999999999993,1.18,0.0,1.0,0.0,0,20.0,23.599999999999998,-3.599999999999998,1.1242774566473988,0.0,1.1092544987146529,0.7712082262210797,2025,12,8,0,4,2026,1,7,0.0751,7.51,0,No Revenue Leakage,LOW,0.0
TEST000663,CUST00407,"Webb, Estes and Obrien",Government,IT,West,India,New Jeanette,david59@bailey.com,5233117753,2023-01-28,Inactive,Net 15,980997.0,Arjun Kumar,CON00012,Security,SOC,15.0,1194.0,22005.0,5.0,18.0,Quarterly,36.0,Gold,10.0,2026.0,1467.0,1467.0,1530.0,1419.0,22005.0,2025-10-20,2025-11-19,INR,Paid,Overdue,1.0,3960.9,3960.9,5.0,1100.25,24865.65,0,0,0,0,0,0,0,0,,0.0,0,15.0,1294,3.542778918548939,0.0,1.0,-2860.6500000000015,1.1300000000000001,0.0,1.0,0.0,0,15.0,16.95,-1.9499999999999993,1.228643216080402,0.0,1.0429447852760736,0.967280163599182,2025,10,20,0,4,2025,11,19,0.0337,3.37,0,No Revenue Leakage,LOW,0.0
TEST000664,CUST00460,"Mercer, Miller and Adkins",Enterprise,Logistics,North,Australia,Kevinmouth,bcraig@weber.org,(896)360-4873x682,2022-06-03,Active,Net 45,451067.0,Rahul Sharma,CON00007,Internet,Fiber 1000,10.0,1498.0,8320.0,0.0,18.0,Monthly,12.0,Bronze,4.0,2026.0,832.0,832.0,1062.0,799.0,8320.0,2025-10-09,2025-11-08,EUR,Generated,Overdue,1.0,1497.6,1497.6,0.0,0.0,9817.6,0,0,0,0,0,0,0,0,,0.0,0,45.0,1533,4.1971252566735116,0.0,1.0,-1497.6000000000004,1.18,0.0,1.0,0.0,0,10.0,11.8,-1.8000000000000007,0.5554072096128171,0.0,1.2764423076923077,0.9603365384615384,2025,10,9,3,4,2025,11,8,0.0558,5.58,0,No Revenue Leakage,LOW,0.0
TEST000665,CUST00159,Arnold-Thompson,Retail,Manufacturing,South,UK,Port Juanberg,josemercado@luna.net,+1-409-796-9308x4887,2024-12-07,Suspended,Net 45,482882.0,Arjun Kumar,CON00065,Security,Firewall,15.0,1647.0,20775.0,10.0,18.0,Quarterly,36.0,Platinum,8.0,2026.0,1385.0,1385.0,1472.0,1220.0,20775.0,2026-04-09,2026-05-09,INR,Paid,Pending,3.0,3739.5,3739.5,10.0,2077.5,22437.0,0,0,0,0,0,0,0,0,,0.0,0,45.0,615,1.6837782340862424,0.0,1.0,-1662.0,1.08,0.0,1.0,0.0,0,15.0,16.2,-1.1999999999999993,0.840922890103218,0.0,1.0628158844765343,0.8808664259927798,2026,4,9,3,2,2026,5,9,0.1116,11.16,0,No Revenue Leakage,LOW,0.0
TEST000666,CUST00129,"Johnson, Duncan and Black",Enterprise,Finance,South,UK,North Stacy,kthompson@stokes.com,(716)632-9451x16868,2026-01-06,Suspended,Net 45,710482.0,John Thomas,CON00001,SaaS,ERP,25.0,1320.0,22900.0,10.0,18.0,Yearly,12.0,Gold,8.0,2026.0,916.0,916.0,940.0,768.0,22900.0,2026-01-15,2026-02-14,USD,Generated,Overdue,1.0,4122.0,4122.0,10.0,2290.0,24732.0,0,0,0,0,0,0,0,0,,0.0,0,45.0,220,0.6023271731690623,0.0,1.0,-1832.0,1.08,0.0,1.0,0.0,0,25.0,27.0,-2.0,0.693939393939394,0.0,1.0262008733624455,0.8384279475982532,2026,1,15,3,1,2026,2,14,0.058,5.8,0,No Revenue Leakage,LOW,0.0
TEST000667,CUST00113,Williams LLC,Government,Finance,West,India,Moraburgh,tranrobin@rios.com,319-951-8023x806,2023-12-31,Inactive,Net 60,681172.0,John Thomas,CON00162,SaaS,HRMS,25.0,2635.0,41000.0,15.0,18.0,Yearly,24.0,Bronze,9.0,2026.0,1640.0,1640.0,1692.0,1556.0,41000.0,2025-10-07,2025-11-06,INR,Generated,Overdue,2.0,7380.0,7380.0,15.0,6150.0,42230.0,0,0,0,0,0,1,0,0,Duplicate Invoice,42230.0,1,60.0,957,2.620123203285421,0.0,1.0,-1230.0,1.03,0.0,1.0,0.0,0,25.0,25.75,-0.75,0.6223908918406073,0.0,1.0317073170731708,0.948780487804878,2025,10,7,1,4,2025,11,6,0.0762,7.62,0,No Revenue Leakage,LOW,0.0
TEST000668,CUST00251,Owens PLC,Government,Education,West,UK,South Kathryn,angela01@snyder-cruz.info,+1-447-238-6463x175,2025-10-11,Suspended,Net 45,822944.0,Arjun Kumar,CON00195,Voice,Voice Basic,5.0,1143.0,3530.0,10.0,18.0,Yearly,24.0,Silver,11.0,2026.0,706.0,706.0,965.0,520.0,3530.0,2026-02-13,2026-03-15,USD,Sent,Overdue,2.0,635.4,635.4,10.0,353.0,3812.4,0,0,0,0,0,0,0,0,,0.0,0,45.0,307,0.840520191649555,0.0,1.0,-282.4000000000001,1.08,0.0,1.0,0.0,0,5.0,5.4,-0.40000000000000036,0.6176727909011374,0.0,1.36685552407932,0.7365439093484419,2026,2,13,4,1,2026,3,15,0.0285,2.85,0,No Revenue Leakage,LOW,0.0
TEST000669,CUST00446,Franklin-Barker,Retail,Finance,North,Australia,Thompsontown,joshua51@owens-huff.com,001-271-411-2125,2021-09-07,Suspended,Net 15,493316.0,Arjun Kumar,CON00023,Voice,Voice Basic,5.0,2072.0,7585.0,0.0,18.0,Yearly,12.0,Bronze,5.0,2026.0,1517.0,1517.0,1686.0,1375.0,7585.0,2026-07-22,2026-08-21,EUR,Sent,Overdue,3.0,1365.3,1365.3,0.0,0.0,8950.3,0,0,0,0,0,0,0,0,,0.0,0,15.0,1802,4.933607118412047,0.0,1.0,-1365.2999999999993,1.18,0.0,1.0,0.0,0,5.0,5.8999999999999995,-0.8999999999999995,0.7321428571428571,0.0,1.111404087013843,0.9063941990771259,2026,7,22,2,3,2026,8,21,0.0291,2.91,0,No Revenue Leakage,LOW,0.0
TEST000670,CUST00290,Olson-Collins,Retail,Finance,North,India,Mcculloughfurt,mdavenport@gill.info,001-277-925-1996x63658,2023-12-15,Suspended,Net 45,267285.0,Sneha Patel,CON00029,Internet,Fiber 300,10.0,1536.0,25760.0,15.0,18.0,Yearly,24.0,Gold,8.0,2026.0,2576.0,2576.0,2620.0,2531.0,25760.0,2025-08-11,2025-09-10,USD,Paid,Overdue,1.0,4636.8,4636.8,15.0,3864.0,26532.8,0,0,0,0,0,0,0,0,,0.0,0,45.0,973,2.6639288158795345,0.0,1.0,-772.7999999999993,1.03,0.0,1.0,0.0,0,10.0,10.299999999999999,-0.29999999999999893,1.6770833333333333,0.0,1.0170807453416149,0.9825310559006211,2025,8,11,0,3,2025,9,10,0.0649,6.49,0,No Revenue Leakage,LOW,0.0
TEST000671,CUST00165,"Goodwin, Davis and Hopkins",SMB,IT,South,UK,Port Erikachester,cwood@moreno.biz,(899)616-2473x149,2023-03-16,Suspended,Net 15,913021.0,Sneha Patel,CON00043,Cloud,Business Cloud,20.0,2765.0,37780.0,0.0,18.0,Monthly,36.0,Platinum,8.0,2026.0,1889.0,1889.0,1896.0,1848.0,37780.0,2025-12-24,2026-01-23,USD,Paid,Paid,1.0,6800.4,6800.4,0.0,0.0,41813.65,0,0,0,0,0,0,1,0,Contract Violation,2766.75,1,15.0,1247,3.4140999315537304,0.0,1.0,-4033.6500000000015,1.1067668078348334,0.0,1.0,0.0,0,20.0,22.135336156696667,-2.135336156696667,0.6831826401446655,0.0,1.003705664372684,0.9782953943885654,2025,12,24,2,4,2026,1,23,0.9945,99.45,1,Revenue Leakage Detected,HIGH,0.0
TEST000672,CUST00394,"Reyes, Reilly and Lee",Government,Logistics,West,Australia,South Gregory,alyssa78@rodriguez-williams.com,331-600-9431,2023-07-10,Inactive,Net 45,721447.0,Sneha Patel,CON00196,Voice,Voice Premium,5.0,1397.0,9325.0,5.0,18.0,Monthly,36.0,Bronze,7.0,2026.0,1865.0,1865.0,2002.0,1810.0,9325.0,2026-06-21,2026-07-21,EUR,Sent,Pending,3.0,1678.5,1678.5,5.0,466.25,10537.25,0,0,0,0,0,0,0,0,,0.0,0,45.0,1131,3.0965092402464065,0.0,1.0,-1212.25,1.13,0.0,1.0,0.0,0,5.0,5.65,-0.6500000000000004,1.3350035790980672,0.0,1.0734584450402145,0.9705093833780161,2026,6,21,6,2,2026,7,21,0.033,3.3,0,No Revenue Leakage,LOW,0.0
TEST000673,CUST00384,Moore Ltd,Government,Education,East,Australia,Saraborough,herreraapril@robinson.com,905.523.1244,2022-05-18,Inactive,Net 45,154555.0,Rahul Sharma,CON00145,Cloud,Basic Cloud,20.0,1117.0,51500.0,15.0,18.0,Quarterly,24.0,Platinum,8.0,2026.0,2575.0,2575.0,2622.0,2511.0,51500.0,2026-06-29,2026-07-29,USD,Generated,Paid,1.0,9270.0,9270.0,15.0,7725.0,53045.0,0,0,0,0,0,1,0,0,Duplicate Invoice,53045.0,1,45.0,1549,4.240930869267625,0.0,1.0,-1545.0,1.03,0.0,1.0,0.0,0,20.0,20.6,-0.6000000000000014,2.305282005371531,0.0,1.018252427184466,0.9751456310679611,2026,6,29,0,2,2026,7,29,0.0861,8.61,0,No Revenue Leakage,LOW,0.0
TEST000674,CUST00411,"Johnson, Morgan and Green",Enterprise,Manufacturing,West,UK,Pamelaton,jamesmontoya@glass-alvarado.com,371.999.0516,2022-09-12,Inactive,Net 30,416008.0,Sneha Patel,CON00101,SaaS,ERP,25.0,789.0,24250.0,0.0,18.0,Monthly,12.0,Gold,4.0,2026.0,970.0,970.0,1125.0,832.0,24250.0,2026-02-28,2026-03-30,EUR,Paid,Paid,3.0,4365.0,4365.0,0.0,0.0,28615.0,0,0,0,0,0,0,0,0,,0.0,0,30.0,1432,3.920602327173169,0.0,1.0,-4365.0,1.18,0.0,1.0,0.0,0,25.0,29.5,-4.5,1.229404309252218,0.0,1.1597938144329898,0.8577319587628865,2026,2,28,5,1,2026,3,30,0.0918,9.18,0,No Revenue Leakage,LOW,0.0
TEST000675,CUST00264,Moon Ltd,Retail,IT,South,India,Natashachester,hillchristopher@ruiz-gutierrez.com,001-961-224-8156x985,2022-01-14,Active,Net 15,226076.0,Rahul Sharma,CON00089,Cloud,Basic Cloud,20.0,1479.0,40300.0,15.0,18.0,Monthly,36.0,Silver,1.0,2026.0,2015.0,2015.0,2267.0,1994.0,40300.0,2026-05-08,2026-06-07,USD,Generated,Paid,3.0,7254.0,7254.0,15.0,6045.0,41509.0,0,0,0,0,0,0,0,0,,0.0,0,15.0,1673,4.5804243668720055,0.0,1.0,-1209.0,1.03,0.0,1.0,0.0,0,20.0,20.6,-0.6000000000000014,1.3624070317782286,0.0,1.125062034739454,0.9895781637717121,2026,5,8,4,2,2026,6,7,0.1111,11.11,0,No Revenue Leakage,LOW,0.0
TEST000676,CUST00439,"Harris, Mendez and Klein",Retail,Education,South,UK,Thomasborough,sara22@espinoza.com,(971)704-3318,2022-05-27,Active,Net 45,792849.0,Arjun Kumar,CON00113,Security,Firewall,15.0,1394.0,13290.0,15.0,18.0,Quarterly,12.0,Platinum,8.0,2026.0,886.0,886.0,1078.0,856.0,13290.0,2026-01-14,2026-02-13,USD,Sent,Overdue,1.0,2392.2,2392.2,15.0,1993.5,13688.7,0,0,0,0,0,0,0,1,Late Billing,3494.0,1,45.0,1540,4.216290212183436,0.0,1.0,-398.7000000000007,1.03,0.0,1.0,0.0,0,15.0,15.450000000000001,-0.45000000000000107,0.6355810616929699,0.0,1.216704288939052,0.9661399548532731,2026,1,14,2,1,2026,2,13,0.348,34.8,0,No Revenue Leakage,LOW,0.0
TEST000677,CUST00192,Mullins-Johnston,Government,Education,South,Australia,East Ryanfurt,davidmiller@mcgee.biz,562.527.8376x93898,2022-03-16,Inactive,Net 60,238456.0,Priya Nair,CON00056,Voice,Voice Basic,5.0,2658.0,7565.0,5.0,18.0,Monthly,36.0,Platinum,10.0,2026.0,1513.0,1513.0,1772.0,1316.0,7565.0,2026-06-13,2026-07-13,INR,Generated,Paid,2.0,1361.7,1361.7,5.0,378.25,7350.26,0,0,0,0,1,0,0,0,Missing Charge,1198.19,1,60.0,1612,4.413415468856948,0.0,1.0,214.73999999999978,0.9716140118968937,0.0,1.0,0.0,0,5.0,4.858070059484468,0.14192994051553232,0.5692249811888638,0.0,1.1711830799735625,0.8697951090548579,2026,6,13,5,2,2026,7,13,0.9998,99.98,1,Revenue Leakage Detected,HIGH,214.73999999999978
TEST000678,CUST00308,Wright-Soto,SMB,Telecom,North,Australia,Moniquehaven,fclark@gibbs-mendez.com,668.857.8725x58777,2026-07-25,Inactive,Net 15,344923.0,Sneha Patel,CON00195,Voice,Voice Basic,5.0,1143.0,6705.0,10.0,18.0,Yearly,24.0,Silver,6.0,2026.0,1341.0,1341.0,1346.0,1219.0,6705.0,2025-08-23,2025-09-22,INR,Sent,Pending,2.0,1206.9,1206.9,10.0,670.5,7241.4,0,0,0,0,0,0,0,0,,0.0,0,15.0,20,0.05475701574264202,0.0,1.0,-536.3999999999996,1.0799999999999998,0.0,1.0,0.0,0,5.0,5.3999999999999995,-0.39999999999999947,1.1732283464566928,0.0,1.0037285607755406,0.9090231170768084,2025,8,23,5,3,2025,9,22,0.0301,3.01,0,No Revenue Leakage,LOW,0.0
TEST000679,CUST00098,Patrick Inc,SMB,Logistics,East,India,Port Matthewville,sarahyang@thompson.info,962.826.6093,2024-11-26,Active,Net 30,418501.0,John Thomas,CON00020,Internet,Fiber 300,10.0,776.0,12460.0,15.0,18.0,Quarterly,24.0,Bronze,6.0,2026.0,1246.0,1246.0,1308.0,1092.0,12460.0,2026-04-14,2026-05-14,INR,Generated,Overdue,1.0,2242.8,2242.8,20.0,2492.0,12210.8,0,0,1,0,0,0,0,0,Extra Discount,623.0,1,30.0,626,1.7138945927446954,0.0,1.0,249.20000000000073,0.98,0.0,1.0,-5.0,1,10.0,9.799999999999999,0.20000000000000107,1.6056701030927836,0.0,1.0497592295345104,0.8764044943820225,2026,4,14,1,2,2026,5,14,0.9996,99.96,1,Revenue Leakage Detected,HIGH,249.20000000000073
TEST000680,CUST00295,Hess PLC,Retail,Finance,South,Singapore,Deniseburgh,brownsandra@harper-franco.biz,(839)384-0289x141,2022-10-13,Suspended,Net 60,846657.0,Sneha Patel,CON00138,Security,Endpoint Security,15.0,2914.0,36225.0,5.0,18.0,Quarterly,36.0,Bronze,5.0,2026.0,2415.0,2415.0,2695.0,2347.0,36225.0,2025-10-15,2025-11-14,INR,Generated,Paid,2.0,6520.5,6520.5,5.0,1811.25,40934.25,0,0,0,0,0,0,0,0,,0.0,0,60.0,1401,3.8357289527720737,0.0,1.0,-4709.25,1.13,0.0,1.0,0.0,0,15.0,16.95,-1.9499999999999993,0.82875772134523,0.0,1.1159420289855073,0.9718426501035197,2025,10,15,2,4,2025,11,14,0.1922,19.22,0,No Revenue Leakage,LOW,0.0
TEST000681,CUST00487,Wilson-Ramirez,SMB,Telecom,East,Australia,Matthewburgh,matthew78@alvarado-barnett.com,001-684-415-6082x13711,2024-07-21,Suspended,Net 15,742148.0,Priya Nair,CON00053,Cloud,Basic Cloud,20.0,2774.0,34580.0,0.0,18.0,Monthly,36.0,Bronze,9.0,2026.0,1729.0,1729.0,1940.0,1605.0,34580.0,2025-09-10,2025-10-10,USD,Paid,Overdue,1.0,6224.4,6224.4,0.0,0.0,40804.4,0,0,0,0,0,0,0,0,,0.0,0,15.0,754,2.0643394934976045,0.0,1.0,-6224.4000000000015,1.18,0.0,1.0,0.0,0,20.0,23.6,-3.6000000000000014,0.6232876712328768,0.0,1.1220358588779642,0.9282822440717178,2025,9,10,2,3,2025,10,10,0.1623,16.23,0,No Revenue Leakage,LOW,0.0
TEST000682,CUST00299,"Anderson, Brown and Green",Enterprise,IT,East,Australia,New Jessica,james08@king.biz,+1-505-266-4187x7580,2023-12-17,Active,Net 15,684457.0,Arjun Kumar,CON00056,Voice,Voice Basic,5.0,2658.0,5760.0,5.0,18.0,Monthly,36.0,Platinum,11.0,2026.0,1152.0,1152.0,1389.0,1093.0,5760.0,2025-12-03,2026-01-02,USD,Paid,Overdue,1.0,1036.8,1036.8,5.0,288.0,6508.8,0,0,0,0,0,0,0,0,,0.0,0,15.0,971,2.6584531143052703,0.0,1.0,-748.8000000000002,1.1300000000000001,0.0,1.0,0.0,0,5.0,5.65,-0.6500000000000004,0.43340857787810383,0.0,1.2057291666666667,0.9487847222222222,2025,12,3,2,4,2026,1,2,0.2958,29.58,0,No Revenue Leakage,LOW,0.0
TEST000683,CUST00036,Harrington-Baker,Retail,Logistics,West,India,Santosmouth,ofinley@clay.org,434-631-6117,2021-11-03,Active,Net 60,121295.0,Priya Nair,CON00174,SaaS,ERP,25.0,1145.0,36250.0,15.0,18.0,Quarterly,12.0,Silver,4.0,2026.0,1450.0,1450.0,1691.0,1418.0,36250.0,2025-12-31,2026-01-30,USD,Sent,Pending,3.0,6525.0,4648.011784023649,15.0,5437.5,35460.51,1,0,0,0,0,0,0,0,Missing GST,1876.99,1,60.0,1745,4.777549623545517,0.0,1.0,789.489999999998,0.9782209655172415,1876.988215976351,0.7123389707315937,0.0,0,25.0,24.455524137931036,0.544475862068964,1.2663755458515285,0.0,1.166206896551724,0.9779310344827586,2025,12,31,2,4,2026,1,30,0.9993,99.93,1,Revenue Leakage Detected,HIGH,789.489999999998
TEST000684,CUST00341,Peters LLC,Enterprise,Telecom,South,Singapore,North Davidborough,christopherscott@miller.net,458-926-0340x8487,2024-04-04,Suspended,Net 15,717689.0,Priya Nair,CON00195,Voice,Voice Basic,5.0,1143.0,6865.0,10.0,18.0,Yearly,24.0,Silver,6.0,2026.0,1373.0,1373.0,1456.0,1326.0,6865.0,2026-03-09,2026-04-08,EUR,Paid,Pending,1.0,1235.7,1235.7,10.0,686.5,6254.51,0,0,0,0,1,0,0,0,Missing Charge,1159.69,1,15.0,862,2.3600273785078714,0.0,1.0,610.4899999999998,0.9110721048798253,0.0,1.0,0.0,0,5.0,4.555360524399126,0.4446394756008738,1.2012248468941382,0.0,1.0604515659140568,0.965768390386016,2026,3,9,0,1,2026,4,8,0.9987,99.87,1,Revenue Leakage Detected,HIGH,610.4899999999998
TEST000685,CUST00105,Morris-Campbell,Government,Manufacturing,North,India,New Melissa,patricia00@sims.com,427-670-6324,2022-05-22,Inactive,Net 15,674785.0,Rahul Sharma,CON00033,Cloud,Basic Cloud,20.0,2578.0,31480.0,0.0,18.0,Yearly,24.0,Gold,6.0,2026.0,1574.0,1574.0,1786.0,1464.0,31480.0,2026-05-19,2026-06-18,EUR,Paid,Pending,3.0,5666.4,5666.4,0.0,0.0,37146.4,0,0,0,0,0,0,0,0,,0.0,0,15.0,1545,4.229979466119096,0.0,1.0,-5666.4000000000015,1.18,0.0,1.0,0.0,0,20.0,23.6,-3.6000000000000014,0.6105508145849495,0.0,1.1346886912325287,0.9301143583227446,2026,5,19,1,2,2026,6,18,0.0152,1.52,0,No Revenue Leakage,LOW,0.0
TEST000686,CUST00353,Johnson-Mooney,Government,Telecom,North,Singapore,South Andres,christopherwilliams@warren-graves.com,356.670.8604,2024-09-08,Suspended,Net 60,73312.0,Sneha Patel,CON00060,Cloud,Business Cloud,20.0,2259.0,16240.0,0.0,18.0,Monthly,12.0,Bronze,2.0,2026.0,812.0,812.0,890.0,670.0,16240.0,2025-11-19,2025-12-19,INR,Paid,Pending,3.0,2923.2,2923.2,0.0,0.0,19163.2,0,0,0,0,0,1,0,0,Duplicate Invoice,19163.2,1,60.0,705,1.9301848049281314,0.0,1.0,-2923.2000000000007,1.18,0.0,1.0,0.0,0,20.0,23.6,-3.6000000000000014,0.35945108455068614,0.0,1.0960591133004927,0.8251231527093597,2025,11,19,2,4,2025,12,19,0.1103,11.03,0,No Revenue Leakage,LOW,0.0
TEST000687,CUST00099,Bush and Sons,Retail,Logistics,North,UK,Karenland,lloydamanda@nguyen-ellis.com,+1-478-659-6969x15579,2022-04-26,Inactive,Net 60,61023.0,Arjun Kumar,CON00184,Cloud,Enterprise Cloud,20.0,692.0,55900.0,0.0,18.0,Quarterly,12.0,Bronze,10.0,2026.0,2795.0,2795.0,3045.0,2675.0,55900.0,2025-10-01,2025-10-31,INR,Paid,Paid,3.0,10062.0,10062.0,0.0,0.0,65962.0,0,0,0,0,0,0,0,0,,0.0,0,60.0,1571,4.301163586584531,0.0,1.0,-10062.0,1.18,0.0,1.0,0.0,0,20.0,23.6,-3.6000000000000014,4.039017341040463,0.0,1.0894454382826475,0.9570661896243292,2025,10,1,2,4,2025,10,31,0.0336,3.36,0,No Revenue Leakage,LOW,0.0
TEST000688,CUST00285,Johnson LLC,Retail,Telecom,North,UK,Hardyberg,jason88@boyd-sherman.com,3082943468,2024-10-07,Inactive,Net 45,607685.0,Priya Nair,CON00163,Voice,Voice Premium,5.0,2277.0,10780.0,0.0,18.0,Monthly,24.0,Silver,6.0,2026.0,2156.0,2156.0,2235.0,2148.0,10780.0,2026-05-13,2026-06-12,USD,Sent,Pending,1.0,1940.4,1940.4,0.0,0.0,11630.33,0,0,0,0,0,0,1,0,Contract Violation,1090.07,1,45.0,676,1.8507871321013005,0.0,1.0,-850.3299999999999,1.0788803339517625,0.0,1.0,0.0,0,5.0,5.394401669758812,-0.3944016697588122,0.9468599033816425,0.0,1.0366419294990723,0.9962894248608535,2026,5,13,2,2,2026,6,12,0.9909,99.09,1,Revenue Leakage Detected,HIGH,0.0
TEST000689,CUST00384,Moore Ltd,Government,Education,East,Australia,Saraborough,herreraapril@robinson.com,905.523.1244,2022-05-18,Inactive,Net 45,154555.0,Rahul Sharma,CON00085,SaaS,ERP,25.0,2968.0,30575.0,5.0,18.0,Monthly,12.0,Platinum,6.0,2026.0,1223.0,1223.0,1401.0,1117.0,30575.0,2026-05-23,2026-06-22,INR,Generated,Pending,3.0,5503.5,5503.5,5.0,1528.75,34549.75,0,0,0,0,0,0,0,0,,0.0,0,45.0,1549,4.240930869267625,0.0,1.0,-3974.75,1.13,0.0,1.0,0.0,0,25.0,28.25,-3.25,0.41206199460916443,0.0,1.1455437448896157,0.9133278822567457,2026,5,23,5,2,2026,6,22,0.0862,8.62,0,No Revenue Leakage,LOW,0.0
TEST000690,CUST00436,Farmer-Klein,Retail,Telecom,South,USA,Walkertown,cwise@woods-rodriguez.com,921-518-2379x31269,2022-02-05,Suspended,Net 45,582726.0,John Thomas,CON00131,Internet,Fiber 1000,10.0,860.0,27230.0,0.0,18.0,Quarterly,24.0,Silver,6.0,2026.0,2723.0,2723.0,2897.0,2650.0,27230.0,2025-09-17,2025-10-17,INR,Paid,Pending,3.0,4901.4,4901.4,0.0,0.0,32131.4,0,0,0,0,0,0,0,0,,0.0,0,45.0,1651,4.520191649555099,0.0,1.0,-4901.4000000000015,1.1800000000000002,0.0,1.0,0.0,0,10.0,11.8,-1.8000000000000007,3.166279069767442,0.0,1.0639001101726038,0.9731913330885054,2025,9,17,2,3,2025,10,17,0.0997,9.97,0,No Revenue Leakage,LOW,0.0
TEST000691,CUST00180,Lopez-Khan,Retail,IT,East,Singapore,Fosterburgh,oclayton@miller-garrett.net,001-994-648-4631x22417,2025-10-12,Inactive,Net 45,159575.0,Rahul Sharma,CON00114,Voice,Voice Premium,5.0,1506.0,14715.0,10.0,18.0,Quarterly,12.0,Gold,6.0,2026.0,2943.0,2943.0,3143.0,2787.0,14715.0,2026-07-25,2026-08-24,INR,Generated,Pending,1.0,2648.7,2648.7,10.0,1471.5,15892.2,0,0,0,0,0,0,0,0,,0.0,0,45.0,306,0.837782340862423,0.0,1.0,-1177.2000000000007,1.08,0.0,1.0,0.0,0,5.0,5.4,-0.40000000000000036,1.954183266932271,0.0,1.0679578661230038,0.9469928644240571,2026,7,25,5,3,2026,8,24,0.0272,2.72,0,No Revenue Leakage,LOW,0.0
TEST000692,CUST00434,Moore LLC,Retail,IT,West,UK,East Crystalbury,nelsondavid@rios-anderson.com,411-386-0089,2024-12-03,Inactive,Net 45,417631.0,Rahul Sharma,CON00060,Cloud,Business Cloud,20.0,2259.0,14960.0,0.0,18.0,Monthly,12.0,Bronze,11.0,2026.0,748.0,748.0,946.0,671.0,14960.0,2025-08-16,2025-09-15,EUR,Sent,Pending,1.0,2692.8,2692.8,0.0,0.0,17652.8,0,0,0,0,0,0,0,0,,0.0,0,45.0,619,1.6947296372347707,0.0,1.0,-2692.7999999999993,1.18,0.0,1.0,0.0,0,20.0,23.599999999999998,-3.599999999999998,0.33111996458610005,0.0,1.2647058823529411,0.8970588235294118,2025,8,16,5,3,2025,9,15,0.0903,9.03,0,No Revenue Leakage,LOW,0.0
TEST000693,CUST00221,Williams Group,SMB,Logistics,North,India,Alvarezfort,noahthornton@baker-moreno.biz,7478658018,2023-11-30,Active,Net 60,780051.0,Arjun Kumar,CON00171,Cloud,Enterprise Cloud,20.0,2961.0,53600.0,0.0,18.0,Yearly,36.0,Silver,11.0,2026.0,2680.0,2680.0,2832.0,2529.0,53600.0,2026-03-04,2026-04-03,EUR,Sent,Pending,1.0,9648.0,9648.0,0.0,0.0,63248.0,0,0,0,0,0,0,0,0,,0.0,0,60.0,988,2.704996577686516,0.0,1.0,-9648.0,1.18,0.0,1.0,0.0,0,20.0,23.6,-3.6000000000000014,0.9050996285038838,0.0,1.0567164179104478,0.9436567164179105,2026,3,4,2,1,2026,4,3,0.2027,20.27,0,No Revenue Leakage,LOW,0.0
TEST000694,CUST00139,Steele LLC,SMB,Education,East,India,Davidfurt,gary04@bryant-meyer.net,262-457-5326x03323,2022-08-23,Inactive,Net 45,585242.0,Priya Nair,CON00093,Voice,Voice Basic,5.0,604.0,10950.0,0.0,18.0,Quarterly,12.0,Bronze,6.0,2026.0,2190.0,2190.0,2423.0,2172.0,10950.0,2025-11-01,2025-12-01,USD,Generated,Overdue,2.0,1971.0,1971.0,0.0,0.0,12921.0,0,0,0,0,0,0,0,0,,0.0,0,45.0,1452,3.975359342915811,0.0,1.0,-1971.0,1.18,0.0,1.0,0.0,0,5.0,5.9,-0.9000000000000004,3.6258278145695364,0.0,1.106392694063927,0.9917808219178083,2025,11,1,5,4,2025,12,1,0.0456,4.56,0,No Revenue Leakage,LOW,0.0
TEST000695,CUST00408,"Stafford, Campos and Fisher",Retail,Telecom,North,Singapore,North Cherylville,bradfordcharles@obrien-pittman.com,517-462-9833x47743,2025-04-15,Active,Net 60,990756.0,Arjun Kumar,CON00067,Security,SOC,15.0,2052.0,27615.0,10.0,18.0,Quarterly,12.0,Platinum,9.0,2026.0,1841.0,1841.0,2088.0,1676.0,27615.0,2026-07-05,2026-08-04,EUR,Paid,Paid,2.0,4970.7,4970.7,10.0,2761.5,29824.2,0,0,0,0,0,0,0,0,,0.0,0,60.0,486,1.3305954825462012,0.0,1.0,-2209.2000000000007,1.08,0.0,1.0,0.0,0,15.0,16.2,-1.1999999999999993,0.8971734892787524,0.0,1.1341662140141227,0.9103747963063552,2026,7,5,6,3,2026,8,4,0.0638,6.38,0,No Revenue Leakage,LOW,0.0
TEST000696,CUST00152,Ramirez-Baker,Enterprise,IT,North,USA,New Meghan,riverajenna@williams.org,5944798515,2026-01-09,Inactive,Net 15,142263.0,John Thomas,CON00067,Security,SOC,15.0,2052.0,34995.0,10.0,18.0,Quarterly,12.0,Platinum,4.0,2026.0,2333.0,2333.0,2471.0,2267.0,34995.0,2026-07-04,2026-08-03,EUR,Generated,Paid,2.0,6299.1,4754.1819754158,10.0,3499.5,36249.68,1,0,0,0,0,0,0,0,Missing GST,1544.92,1,15.0,217,0.5941136208076659,0.0,1.0,-1254.6800000000003,1.0358531218745535,1544.9180245842008,0.7547398795726055,0.0,0,15.0,15.537796828118303,-0.537796828118303,1.1369395711500974,0.0,1.0591513073296186,0.9717102443206173,2026,7,4,5,3,2026,8,3,0.9946,99.46,1,Revenue Leakage Detected,HIGH,0.0
TEST000697,CUST00242,Nguyen PLC,Retail,Logistics,South,Singapore,New Alicia,james18@rhodes-rosario.net,(837)759-9805x6265,2021-09-12,Active,Net 45,182079.0,John Thomas,CON00152,Internet,Fiber 1000,10.0,1445.0,28470.0,10.0,18.0,Quarterly,12.0,Silver,5.0,2026.0,2847.0,2847.0,2852.0,2664.0,28470.0,2026-05-06,2026-06-05,USD,Paid,Paid,2.0,5124.6,5124.6,10.0,2847.0,29600.8,0,0,0,0,0,0,1,0,Contract Violation,1146.8,1,45.0,1797,4.919917864476386,0.0,1.0,-1130.7999999999993,1.0397190024587284,0.0,1.0,0.0,0,10.0,10.397190024587285,-0.39719002458728525,1.970242214532872,0.0,1.001756234632947,0.9357218124341412,2026,5,6,2,2,2026,6,5,0.2942,29.42,0,No Revenue Leakage,LOW,0.0
TEST000698,CUST00478,Owens-Preston,Government,Logistics,North,Singapore,Lake Mark,deborahmorgan@norman.com,(594)709-6003x5624,2026-02-14,Inactive,Net 30,88211.0,Rahul Sharma,CON00142,Voice,Voice Premium,5.0,1059.0,10055.0,0.0,18.0,Yearly,36.0,Platinum,2.0,2026.0,2011.0,2011.0,2173.0,1951.0,10055.0,2026-03-23,2026-04-22,INR,Generated,Overdue,3.0,1809.9,1809.9,0.0,0.0,11864.9,0,0,0,0,0,0,0,0,,0.0,0,30.0,181,0.49555099247091033,0.0,1.0,-1809.8999999999996,1.18,0.0,1.0,0.0,0,5.0,5.8999999999999995,-0.8999999999999995,1.898961284230406,0.0,1.0805569368473396,0.9701640974639483,2026,3,23,0,1,2026,4,22,0.0223,2.23,0,No Revenue Leakage,LOW,0.0
TEST000699,CUST00096,Gibbs LLC,Government,Manufacturing,West,Australia,North Kaylastad,deborahwilliams@byrd.biz,501-943-8889,2024-10-11,Suspended,Net 60,333876.0,Arjun Kumar,CON00050,Security,Endpoint Security,15.0,1148.0,26700.0,0.0,18.0,Quarterly,24.0,Gold,5.0,2026.0,1780.0,1780.0,1861.0,1631.0,26700.0,2025-12-06,2026-01-05,EUR,Sent,Paid,3.0,4806.0,4806.0,0.0,0.0,31506.0,0,0,0,0,0,0,0,0,,0.0,0,60.0,672,1.839835728952772,0.0,1.0,-4806.0,1.18,0.0,1.0,0.0,0,15.0,17.7,-2.6999999999999993,1.5505226480836236,0.0,1.0455056179775282,0.9162921348314607,2025,12,6,5,4,2026,1,5,0.0359,3.59,0,No Revenue Leakage,LOW,0.0
TEST000700,CUST00136,"Glover, Knox and Powers",SMB,Manufacturing,North,India,Meganside,kellyruiz@green.com,+1-351-935-3465x54947,2022-01-19,Active,Net 30,166421.0,Arjun Kumar,CON00186,SaaS,HRMS,25.0,1903.0,27575.0,15.0,18.0,Monthly,24.0,Silver,4.0,2026.0,1103.0,1103.0,1194.0,1055.0,27575.0,2026-03-19,2026-04-18,USD,Paid,Pending,1.0,4963.5,4963.5,15.0,4136.25,28402.25,0,0,0,0,0,0,0,0,,0.0,0,30.0,1668,4.566735112936345,0.0,1.0,-827.25,1.03,0.0,1.0,0.0,0,25.0,25.75,-0.75,0.5796111403047819,0.0,1.0825022665457842,0.956482320942883,2026,3,19,3,1,2026,4,18,0.0312,3.12,0,No Revenue Leakage,LOW,0.0
TEST000701,CUST00200,Carr-Newton,Government,Healthcare,West,UK,New Danielmouth,richjohn@foster.net,001-403-947-6447x26490,2025-06-09,Active,Net 30,729418.0,Sneha Patel,CON00143,Security,SOC,15.0,524.0,22575.0,0.0,18.0,Monthly,24.0,Bronze,7.0,2026.0,1505.0,1505.0,1688.0,1424.0,22575.0,2025-08-26,2025-09-25,INR,Sent,Pending,3.0,4063.5,4063.5,0.0,0.0,26638.5,0,0,0,0,0,0,0,0,,0.0,0,30.0,431,1.1800136892539357,0.0,1.0,-4063.5,1.18,0.0,1.0,0.0,0,15.0,17.7,-2.6999999999999993,2.872137404580153,0.0,1.1215946843853821,0.9461794019933555,2025,8,26,1,3,2025,9,25,0.1152,11.52,0,No Revenue Leakage,LOW,0.0
TEST000702,CUST00085,Harris-Lucas,Government,IT,East,Australia,Booneland,brettbennett@morrison.org,001-583-873-5403x3173,2023-08-19,Active,Net 30,595977.0,Priya Nair,CON00181,Cloud,Business Cloud,20.0,738.0,39280.0,0.0,18.0,Monthly,12.0,Bronze,2.0,2026.0,1964.0,1964.0,2259.0,1786.0,39280.0,2026-01-08,2026-02-07,USD,Sent,Pending,2.0,7070.4,7070.4,0.0,0.0,46350.4,0,0,0,0,0,0,0,0,,0.0,0,30.0,1091,2.9869952087611225,0.0,1.0,-7070.4000000000015,1.18,0.0,1.0,0.0,0,20.0,23.6,-3.6000000000000014,2.6612466124661247,0.0,1.1502036659877801,0.9093686354378818,2026,1,8,3,1,2026,2,7,0.0881,8.81,0,No Revenue Leakage,LOW,0.0
TEST000703,CUST00243,Cooper-Parker,SMB,Logistics,South,India,Sawyerland,jessicawallace@lara-roberts.biz,001-862-399-1234x7851,2021-08-26,Inactive,Net 45,313579.0,Arjun Kumar,CON00176,Internet,Fiber 300,10.0,614.0,20870.0,15.0,18.0,Quarterly,36.0,Bronze,3.0,2026.0,2087.0,2087.0,2119.0,1892.0,20870.0,2026-01-03,2026-02-02,EUR,Paid,Pending,2.0,3756.6,3756.6,15.0,3130.5,21496.1,0,0,0,0,0,0,0,0,,0.0,0,45.0,1814,4.9664613278576315,0.0,1.0,-626.0999999999985,1.03,0.0,1.0,0.0,0,10.0,10.299999999999999,-0.29999999999999893,3.3990228013029316,0.0,1.0153330138955439,0.9065644465740297,2026,1,3,5,1,2026,2,2,0.0524,5.24,0,No Revenue Leakage,LOW,0.0
TEST000704,CUST00279,Henderson LLC,Government,Finance,South,Australia,West Patriciachester,nwilson@reed.com,001-637-857-3839x5972,2025-02-21,Suspended,Net 15,962935.0,Sneha Patel,CON00094,Cloud,Business Cloud,20.0,2272.0,21720.0,0.0,18.0,Monthly,24.0,Platinum,9.0,2026.0,1086.0,1086.0,1256.0,931.0,21720.0,2026-03-06,2026-04-05,EUR,Sent,Pending,2.0,3909.6,3909.6,0.0,0.0,25629.6,0,0,0,0,0,0,0,0,,0.0,0,15.0,539,1.4757015742642026,0.0,1.0,-3909.5999999999985,1.18,0.0,1.0,0.0,0,20.0,23.599999999999998,-3.599999999999998,0.4779929577464789,0.0,1.156537753222836,0.8572744014732965,2026,3,6,4,1,2026,4,5,0.1792,17.92,0,No Revenue Leakage,LOW,0.0
TEST000705,CUST00311,Payne LLC,Retail,Logistics,North,Singapore,Lake Mark,julie43@munoz.net,804-545-6690x782,2023-07-12,Suspended,Net 45,946782.0,Arjun Kumar,CON00111,Cloud,Enterprise Cloud,20.0,2083.0,25480.0,15.0,18.0,Yearly,24.0,Bronze,11.0,2026.0,1274.0,1274.0,1505.0,1202.0,25480.0,2026-02-25,2026-03-27,USD,Sent,Paid,1.0,4586.4,4586.4,15.0,3822.0,26244.4,0,0,0,0,0,0,0,0,,0.0,0,45.0,1129,3.0910335386721424,0.0,1.0,-764.4000000000015,1.03,0.0,1.0,0.0,0,20.0,20.6,-0.6000000000000014,0.6116178588574172,0.0,1.1813186813186813,0.9434850863422292,2026,2,25,2,1,2026,3,27,0.1061,10.61,0,No Revenue Leakage,LOW,0.0
TEST000706,CUST00143,Kline-Friedman,Enterprise,Healthcare,East,India,Natalieland,lisa21@ross-bryant.biz,001-976-421-2021x697,2024-10-28,Inactive,Net 30,764743.0,Priya Nair,CON00101,SaaS,ERP,25.0,789.0,56950.0,0.0,18.0,Monthly,12.0,Gold,3.0,2026.0,2278.0,2278.0,2351.0,2124.0,56950.0,2026-06-20,2026-07-20,USD,Sent,Overdue,2.0,10251.0,10251.0,0.0,0.0,67201.0,0,0,0,0,0,0,0,0,,0.0,0,30.0,655,1.7932922655715264,0.0,1.0,-10251.0,1.18,0.0,1.0,0.0,0,25.0,29.5,-4.5,2.887198986058302,0.0,1.0320456540825285,0.932396839332748,2026,6,20,5,2,2026,7,20,0.0161,1.61,0,No Revenue Leakage,LOW,0.0
TEST000707,CUST00152,Ramirez-Baker,Enterprise,IT,North,USA,New Meghan,riverajenna@williams.org,5944798515,2026-01-09,Inactive,Net 15,142263.0,John Thomas,CON00198,Cloud,Basic Cloud,20.0,2861.0,22160.0,0.0,18.0,Monthly,24.0,Silver,5.0,2026.0,1108.0,1108.0,1301.0,994.0,22160.0,2026-04-16,2026-05-16,INR,Generated,Overdue,2.0,3988.8,3988.8,0.0,0.0,26148.8,0,0,0,0,0,1,0,0,Duplicate Invoice,26148.8,1,15.0,217,0.5941136208076659,0.0,1.0,-3988.7999999999993,1.18,0.0,1.0,0.0,0,20.0,23.599999999999998,-3.599999999999998,0.3872771758126529,0.0,1.174187725631769,0.8971119133574007,2026,4,16,3,2,2026,5,16,0.117,11.7,0,No Revenue Leakage,LOW,0.0
TEST000708,CUST00130,Stark-Smith,Government,Telecom,North,USA,Rodriguezberg,ashleyaguilar@buckley.com,885-464-6799x7024,2025-01-05,Inactive,Net 30,679474.0,John Thomas,CON00101,SaaS,ERP,25.0,789.0,55525.0,0.0,18.0,Monthly,12.0,Gold,4.0,2026.0,2221.0,2221.0,2301.0,2161.0,55525.0,2026-04-23,2026-05-23,INR,Sent,Overdue,1.0,9994.5,9994.5,0.0,0.0,65519.5,0,0,0,0,0,0,0,0,,0.0,0,30.0,586,1.6043805612594113,0.0,1.0,-9994.5,1.18,0.0,1.0,0.0,0,25.0,29.5,-4.5,2.814955640050697,0.0,1.0360198108959928,0.9729851418280054,2026,4,23,3,2,2026,5,23,0.139,13.9,0,No Revenue Leakage,LOW,0.0
TEST000709,CUST00073,Alexander Group,Enterprise,Healthcare,East,Australia,South Hannah,nshaw@salas-fitzgerald.com,001-728-738-5786x527,2023-11-05,Suspended,Net 15,88304.0,Priya Nair,CON00012,Security,SOC,15.0,1194.0,33495.0,5.0,18.0,Quarterly,36.0,Gold,12.0,2026.0,2233.0,2233.0,2375.0,2150.0,33495.0,2025-10-09,2025-11-08,USD,Generated,Paid,3.0,6029.1,6029.1,5.0,1674.75,37849.35,0,0,0,0,0,0,0,0,,0.0,0,15.0,1013,2.7734428473648185,0.0,1.0,-4354.3499999999985,1.13,0.0,1.0,0.0,0,15.0,16.95,-1.9499999999999993,1.8701842546063652,0.0,1.0635915808329601,0.9628302731751007,2025,10,9,3,4,2025,11,8,0.0884,8.84,0,No Revenue Leakage,LOW,0.0
TEST000710,CUST00416,Ramirez PLC,Enterprise,Manufacturing,North,India,Simpsonfurt,owallace@gray.biz,+1-604-508-5095,2021-10-29,Inactive,Net 15,991763.0,Priya Nair,CON00174,SaaS,ERP,25.0,1145.0,71775.0,15.0,18.0,Quarterly,12.0,Silver,9.0,2026.0,2871.0,2871.0,2881.0,2740.0,71775.0,2026-02-22,2026-03-24,USD,Sent,Overdue,2.0,12919.5,12919.5,15.0,10766.25,73928.25,0,0,0,0,0,0,0,0,,0.0,0,15.0,1750,4.791238877481177,0.0,1.0,-2153.25,1.03,0.0,1.0,0.0,0,25.0,25.75,-0.75,2.507423580786026,0.0,1.0034831069313828,0.9543712991988854,2026,2,22,6,1,2026,3,24,0.173,17.3,0,No Revenue Leakage,LOW,0.0
TEST000711,CUST00053,"Wheeler, Cruz and Carpenter",Government,Education,West,USA,South Reginashire,marcalvarez@rosario.com,618-820-3778x89255,2025-01-27,Suspended,Net 30,68070.0,Priya Nair,CON00026,Voice,Voice Premium,5.0,1409.0,4130.0,15.0,18.0,Monthly,36.0,Bronze,1.0,2026.0,826.0,826.0,979.0,790.0,4130.0,2025-09-18,2025-10-18,INR,Paid,Pending,1.0,743.4,743.4,15.0,619.5,4253.9,0,0,0,0,0,0,0,0,,0.0,0,30.0,564,1.5441478439425051,0.0,1.0,-123.89999999999964,1.0299999999999998,0.0,1.0,0.0,0,5.0,5.1499999999999995,-0.14999999999999947,0.5862313697657914,0.0,1.185230024213075,0.9564164648910412,2025,9,18,3,3,2025,10,18,0.0345,3.45,0,No Revenue Leakage,LOW,0.0
TEST000712,CUST00144,Carr-Huffman,Enterprise,Logistics,South,Singapore,South Samantha,clayscott@green.com,001-989-793-5889x163,2024-11-13,Inactive,Net 15,55287.0,Priya Nair,CON00142,Voice,Voice Premium,5.0,1059.0,13290.0,0.0,18.0,Yearly,36.0,Platinum,7.0,2026.0,2658.0,2658.0,2838.0,2571.0,13290.0,2025-09-11,2025-10-11,USD,Paid,Overdue,2.0,2392.2,2392.2,0.0,0.0,15682.2,0,0,0,0,0,1,0,0,Duplicate Invoice,15682.2,1,15.0,639,1.7494866529774127,0.0,1.0,-2392.2000000000007,1.1800000000000002,0.0,1.0,0.0,0,5.0,5.9,-0.9000000000000004,2.509915014164306,0.0,1.0677200902934538,0.9672686230248307,2025,9,11,3,3,2025,10,11,0.0163,1.63,0,No Revenue Leakage,LOW,0.0
TEST000713,CUST00009,White-Ford,Government,Telecom,North,UK,South Lindseyside,williamsyvette@novak.com,(977)436-0260x64746,2023-03-18,Inactive,Net 15,510337.0,Arjun Kumar,CON00172,Cloud,Basic Cloud,20.0,2200.0,37740.0,10.0,18.0,Monthly,36.0,Platinum,8.0,2026.0,1887.0,1887.0,2169.0,1696.0,37740.0,2025-10-03,2025-11-02,INR,Sent,Paid,3.0,6793.2,6793.2,10.0,3774.0,40759.2,0,0,0,0,0,0,0,0,,0.0,0,15.0,1245,3.4086242299794662,0.0,1.0,-3019.199999999997,1.0799999999999998,0.0,1.0,0.0,0,20.0,21.599999999999998,-1.5999999999999979,0.8577272727272728,0.0,1.1494435612082672,0.8987811340752517,2025,10,3,4,4,2025,11,2,0.1036,10.36,0,No Revenue Leakage,LOW,0.0
TEST000714,CUST00452,Davis-Sanchez,Government,Education,East,UK,Adamburgh,cory86@lewis.info,001-831-362-5265x469,2024-07-18,Inactive,Net 45,991768.0,Arjun Kumar,CON00196,Voice,Voice Premium,5.0,1397.0,12215.0,5.0,18.0,Monthly,36.0,Bronze,3.0,2026.0,2443.0,2443.0,2617.0,2306.0,12215.0,2026-05-20,2026-06-19,EUR,Generated,Pending,3.0,2198.7,2198.7,5.0,610.75,13802.95,0,0,0,0,0,0,0,0,,0.0,0,45.0,757,2.0725530458590007,0.0,1.0,-1587.9500000000007,1.1300000000000001,0.0,1.0,0.0,0,5.0,5.65,-0.6500000000000004,1.7487473156764495,0.0,1.0712239050347934,0.9439214081047892,2026,5,20,2,2,2026,6,19,0.0957,9.57,0,No Revenue Leakage,LOW,0.0
TEST000715,CUST00250,"Hines, Rice and Baldwin",Government,Logistics,East,Australia,Georgeside,beltrancorey@knapp.info,(892)371-2566x383,2024-04-08,Active,Net 45,335555.0,Priya Nair,CON00072,Internet,Fiber 100,10.0,2552.0,26740.0,15.0,18.0,Monthly,24.0,Gold,3.0,2026.0,2674.0,2674.0,2815.0,2554.0,26740.0,2026-01-07,2026-02-06,INR,Paid,Overdue,3.0,4813.2,4813.2,15.0,4011.0,25241.84,0,0,0,0,0,0,1,0,Contract Violation,2300.36,1,45.0,858,2.349075975359343,0.0,1.0,1498.1599999999999,0.9439730740463724,0.0,1.0,0.0,0,10.0,9.439730740463725,0.560269259536275,1.047805642633229,0.0,1.0527299925205684,0.9551234106207929,2026,1,7,2,1,2026,2,6,0.9979,99.79,1,Revenue Leakage Detected,HIGH,1498.1599999999999
TEST000716,CUST00126,Dunlap-Martin,Enterprise,Healthcare,North,USA,Mooreville,jamie36@spencer.com,331-606-9872x0506,2025-09-06,Active,Net 45,972744.0,John Thomas,CON00084,Voice,Voice Basic,5.0,686.0,6115.0,15.0,18.0,Quarterly,12.0,Silver,10.0,2026.0,1223.0,1223.0,1300.0,1196.0,6115.0,2025-12-16,2026-01-15,USD,Paid,Overdue,2.0,1100.7,1100.7,15.0,917.25,6298.45,0,0,0,0,0,0,0,0,,0.0,0,45.0,342,0.9363449691991786,0.0,1.0,-183.44999999999982,1.03,0.0,1.0,0.0,0,5.0,5.1499999999999995,-0.14999999999999947,1.782798833819242,0.0,1.062959934587081,0.9779231398201145,2025,12,16,1,4,2026,1,15,0.2367,23.67,0,No Revenue Leakage,LOW,0.0
TEST000717,CUST00150,Mills Inc,Government,Education,South,Singapore,Thomaston,josephfloyd@vega-thomas.com,001-843-580-5719x838,2025-12-10,Active,Net 15,788345.0,Rahul Sharma,CON00091,SaaS,HRMS,25.0,2871.0,25275.0,0.0,18.0,Quarterly,24.0,Bronze,2.0,2026.0,1011.0,1011.0,1102.0,857.0,25275.0,2026-03-09,2026-04-08,INR,Generated,Pending,2.0,4549.5,4549.5,0.0,0.0,29824.5,0,0,0,0,0,0,0,0,,0.0,0,15.0,247,0.676249144421629,0.0,1.0,-4549.5,1.18,0.0,1.0,0.0,0,25.0,29.5,-4.5,0.35214211076280044,0.0,1.0900098911968348,0.847675568743818,2026,3,9,0,1,2026,4,8,0.0767,7.67,0,No Revenue Leakage,LOW,0.0
TEST000718,CUST00178,"Moore, Pena and Mcclure",Enterprise,Finance,South,UK,Jeromeport,isims@roberson.com,878.648.7282x9979,2024-07-19,Suspended,Net 60,236240.0,Sneha Patel,CON00001,SaaS,ERP,25.0,1320.0,31000.0,10.0,18.0,Yearly,12.0,Gold,3.0,2026.0,1240.0,1240.0,1441.0,1123.0,31000.0,2025-11-18,2025-12-18,USD,Paid,Pending,3.0,5580.0,5580.0,10.0,3100.0,28551.9,0,0,0,0,0,0,1,0,Contract Violation,4928.1,1,60.0,756,2.0698151950718686,0.0,1.0,2448.0999999999985,0.9210290322580645,0.0,1.0,0.0,0,25.0,23.025725806451614,1.9742741935483856,0.9393939393939394,0.0,1.1620967741935484,0.9056451612903226,2025,11,18,1,4,2025,12,18,0.9995,99.95,1,Revenue Leakage Detected,HIGH,2448.0999999999985
TEST000719,CUST00114,Murphy-Tran,Enterprise,IT,West,Australia,West Jamesshire,jodi37@vargas-snyder.com,001-883-620-6038x5050,2022-06-24,Active,Net 30,535450.0,John Thomas,CON00113,Security,Firewall,15.0,1394.0,44610.0,15.0,18.0,Quarterly,12.0,Platinum,9.0,2026.0,2974.0,2861.0,3155.0,2963.0,44610.0,2025-12-07,2026-01-06,INR,Generated,Pending,2.0,8029.8,8029.8,15.0,6691.5,44253.3,0,1,0,0,0,0,0,0,Usage Mismatch,1695.0,1,30.0,1512,4.139630390143737,113.0,0.9620040349697377,356.6999999999971,0.9920040349697378,0.0,1.0,0.0,0,15.0,15.467773505767216,-0.4677735057672159,2.133428981348637,0.0,1.0608607935440484,0.996301277740417,2025,12,7,6,4,2026,1,6,0.9989,99.89,1,Revenue Leakage Detected,HIGH,356.6999999999971
TEST000720,CUST00154,"Ramsey, Johnson and Black",Retail,Telecom,East,Australia,Williehaven,stucker@lee.com,001-288-901-3361x38612,2024-06-01,Active,Net 60,75053.0,John Thomas,CON00121,Voice,Voice Premium,5.0,1492.0,11870.0,0.0,18.0,Yearly,12.0,Bronze,10.0,2026.0,2374.0,2374.0,2630.0,2312.0,11870.0,2025-08-25,2025-09-24,INR,Paid,Overdue,1.0,2136.6,2136.6,0.0,0.0,14006.6,0,0,0,0,0,0,0,1,Late Billing,2350.0,1,60.0,804,2.2012320328542097,0.0,1.0,-2136.6000000000004,1.18,0.0,1.0,0.0,0,5.0,5.9,-0.9000000000000004,1.5911528150134049,0.0,1.1078348778433025,0.9738837405223252,2025,8,25,0,3,2025,9,24,0.0449,4.49,0,No Revenue Leakage,LOW,0.0
TEST000721,CUST00499,"Anderson, Pollard and Mueller",Retail,IT,North,Australia,Nicholsville,jenniferrobbins@bray.com,001-407-297-7961,2026-05-11,Active,Net 45,900350.0,Arjun Kumar,CON00130,Voice,Voice Premium,5.0,1259.0,11155.0,15.0,18.0,Monthly,24.0,Platinum,7.0,2026.0,2231.0,2231.0,2267.0,2102.0,11155.0,2026-05-22,2026-06-21,USD,Paid,Paid,1.0,2007.9,2007.9,15.0,1673.25,11489.65,0,0,0,0,0,0,0,0,,0.0,0,45.0,95,0.2600958247775496,0.0,1.0,-334.64999999999964,1.03,0.0,1.0,0.0,0,5.0,5.1499999999999995,-0.14999999999999947,1.772041302621128,0.0,1.0161362617660241,0.9421783953384133,2026,5,22,4,2,2026,6,21,0.0897,8.97,0,No Revenue Leakage,LOW,0.0
TEST000722,CUST00377,Johnson Ltd,SMB,IT,South,Singapore,South Heather,carolynrobinson@farley.org,9558044817,2025-02-01,Inactive,Net 60,752164.0,Arjun Kumar,CON00002,Voice,Voice Premium,5.0,1939.0,5250.0,0.0,18.0,Yearly,24.0,Silver,6.0,2026.0,1050.0,1050.0,1159.0,921.0,5250.0,2026-03-27,2026-04-26,INR,Paid,Pending,1.0,945.0,945.0,0.0,0.0,5174.09,0,0,0,0,1,0,0,0,Missing Charge,1020.91,1,60.0,559,1.5304585900068446,0.0,1.0,75.90999999999985,0.9855409523809524,0.0,1.0,0.0,0,5.0,4.927704761904762,0.07229523809523819,0.5415162454873647,0.0,1.1038095238095238,0.8771428571428571,2026,3,27,4,1,2026,4,26,0.9998,99.98,1,Revenue Leakage Detected,HIGH,75.90999999999985
TEST000723,CUST00453,Santiago-Cordova,Retail,Manufacturing,East,India,East Nicoleburgh,mikemorgan@bishop.com,+1-832-473-0346x1562,2024-01-08,Suspended,Net 60,260294.0,Rahul Sharma,CON00136,Internet,Fiber 300,10.0,653.0,16350.0,10.0,18.0,Yearly,24.0,Gold,2.0,2026.0,1635.0,1635.0,1921.0,1615.0,16350.0,2026-04-23,2026-05-23,EUR,Generated,Overdue,1.0,2943.0,2943.0,10.0,1635.0,17658.0,0,0,0,0,0,0,0,0,,0.0,0,60.0,949,2.598220396988364,0.0,1.0,-1308.0,1.08,0.0,1.0,0.0,0,10.0,10.8,-0.8000000000000007,2.5038284839203677,0.0,1.1749235474006117,0.9877675840978594,2026,4,23,3,2,2026,5,23,0.0713,7.13,0,No Revenue Leakage,LOW,0.0
TEST000724,CUST00256,Brown-Garza,Enterprise,Manufacturing,North,UK,Port Michael,hubbardcolleen@davis-reed.com,(250)733-3491x14152,2021-11-30,Inactive,Net 30,211779.0,John Thomas,CON00121,Voice,Voice Premium,5.0,1492.0,11805.0,0.0,18.0,Yearly,12.0,Bronze,8.0,2026.0,2361.0,2361.0,2617.0,2322.0,11805.0,2026-06-10,2026-07-10,USD,Paid,Pending,2.0,2124.9,2124.9,0.0,0.0,13929.9,0,0,0,0,0,0,0,0,,0.0,0,30.0,1718,4.70362765229295,0.0,1.0,-2124.8999999999996,1.18,0.0,1.0,0.0,0,5.0,5.8999999999999995,-0.8999999999999995,1.5824396782841823,0.0,1.1084286319356205,0.9834815756035579,2026,6,10,2,2,2026,7,10,0.0417,4.17,0,No Revenue Leakage,LOW,0.0
TEST000725,CUST00316,"Murphy, Carroll and Henry",Government,Manufacturing,East,India,Johnstonland,debbie75@kirby.com,(632)696-7629x16032,2022-03-01,Inactive,Net 15,973945.0,Arjun Kumar,CON00151,Security,Endpoint Security,15.0,2540.0,9495.0,5.0,18.0,Monthly,36.0,Gold,2.0,2026.0,633.0,633.0,757.0,467.0,9495.0,2025-10-21,2025-11-20,EUR,Paid,Pending,3.0,1709.1,1709.1,5.0,474.75,3480.15,0,0,0,0,0,0,1,0,Contract Violation,7249.2,1,15.0,1627,4.454483230663929,0.0,1.0,6014.85,0.36652448657187997,0.0,1.0,0.0,0,15.0,5.497867298578199,9.5021327014218,0.24921259842519686,0.0,1.1958925750394944,0.7377567140600316,2025,10,21,1,4,2025,11,20,0.9997,99.97,1,Revenue Leakage Detected,HIGH,6014.85
TEST000726,CUST00066,"Jones, Owens and Holmes",Government,Logistics,North,Australia,Port Kimberly,katrinaanderson@bartlett.com,422-653-5841x4384,2026-02-18,Suspended,Net 45,790427.0,Priya Nair,CON00025,Cloud,Business Cloud,20.0,913.0,18420.0,10.0,18.0,Quarterly,24.0,Gold,4.0,2026.0,921.0,921.0,1027.0,875.0,18420.0,2025-10-10,2025-11-09,INR,Generated,Pending,3.0,3315.6,3315.6,10.0,1842.0,19893.6,0,0,0,0,0,0,0,0,,0.0,0,45.0,177,0.48459958932238195,0.0,1.0,-1473.5999999999985,1.0799999999999998,0.0,1.0,0.0,0,20.0,21.599999999999998,-1.5999999999999979,1.0087623220153341,0.0,1.1150922909880565,0.9500542888165038,2025,10,10,4,4,2025,11,9,0.04,4.0,0,No Revenue Leakage,LOW,0.0
TEST000727,CUST00169,Pena and Sons,Government,Logistics,West,India,West Kimberlystad,msullivan@smith.net,689-455-4393x7690,2025-01-21,Inactive,Net 45,516725.0,Priya Nair,CON00184,Cloud,Enterprise Cloud,20.0,692.0,30660.0,0.0,18.0,Quarterly,12.0,Bronze,9.0,2026.0,1533.0,1533.0,1631.0,1481.0,30660.0,2026-07-24,2026-08-23,USD,Paid,Overdue,3.0,5518.8,5518.8,0.0,0.0,36178.8,0,0,0,0,0,1,0,0,Duplicate Invoice,36178.8,1,45.0,570,1.5605749486652978,0.0,1.0,-5518.800000000003,1.1800000000000002,0.0,1.0,0.0,0,20.0,23.6,-3.6000000000000014,2.2153179190751446,0.0,1.0639269406392695,0.9660795825179387,2026,7,24,4,3,2026,8,23,0.0839,8.39,0,No Revenue Leakage,LOW,0.0
TEST000728,CUST00442,Coleman-Ruiz,Government,Telecom,South,India,Vincentville,annbennett@mccarthy-kelly.net,881-793-2426x87741,2023-02-10,Suspended,Net 45,472225.0,Priya Nair,CON00155,SaaS,ERP,25.0,2493.0,58925.0,5.0,18.0,Monthly,36.0,Gold,9.0,2026.0,2357.0,2357.0,2541.0,2158.0,58925.0,2025-11-30,2025-12-30,INR,Paid,Pending,3.0,10606.5,10606.5,5.0,2946.25,66585.25,0,0,0,0,0,0,0,0,,0.0,0,45.0,1281,3.5071868583162216,0.0,1.0,-7660.25,1.13,0.0,1.0,0.0,0,25.0,28.25,-3.25,0.9454472523064581,0.0,1.0780653372931692,0.9155706406448876,2025,11,30,6,4,2025,12,30,0.0424,4.24,0,No Revenue Leakage,LOW,0.0
TEST000729,CUST00239,"Newman, Jenkins and Cooper",Government,Logistics,East,USA,Toddhaven,kellis@villanueva.com,437-654-0254x729,2023-02-23,Inactive,Net 60,728250.0,Sneha Patel,CON00127,SaaS,HRMS,25.0,1016.0,17075.0,0.0,18.0,Quarterly,12.0,Bronze,2.0,2026.0,683.0,683.0,800.0,592.0,17075.0,2025-12-01,2025-12-31,EUR,Sent,Paid,3.0,3073.5,3073.5,0.0,0.0,18723.38,0,0,0,0,0,0,1,0,Contract Violation,1425.12,1,60.0,1268,3.4715947980835042,0.0,1.0,-1648.380000000001,1.0965376281112738,0.0,1.0,0.0,0,25.0,27.413440702781845,-2.4134407027818447,0.672244094488189,0.0,1.171303074670571,0.8667642752562226,2025,12,1,0,4,2025,12,31,0.9024,90.24,1,Revenue Leakage Detected,HIGH,0.0
TEST000730,CUST00245,Valdez LLC,SMB,Telecom,East,India,Whitebury,wilsonjoshua@george.org,296.447.1589x0429,2024-04-25,Inactive,Net 15,647897.0,Rahul Sharma,CON00065,Security,Firewall,15.0,1647.0,43785.0,10.0,18.0,Quarterly,36.0,Platinum,3.0,2026.0,2919.0,2919.0,3076.0,2846.0,43785.0,2026-03-07,2026-04-06,USD,Sent,Pending,3.0,7881.3,7881.3,10.0,4378.5,47287.8,0,0,0,0,0,0,0,0,,0.0,0,15.0,841,2.302532511978097,0.0,1.0,-3502.800000000003,1.08,0.0,1.0,0.0,0,15.0,16.2,-1.1999999999999993,1.7723132969034607,0.0,1.053785542994176,0.9749914354230901,2026,3,7,5,1,2026,4,6,0.0268,2.68,0,No Revenue Leakage,LOW,0.0
TEST000731,CUST00080,Bond-Ramos,Retail,IT,East,Australia,Lake Brandy,nolansean@chavez.biz,390.287.4064x039,2025-03-14,Suspended,Net 15,904882.0,Rahul Sharma,CON00041,Voice,Voice Basic,5.0,2446.0,12530.0,5.0,18.0,Quarterly,12.0,Gold,6.0,2026.0,2506.0,2506.0,2509.0,2333.0,12530.0,2025-11-27,2025-12-27,INR,Paid,Pending,1.0,2255.4,2255.4,5.0,626.5,14158.9,0,0,0,0,0,0,0,0,,0.0,0,15.0,518,1.4182067077344285,0.0,1.0,-1628.8999999999996,1.13,0.0,1.0,0.0,0,5.0,5.6499999999999995,-0.6499999999999995,1.0245298446443172,0.0,1.001197126895451,0.9309656823623305,2025,11,27,3,4,2025,12,27,0.2015,20.15,0,No Revenue Leakage,LOW,0.0
TEST000732,CUST00002,Ramirez-Lewis,Government,Logistics,East,UK,Curtisfurt,howardmaurice@roman-blair.net,361-284-9593,2023-07-15,Active,Net 60,241335.0,John Thomas,CON00190,SaaS,ERP,25.0,2604.0,45000.0,15.0,18.0,Quarterly,24.0,Gold,2.0,2026.0,1800.0,1800.0,2014.0,1625.0,45000.0,2025-12-25,2026-01-24,INR,Sent,Overdue,3.0,8100.0,8100.0,15.0,6750.0,46350.0,0,0,0,0,0,0,0,0,,0.0,0,60.0,1126,3.082819986310746,0.0,1.0,-1350.0,1.03,0.0,1.0,0.0,0,25.0,25.75,-0.75,0.6912442396313364,0.0,1.1188888888888888,0.9027777777777778,2025,12,25,3,4,2026,1,24,0.0204,2.04,0,No Revenue Leakage,LOW,0.0
TEST000733,CUST00007,"Henderson, Lewis and Ryan",Enterprise,Logistics,South,Singapore,Lake Larry,samuel87@wright.com,5983393010,2021-11-11,Active,Net 60,289629.0,Priya Nair,CON00027,Internet,Fiber 100,10.0,2630.0,25250.0,10.0,18.0,Quarterly,12.0,Platinum,7.0,2026.0,2525.0,2525.0,2730.0,2415.0,25250.0,2025-09-30,2025-10-30,EUR,Sent,Overdue,2.0,4545.0,4545.0,10.0,2525.0,27270.0,0,0,0,0,0,0,0,0,,0.0,0,60.0,1737,4.75564681724846,0.0,1.0,-2020.0,1.08,0.0,1.0,0.0,0,10.0,10.8,-0.8000000000000007,0.9600760456273765,0.0,1.0811881188118813,0.9564356435643564,2025,9,30,1,3,2025,10,30,0.1383,13.83,0,No Revenue Leakage,LOW,0.0
TEST000734,CUST00485,"Guerra, Duncan and Martinez",Government,Healthcare,North,Australia,Port Sheri,donnapaul@powell.com,824-757-9889x425,2022-10-31,Suspended,Net 30,911396.0,Rahul Sharma,CON00037,Internet,Fiber 300,10.0,1598.0,13570.0,0.0,18.0,Monthly,24.0,Gold,10.0,2026.0,1357.0,1357.0,1429.0,1179.0,13570.0,2026-01-06,2026-02-05,EUR,Sent,Paid,3.0,2442.6,2442.6,0.0,0.0,16012.6,0,0,0,0,0,0,0,0,,0.0,0,30.0,1383,3.786447638603696,0.0,1.0,-2442.6000000000004,1.18,0.0,1.0,0.0,0,10.0,11.8,-1.8000000000000007,0.8491864831038799,0.0,1.0530582166543847,0.868828297715549,2026,1,6,1,1,2026,2,5,0.0788,7.88,0,No Revenue Leakage,LOW,0.0
TEST000735,CUST00132,Figueroa-Malone,Government,Education,South,Singapore,Lorihaven,cameronmckinney@taylor-york.org,7235303070,2023-12-05,Active,Net 15,708956.0,Arjun Kumar,CON00107,Internet,Fiber 300,10.0,1368.0,24530.0,0.0,18.0,Yearly,24.0,Gold,4.0,2026.0,2453.0,2453.0,2545.0,2435.0,24530.0,2025-10-21,2025-11-20,USD,Generated,Paid,3.0,4415.4,4415.4,0.0,0.0,28945.4,0,0,0,0,0,0,0,0,,0.0,0,15.0,983,2.6913073237508556,0.0,1.0,-4415.4000000000015,1.1800000000000002,0.0,1.0,0.0,0,10.0,11.8,-1.8000000000000007,1.7931286549707601,0.0,1.0375050958010599,0.9926620464737057,2025,10,21,1,4,2025,11,20,0.0772,7.72,0,No Revenue Leakage,LOW,0.0
TEST000736,CUST00228,Haynes and Sons,Retail,Healthcare,West,UK,East Cynthiaport,bryantgeorge@brown.org,+1-731-536-5651x982,2021-12-25,Inactive,Net 15,843719.0,Sneha Patel,CON00200,Security,Firewall,15.0,719.0,25605.0,5.0,18.0,Monthly,36.0,Silver,9.0,2026.0,1707.0,1707.0,1909.0,1669.0,25605.0,2026-05-26,2026-06-25,USD,Sent,Overdue,2.0,4608.9,4608.9,5.0,1280.25,21359.0,0,0,0,1,0,0,0,0,Wrong Pricing,7574.65,1,15.0,1693,4.635181382614648,0.0,1.0,4246.0,0.8341730130833821,0.0,1.0,0.0,0,15.0,12.512595196250732,2.4874048037492678,2.3741307371349096,0.0,1.1183362624487405,0.9777387229056825,2026,5,26,1,2,2026,6,25,0.9999,99.99,1,Revenue Leakage Detected,HIGH,4246.0
TEST000737,CUST00179,Fernandez-Ballard,Government,Logistics,East,USA,Parkerchester,eric00@ochoa.info,+1-507-274-0649,2026-04-05,Inactive,Net 45,912061.0,Priya Nair,CON00066,Internet,Fiber 100,10.0,2347.0,13850.0,15.0,18.0,Quarterly,36.0,Gold,7.0,2026.0,1385.0,1385.0,1651.0,1217.0,13850.0,2026-04-10,2026-05-10,EUR,Sent,Paid,3.0,2493.0,2493.0,15.0,2077.5,11345.38,0,0,0,0,0,0,1,0,Contract Violation,2920.12,1,45.0,131,0.3586584531143053,0.0,1.0,2504.620000000001,0.8191610108303249,0.0,1.0,0.0,0,10.0,8.191610108303248,1.808389891696752,0.590115040477205,0.0,1.192057761732852,0.8787003610108304,2026,4,10,4,2,2026,5,10,0.999,99.9,1,Revenue Leakage Detected,HIGH,2504.620000000001
TEST000738,CUST00316,"Murphy, Carroll and Henry",Government,Manufacturing,East,India,Johnstonland,debbie75@kirby.com,(632)696-7629x16032,2022-03-01,Inactive,Net 15,973945.0,Arjun Kumar,CON00195,Voice,Voice Basic,5.0,1143.0,14585.0,10.0,18.0,Yearly,24.0,Silver,9.0,2026.0,2917.0,2917.0,3054.0,2734.0,14585.0,2025-08-12,2025-09-11,EUR,Sent,Pending,1.0,2625.3,2625.3,10.0,1458.5,15751.8,0,0,0,0,0,0,0,0,,0.0,0,15.0,1627,4.454483230663929,0.0,1.0,-1166.7999999999993,1.0799999999999998,0.0,1.0,0.0,0,5.0,5.3999999999999995,-0.39999999999999947,2.552055993000875,0.0,1.0469660610215976,0.9372643126499829,2025,8,12,1,3,2025,9,11,0.0293,2.93,0,No Revenue Leakage,LOW,0.0
TEST000739,CUST00071,Hester Group,SMB,Healthcare,South,India,Lauramouth,kari39@morales.com,687.729.8259x5269,2025-11-29,Active,Net 15,447827.0,Priya Nair,CON00170,Voice,Voice Basic,5.0,2972.0,5445.0,5.0,18.0,Monthly,24.0,Silver,7.0,2026.0,1089.0,1089.0,1123.0,1015.0,5445.0,2026-07-04,2026-08-03,INR,Paid,Pending,1.0,980.1,849.4071706520733,5.0,272.25,6022.16,1,0,0,0,0,0,0,0,Missing GST,130.69,1,15.0,258,0.7063655030800822,0.0,1.0,-577.1599999999999,1.105998163452709,130.6928293479267,0.8666535768310104,0.0,0,5.0,5.529990817263545,-0.5299908172635446,0.3664199192462988,0.0,1.0312213039485767,0.9320477502295684,2026,7,4,5,3,2026,8,3,0.9923,99.23,1,Revenue Leakage Detected,HIGH,0.0
TEST000740,CUST00094,Rush LLC,Retail,Education,North,Singapore,Brockmouth,pcook@taylor.com,752.365.4793x5646,2026-05-23,Active,Net 15,870023.0,Rahul Sharma,CON00070,Voice,Voice Basic,5.0,1572.0,13725.0,10.0,18.0,Quarterly,12.0,Platinum,3.0,2026.0,2745.0,2745.0,3041.0,2559.0,13725.0,2026-04-01,2026-05-01,USD,Sent,Paid,2.0,2470.5,2470.5,10.0,1372.5,14823.0,0,0,0,0,0,0,0,0,,0.0,0,15.0,83,0.2272416153319644,0.0,1.0,-1098.0,1.08,0.0,1.0,0.0,0,5.0,5.4,-0.40000000000000036,1.7461832061068703,0.0,1.107832422586521,0.9322404371584699,2026,4,1,2,2,2026,5,1,0.0919,9.19,0,No Revenue Leakage,LOW,0.0
TEST000741,CUST00095,Vargas PLC,SMB,Manufacturing,South,USA,Lake Katrina,bentonsteven@clark.com,(872)843-4266x17979,2026-03-22,Active,Net 60,465916.0,Sneha Patel,CON00076,Voice,Voice Premium,5.0,1616.0,3045.0,15.0,18.0,Monthly,24.0,Gold,9.0,2026.0,609.0,609.0,832.0,472.0,3045.0,2026-04-17,2026-05-17,EUR,Generated,Pending,2.0,548.1,548.1,15.0,456.75,3136.35,0,0,0,0,0,0,0,0,,0.0,0,60.0,145,0.39698836413415467,0.0,1.0,-91.34999999999991,1.03,0.0,1.0,0.0,0,5.0,5.1499999999999995,-0.14999999999999947,0.37685643564356436,0.0,1.3661740558292284,0.7750410509031199,2026,4,17,4,2,2026,5,17,0.0327,3.27,0,No Revenue Leakage,LOW,0.0
TEST000742,CUST00207,Bass-Nielsen,SMB,Education,West,India,Hendrickston,timothyburton@huang.com,249.758.8039x55124,2024-10-14,Inactive,Net 15,825435.0,John Thomas,CON00157,SaaS,ERP,25.0,794.0,24750.0,0.0,18.0,Monthly,36.0,Silver,2.0,2026.0,990.0,990.0,1161.0,885.0,24750.0,2026-02-11,2026-03-13,INR,Paid,Pending,2.0,4455.0,4455.0,0.0,0.0,22703.99,0,0,0,0,1,0,0,0,Missing Charge,6501.01,1,15.0,669,1.8316221765913758,0.0,1.0,2046.0099999999984,0.9173329292929293,0.0,1.0,0.0,0,25.0,22.933323232323232,2.0666767676767677,1.2468513853904282,0.0,1.1727272727272726,0.8939393939393939,2026,2,11,2,1,2026,3,13,0.9999,99.99,1,Revenue Leakage Detected,HIGH,2046.0099999999984
TEST000743,CUST00118,Smith and Sons,Enterprise,Manufacturing,North,Singapore,East Madison,gina19@green.com,472.815.1070,2024-12-15,Inactive,Net 60,266464.0,Priya Nair,CON00162,SaaS,HRMS,25.0,2635.0,34775.0,15.0,18.0,Yearly,24.0,Bronze,10.0,2026.0,1391.0,1391.0,1487.0,1340.0,34775.0,2026-08-08,2026-09-07,INR,Sent,Pending,2.0,6259.5,6259.5,15.0,5216.25,35818.25,0,0,0,0,0,0,0,0,,0.0,0,60.0,607,1.6618754277891854,0.0,1.0,-1043.25,1.03,0.0,1.0,0.0,0,25.0,25.75,-0.75,0.5278937381404175,0.0,1.0690150970524803,0.9633357296908699,2026,8,8,5,3,2026,9,7,0.0812,8.12,0,No Revenue Leakage,LOW,0.0
TEST000744,CUST00274,Austin-Hamilton,Retail,IT,East,UK,Davishaven,teresa32@rose-holland.com,276-317-4224x3864,2021-12-24,Inactive,Net 45,275314.0,Sneha Patel,CON00065,Security,Firewall,15.0,1647.0,34350.0,10.0,18.0,Quarterly,36.0,Platinum,1.0,2026.0,2290.0,2290.0,2377.0,2281.0,34350.0,2026-01-20,2026-02-19,EUR,Generated,Pending,3.0,6183.0,6183.0,10.0,3435.0,37098.0,0,0,0,0,0,0,0,0,,0.0,0,45.0,1694,4.63791923340178,0.0,1.0,-2748.0,1.08,0.0,1.0,0.0,0,15.0,16.2,-1.1999999999999993,1.3904068002428658,0.0,1.037991266375546,0.9960698689956332,2026,1,20,1,1,2026,2,19,0.0464,4.64,0,No Revenue Leakage,LOW,0.0
TEST000745,CUST00370,Woods-Melton,Government,Finance,North,Australia,West Evanmouth,mcclurechristopher@hall.com,001-228-889-8572x54596,2023-08-18,Inactive,Net 30,962735.0,Priya Nair,CON00043,Cloud,Business Cloud,20.0,2765.0,17860.0,0.0,18.0,Monthly,36.0,Platinum,12.0,2026.0,893.0,893.0,963.0,731.0,17860.0,2025-12-25,2026-01-24,USD,Paid,Pending,3.0,3214.8,3214.8,5.0,893.0,20181.8,0,0,1,0,0,0,0,0,Extra Discount,893.0,1,30.0,1092,2.9897330595482545,0.0,1.0,-2321.7999999999993,1.13,0.0,1.0,-5.0,1,20.0,22.599999999999998,-2.599999999999998,0.3229656419529837,0.0,1.078387458006719,0.8185890257558791,2025,12,25,3,4,2026,1,24,0.9962,99.62,1,Revenue Leakage Detected,HIGH,0.0
TEST000746,CUST00403,Cunningham-Vaughn,Enterprise,Healthcare,North,Australia,North Joyhaven,mileszachary@yang.com,340-579-3110x2918,2023-05-02,Inactive,Net 15,795466.0,Sneha Patel,CON00062,Security,Firewall,15.0,806.0,8535.0,0.0,18.0,Yearly,36.0,Platinum,5.0,2026.0,569.0,569.0,847.0,468.0,8535.0,2026-06-20,2026-07-20,EUR,Paid,Overdue,2.0,1536.3,1536.3,0.0,0.0,10071.3,0,0,0,0,0,0,0,0,,0.0,0,15.0,1200,3.2854209445585214,0.0,1.0,-1536.2999999999993,1.18,0.0,1.0,0.0,0,15.0,17.7,-2.6999999999999993,0.705955334987593,0.0,1.4885764499121266,0.8224956063268892,2026,6,20,5,2,2026,7,20,0.0518,5.18,0,No Revenue Leakage,LOW,0.0
TEST000747,CUST00326,Espinoza and Sons,Government,Telecom,South,UK,East Adam,travis66@brooks.org,660-716-9236,2025-12-06,Inactive,Net 30,126329.0,Sneha Patel,CON00031,Voice,Voice Premium,5.0,2088.0,9810.0,10.0,18.0,Monthly,12.0,Bronze,8.0,2026.0,1962.0,1962.0,2070.0,1888.0,9810.0,2026-06-04,2026-07-04,EUR,Generated,Overdue,3.0,1765.8,1765.8,10.0,981.0,10594.8,0,0,0,0,0,0,0,0,,0.0,0,30.0,251,0.6872005475701575,0.0,1.0,-784.7999999999993,1.0799999999999998,0.0,1.0,0.0,0,5.0,5.3999999999999995,-0.39999999999999947,0.9396551724137931,0.0,1.055045871559633,0.9622833843017329,2026,6,4,3,2,2026,7,4,0.0306,3.06,0,No Revenue Leakage,LOW,0.0
TEST000748,CUST00280,"Delgado, Ward and Kennedy",Government,IT,East,USA,New Jared,estradadavid@moore.com,(274)333-8005x45228,2024-06-20,Inactive,Net 45,979065.0,Arjun Kumar,CON00143,Security,SOC,15.0,524.0,40140.0,0.0,18.0,Monthly,24.0,Bronze,1.0,2026.0,2676.0,2676.0,2823.0,2608.0,40140.0,2026-07-25,2026-08-24,USD,Generated,Paid,3.0,7225.2,7225.2,0.0,0.0,47365.2,0,0,0,0,0,0,0,0,,0.0,0,45.0,785,2.1492128678986995,0.0,1.0,-7225.199999999997,1.18,0.0,1.0,0.0,0,15.0,17.7,-2.6999999999999993,5.106870229007634,0.0,1.054932735426009,0.9745889387144993,2026,7,25,5,3,2026,8,24,0.0751,7.51,0,No Revenue Leakage,LOW,0.0
TEST000749,CUST00152,Ramirez-Baker,Enterprise,IT,North,USA,New Meghan,riverajenna@williams.org,5944798515,2026-01-09,Inactive,Net 15,142263.0,John Thomas,CON00082,Cloud,Enterprise Cloud,20.0,744.0,27860.0,15.0,18.0,Quarterly,36.0,Silver,7.0,2026.0,1393.0,1393.0,1592.0,1289.0,27860.0,2026-06-06,2026-07-06,INR,Generated,Overdue,3.0,5014.8,5014.8,15.0,4179.0,22640.43,0,0,0,1,0,0,0,0,Wrong Pricing,6055.37,1,15.0,217,0.5941136208076659,0.0,1.0,5219.57,0.8126500358937545,0.0,1.0,0.0,0,20.0,16.25300071787509,3.7469992821249107,1.8723118279569892,0.0,1.1428571428571428,0.9253409906676239,2026,6,6,5,2,2026,7,6,0.999,99.9,1,Revenue Leakage Detected,HIGH,5219.57
TEST000750,CUST00010,Robinson-Brown,SMB,Education,South,USA,Lake Leeton,hshaw@brown.com,(219)313-6193,2025-02-28,Inactive,Net 15,488974.0,Priya Nair,CON00066,Internet,Fiber 100,10.0,2347.0,29800.0,15.0,18.0,Quarterly,36.0,Gold,9.0,2026.0,2980.0,2980.0,2983.0,2784.0,29800.0,2026-07-15,2026-08-14,EUR,Sent,Overdue,1.0,5364.0,5364.0,15.0,4470.0,30694.0,0,0,0,0,0,0,0,1,Late Billing,1521.0,1,15.0,532,1.4565366187542779,0.0,1.0,-894.0,1.03,0.0,1.0,0.0,0,10.0,10.3,-0.3000000000000007,1.2697060076693651,0.0,1.001006711409396,0.934228187919463,2026,7,15,2,3,2026,8,14,0.0227,2.27,0,No Revenue Leakage,LOW,0.0
TEST000751,CUST00284,"Nielsen, Hernandez and Andrews",SMB,Healthcare,North,Australia,Robertside,jennifer55@wilcox.org,(867)538-9975,2024-02-28,Suspended,Net 15,202999.0,Arjun Kumar,CON00087,Internet,Fiber 1000,10.0,848.0,5240.0,10.0,18.0,Monthly,36.0,Bronze,5.0,2026.0,524.0,524.0,529.0,460.0,5240.0,2026-03-05,2026-04-04,INR,Paid,Pending,3.0,943.2,943.2,10.0,524.0,5659.2,0,0,0,0,0,0,0,0,,0.0,0,15.0,898,2.458590006844627,0.0,1.0,-419.1999999999998,1.08,0.0,1.0,0.0,0,10.0,10.799999999999999,-0.7999999999999989,0.6179245283018868,0.0,1.0095419847328244,0.8778625954198473,2026,3,5,3,1,2026,4,4,0.0185,1.85,0,No Revenue Leakage,LOW,0.0
TEST000752,CUST00282,Bartlett and Sons,SMB,Education,West,Australia,Jeanhaven,goconnor@holland.com,437-360-3754,2023-11-10,Suspended,Net 30,775495.0,Rahul Sharma,CON00023,Voice,Voice Basic,5.0,2072.0,14865.0,0.0,18.0,Yearly,12.0,Bronze,6.0,2026.0,2973.0,2806.0,3151.0,2827.0,14865.0,2025-10-14,2025-11-13,USD,Sent,Overdue,2.0,2675.7,2675.7,0.0,0.0,16705.7,0,1,0,0,0,0,0,0,Usage Mismatch,835.0,1,30.0,1008,2.759753593429158,167.0,0.9438277833837874,-1840.7000000000007,1.1238277833837875,0.0,1.0,0.0,0,5.0,5.953563791874555,-0.9535637918745552,1.4348455598455598,0.0,1.0598721829801547,0.9508913555331315,2025,10,14,1,4,2025,11,13,0.9982,99.82,1,Revenue Leakage Detected,HIGH,0.0
TEST000753,CUST00047,"Romero, Moore and Olson",Government,Finance,North,India,West Meganstad,farmeraudrey@bruce-villegas.org,+1-480-494-0244x550,2026-05-31,Suspended,Net 60,710960.0,Sneha Patel,CON00006,Cloud,Enterprise Cloud,20.0,2651.0,29700.0,5.0,18.0,Monthly,24.0,Platinum,8.0,2026.0,1485.0,1485.0,1525.0,1355.0,29700.0,2026-05-16,2026-06-15,EUR,Generated,Overdue,3.0,5346.0,5346.0,5.0,1485.0,33561.0,0,0,0,0,0,0,0,0,,0.0,0,60.0,75,0.2053388090349076,0.0,1.0,-3861.0,1.13,0.0,1.0,0.0,0,20.0,22.6,-2.6000000000000014,0.5601659751037344,0.0,1.026936026936027,0.9124579124579124,2026,5,16,5,2,2026,6,15,0.1109,11.09,0,No Revenue Leakage,LOW,0.0
TEST000754,CUST00194,Smith-Benson,Government,IT,East,UK,West Shannontown,jason83@payne.net,692.206.9804x2043,2025-07-20,Inactive,Net 60,227900.0,Rahul Sharma,CON00039,Cloud,Enterprise Cloud,20.0,2299.0,45020.0,0.0,18.0,Quarterly,24.0,Bronze,3.0,2026.0,2251.0,2251.0,2350.0,2178.0,45020.0,2026-02-25,2026-03-27,INR,Generated,Paid,1.0,8103.6,8103.6,0.0,0.0,53123.6,0,0,0,0,0,1,0,0,Duplicate Invoice,53123.6,1,60.0,390,1.0677618069815196,0.0,1.0,-8103.5999999999985,1.18,0.0,1.0,0.0,0,20.0,23.599999999999998,-3.599999999999998,0.9791213571117877,0.0,1.0439804531319414,0.9675699689027099,2026,2,25,2,1,2026,3,27,0.0599,5.99,0,No Revenue Leakage,LOW,0.0
TEST000755,CUST00035,Pollard and Sons,Government,Telecom,West,UK,Hallchester,floresthomas@hughes-alvarado.com,802.489.5171x8702,2022-03-26,Suspended,Net 30,609042.0,John Thomas,CON00008,SaaS,ERP,25.0,2546.0,51025.0,15.0,18.0,Yearly,36.0,Bronze,12.0,2026.0,2041.0,2041.0,2279.0,2020.0,51025.0,2025-08-20,2025-09-19,EUR,Paid,Pending,1.0,9184.5,9184.5,15.0,7653.75,52555.75,0,0,0,0,0,0,0,0,,0.0,0,30.0,1602,4.386036960985626,0.0,1.0,-1530.75,1.03,0.0,1.0,0.0,0,25.0,25.75,-0.75,0.8016496465043205,0.0,1.116609505144537,0.9897109260166586,2025,8,20,2,3,2025,9,19,0.0227,2.27,0,No Revenue Leakage,LOW,0.0
TEST000756,CUST00128,Baker-Hood,Enterprise,Telecom,East,USA,East Karenville,barnettlindsey@arellano-lawrence.net,6683687937,2024-12-14,Suspended,Net 30,618535.0,Priya Nair,CON00138,Security,Endpoint Security,15.0,2914.0,12570.0,5.0,18.0,Quarterly,36.0,Bronze,12.0,2026.0,838.0,838.0,896.0,778.0,12570.0,2025-10-17,2025-11-16,USD,Sent,Paid,1.0,2262.6,2262.6,5.0,628.5,11659.87,0,0,0,1,0,0,0,0,Wrong Pricing,2544.23,1,30.0,608,1.6646132785763177,0.0,1.0,910.1299999999992,0.9275950676213207,0.0,1.0,0.0,0,15.0,13.91392601431981,1.0860739856801906,0.28757721345229925,0.0,1.0692124105011933,0.9284009546539379,2025,10,17,4,4,2025,11,16,0.9998,99.98,1,Revenue Leakage Detected,HIGH,910.1299999999992
TEST000757,CUST00296,"Hawkins, Ramirez and Reynolds",Enterprise,Logistics,West,Australia,Nicolemouth,tiffany74@bates.com,279.250.2097,2023-01-27,Inactive,Net 15,960830.0,Priya Nair,CON00088,Internet,Fiber 100,10.0,1166.0,9120.0,5.0,18.0,Yearly,24.0,Bronze,3.0,2026.0,912.0,912.0,1147.0,861.0,9120.0,2025-12-09,2026-01-08,EUR,Sent,Pending,2.0,1641.6,1641.6,5.0,456.0,9317.49,0,0,0,0,0,0,1,0,Contract Violation,988.11,1,15.0,1295,3.5455167693360714,0.0,1.0,-197.48999999999978,1.0216546052631579,0.0,1.0,0.0,0,10.0,10.216546052631578,-0.21654605263157833,0.7821612349914236,0.0,1.2576754385964912,0.944078947368421,2025,12,9,1,4,2026,1,8,0.9992,99.92,1,Revenue Leakage Detected,HIGH,0.0
TEST000758,CUST00058,Brooks Inc,SMB,Finance,West,UK,Sarahmouth,devinmitchell@horton-taylor.info,390.610.4328x986,2023-08-14,Active,Net 30,755086.0,Sneha Patel,CON00085,SaaS,ERP,25.0,2968.0,45550.0,5.0,18.0,Monthly,12.0,Platinum,11.0,2026.0,1822.0,1822.0,1893.0,1738.0,45550.0,2026-03-06,2026-04-05,INR,Generated,Overdue,1.0,8199.0,8199.0,5.0,2277.5,51471.5,0,0,0,0,0,0,0,0,,0.0,0,30.0,1096,3.0006844626967832,0.0,1.0,-5921.5,1.13,0.0,1.0,0.0,0,25.0,28.25,-3.25,0.6138814016172507,0.0,1.0389681668496158,0.9538968166849616,2026,3,6,4,1,2026,4,5,0.1285,12.85,0,No Revenue Leakage,LOW,0.0
TEST000759,CUST00484,Moore Inc,Retail,Education,West,USA,Phyllisland,hmcneil@marshall-perry.net,329.904.7742x585,2025-10-15,Active,Net 15,734029.0,Arjun Kumar,CON00004,Voice,Voice Basic,5.0,2127.0,10550.0,10.0,18.0,Monthly,36.0,Gold,8.0,2026.0,2110.0,2110.0,2379.0,2086.0,10550.0,2025-10-04,2025-11-03,INR,Generated,Pending,3.0,1899.0,1899.0,10.0,1055.0,11394.0,0,0,0,0,0,0,0,1,Late Billing,4870.0,1,15.0,303,0.8295687885010267,0.0,1.0,-844.0,1.08,0.0,1.0,0.0,0,5.0,5.4,-0.40000000000000036,0.9920075223319229,0.0,1.1274881516587678,0.9886255924170616,2025,10,4,5,4,2025,11,3,0.0397,3.97,0,No Revenue Leakage,LOW,0.0
TEST000760,CUST00408,"Stafford, Campos and Fisher",Retail,Telecom,North,Singapore,North Cherylville,bradfordcharles@obrien-pittman.com,517-462-9833x47743,2025-04-15,Active,Net 60,990756.0,Arjun Kumar,CON00117,Cloud,Enterprise Cloud,20.0,1599.0,54260.0,15.0,18.0,Yearly,12.0,Bronze,1.0,2026.0,2713.0,2713.0,2946.0,2605.0,54260.0,2025-10-11,2025-11-10,EUR,Paid,Paid,1.0,9766.8,9766.8,15.0,8139.0,41162.85,0,0,0,0,1,0,0,0,Missing Charge,14724.95,1,60.0,486,1.3305954825462012,0.0,1.0,13097.150000000001,0.7586223737559896,0.0,1.0,0.0,0,20.0,15.172447475119792,4.827552524880208,1.6966854283927455,0.0,1.0858827865831182,0.9601916697382971,2025,10,11,5,4,2025,11,10,0.9969,99.69,1,Revenue Leakage Detected,HIGH,13097.150000000001
TEST000761,CUST00432,"Ingram, Green and Stewart",Government,Education,North,Singapore,Lambchester,dgreen@washington-robinson.com,276-239-2831x9952,2024-10-27,Active,Net 45,663375.0,Sneha Patel,CON00059,Security,SOC,15.0,2205.0,14700.0,10.0,18.0,Yearly,36.0,Silver,6.0,2026.0,980.0,980.0,1036.0,849.0,14700.0,2025-08-20,2025-09-19,INR,Paid,Pending,2.0,2646.0,2646.0,25.0,3675.0,13671.0,0,0,1,0,0,0,0,0,Extra Discount,2205.0,1,45.0,656,1.7960301163586585,0.0,1.0,1029.0,0.93,0.0,1.0,-15.0,1,15.0,13.95,1.0500000000000007,0.4444444444444444,0.0,1.0571428571428572,0.8663265306122448,2025,8,20,2,3,2025,9,19,0.9998,99.98,1,Revenue Leakage Detected,HIGH,1029.0
TEST000762,CUST00181,Flores and Sons,Enterprise,Logistics,East,UK,New Andrewville,joseph70@davis.info,356.447.5705,2022-01-27,Suspended,Net 15,386199.0,Rahul Sharma,CON00101,SaaS,ERP,25.0,789.0,17575.0,0.0,18.0,Monthly,12.0,Gold,9.0,2026.0,703.0,703.0,732.0,635.0,17575.0,2026-07-19,2026-08-18,USD,Sent,Overdue,2.0,3163.5,3163.5,0.0,0.0,20738.5,0,0,0,0,0,0,0,0,,0.0,0,15.0,1660,4.544832306639288,0.0,1.0,-3163.5,1.18,0.0,1.0,0.0,0,25.0,29.5,-4.5,0.8910012674271229,0.0,1.0412517780938833,0.903271692745377,2026,7,19,6,3,2026,8,18,0.0327,3.27,0,No Revenue Leakage,LOW,0.0
TEST000763,CUST00157,Goodman Ltd,Government,Finance,North,Australia,Jasonhaven,eugenewalker@lee-white.org,5879814141,2024-05-29,Suspended,Net 45,121907.0,Sneha Patel,CON00158,SaaS,CRM,25.0,1067.0,24550.0,10.0,18.0,Monthly,24.0,Silver,12.0,2026.0,982.0,982.0,1024.0,804.0,24550.0,2025-09-23,2025-10-23,EUR,Generated,Paid,1.0,4419.0,4419.0,10.0,2455.0,26514.0,0,0,0,0,0,0,0,0,,0.0,0,45.0,807,2.209445585215606,0.0,1.0,-1964.0,1.08,0.0,1.0,0.0,0,25.0,27.0,-2.0,0.9203373945641987,0.0,1.0427698574338085,0.8187372708757638,2025,9,23,1,3,2025,10,23,0.059,5.9,0,No Revenue Leakage,LOW,0.0
TEST000764,CUST00292,Atkins-Johnson,SMB,Telecom,North,USA,Whitetown,patrick11@weaver.com,(741)424-6209,2021-10-29,Suspended,Net 45,246733.0,Priya Nair,CON00147,Security,Endpoint Security,15.0,1932.0,33960.0,15.0,18.0,Yearly,12.0,Gold,7.0,2026.0,2264.0,2264.0,2396.0,2153.0,33960.0,2026-02-25,2026-03-27,USD,Generated,Paid,3.0,6112.8,6112.8,15.0,5094.0,34978.8,0,0,0,0,0,0,0,0,,0.0,0,45.0,1750,4.791238877481177,0.0,1.0,-1018.8000000000029,1.03,0.0,1.0,0.0,0,15.0,15.450000000000001,-0.45000000000000107,1.1718426501035197,0.0,1.058303886925795,0.9509717314487632,2026,2,25,2,1,2026,3,27,0.0278,2.78,0,No Revenue Leakage,LOW,0.0
TEST000765,CUST00310,"Rogers, Hayes and Reynolds",Retail,Healthcare,East,Australia,Lindamouth,patrick27@baker.com,348-388-1431,2024-08-29,Active,Net 45,900538.0,Sneha Patel,CON00149,Security,Firewall,15.0,2924.0,26475.0,0.0,18.0,Quarterly,36.0,Silver,5.0,2026.0,1765.0,1765.0,1873.0,1606.0,26475.0,2026-04-25,2026-05-25,USD,Sent,Pending,1.0,4765.5,4765.5,0.0,0.0,31240.5,0,0,0,0,0,0,0,0,,0.0,0,45.0,715,1.9575633127994525,0.0,1.0,-4765.5,1.18,0.0,1.0,0.0,0,15.0,17.7,-2.6999999999999993,0.603625170998632,0.0,1.0611898016997168,0.909915014164306,2026,4,25,5,2,2026,5,25,0.0792,7.92,0,No Revenue Leakage,LOW,0.0
TEST000766,CUST00131,Foster LLC,Government,IT,East,Australia,North Julie,penny05@collins-cameron.com,524.975.4691,2023-05-24,Inactive,Net 45,297736.0,Rahul Sharma,CON00013,Cloud,Business Cloud,20.0,898.0,45780.0,10.0,18.0,Yearly,36.0,Platinum,2.0,2026.0,2289.0,2289.0,2292.0,2178.0,45780.0,2026-07-17,2026-08-16,INR,Sent,Pending,2.0,8240.4,8240.4,10.0,4578.0,49442.4,0,0,0,0,0,0,0,0,,0.0,0,45.0,1178,3.2251882272416155,0.0,1.0,-3662.4000000000015,1.08,0.0,1.0,0.0,0,20.0,21.6,-1.6000000000000014,2.548997772828508,0.0,1.001310615989515,0.9515072083879423,2026,7,17,4,3,2026,8,16,0.0279,2.79,0,No Revenue Leakage,LOW,0.0
TEST000767,CUST00373,Moore Inc,SMB,IT,North,India,Nicholasshire,onash@sawyer-caldwell.com,778.371.1216x636,2024-04-17,Inactive,Net 45,922637.0,Priya Nair,CON00067,Security,SOC,15.0,2052.0,22845.0,10.0,18.0,Quarterly,12.0,Platinum,6.0,2026.0,1523.0,1523.0,1733.0,1327.0,22845.0,2026-05-09,2026-06-08,EUR,Generated,Pending,3.0,4112.1,4112.1,10.0,2284.5,24672.6,0,0,0,0,0,0,0,0,,0.0,0,45.0,849,2.324435318275154,0.0,1.0,-1827.5999999999985,1.0799999999999998,0.0,1.0,0.0,0,15.0,16.2,-1.1999999999999993,0.7422027290448343,0.0,1.1378857518056467,0.871306631648063,2026,5,9,5,2,2026,6,8,0.2375,23.75,0,No Revenue Leakage,LOW,0.0
TEST000768,CUST00265,"May, Mccoy and Gibbs",Enterprise,Telecom,South,USA,North Richard,lee11@wright.com,+1-365-877-2429x543,2024-09-21,Inactive,Net 45,803753.0,Priya Nair,CON00016,Voice,Voice Premium,5.0,2363.0,8005.0,15.0,18.0,Monthly,36.0,Bronze,3.0,2026.0,1601.0,1601.0,1757.0,1465.0,8005.0,2026-04-15,2026-05-15,USD,Sent,Overdue,3.0,1440.9,1440.9,15.0,1200.75,8245.15,0,0,0,0,0,0,0,0,,0.0,0,45.0,692,1.894592744695414,0.0,1.0,-240.14999999999964,1.03,0.0,1.0,0.0,0,5.0,5.1499999999999995,-0.14999999999999947,0.6775285653829878,0.0,1.0974391005621487,0.915053091817614,2026,4,15,2,2,2026,5,15,0.0345,3.45,0,No Revenue Leakage,LOW,0.0
TEST000769,CUST00198,Beard-Gutierrez,Retail,Telecom,North,UK,Turnerview,kimberlyrodriguez@johnson.org,499-993-9330x517,2024-10-10,Suspended,Net 60,428165.0,Priya Nair,CON00130,Voice,Voice Premium,5.0,1259.0,4220.0,15.0,18.0,Monthly,24.0,Platinum,8.0,2026.0,844.0,844.0,848.0,670.0,4220.0,2026-06-02,2026-07-02,INR,Sent,Overdue,3.0,759.6,759.6,15.0,633.0,4346.6,0,0,0,0,0,0,0,0,,0.0,0,60.0,673,1.842573579739904,0.0,1.0,-126.60000000000036,1.03,0.0,1.0,0.0,0,5.0,5.15,-0.15000000000000036,0.670373312152502,0.0,1.004739336492891,0.7938388625592417,2026,6,2,1,2,2026,7,2,0.0538,5.38,0,No Revenue Leakage,LOW,0.0
TEST000770,CUST00447,Little Group,SMB,Telecom,West,India,Lake Sherryport,julierojas@brown-mccarthy.com,929-656-3343x244,2022-05-20,Suspended,Net 15,553650.0,Arjun Kumar,CON00026,Voice,Voice Premium,5.0,1409.0,13000.0,15.0,18.0,Monthly,36.0,Bronze,10.0,2026.0,2600.0,2600.0,2796.0,2493.0,13000.0,2025-08-09,2025-09-08,EUR,Generated,Paid,3.0,2340.0,2340.0,15.0,1950.0,13390.0,0,0,0,0,0,0,0,0,,0.0,0,15.0,1547,4.2354551676933605,0.0,1.0,-390.0,1.03,0.0,1.0,0.0,0,5.0,5.15,-0.15000000000000036,1.8452803406671399,0.0,1.0753846153846154,0.9588461538461538,2025,8,9,5,3,2025,9,8,0.0338,3.38,0,No Revenue Leakage,LOW,0.0
TEST000771,CUST00430,Walters Inc,Government,Logistics,West,USA,North Ryan,ngrant@thompson.biz,+1-793-957-8243x4776,2024-02-09,Inactive,Net 60,472355.0,Arjun Kumar,CON00017,Cloud,Basic Cloud,20.0,1339.0,49960.0,10.0,18.0,Yearly,12.0,Silver,8.0,2026.0,2498.0,2498.0,2719.0,2485.0,49960.0,2026-07-01,2026-07-31,USD,Sent,Paid,3.0,8992.8,8992.8,10.0,4996.0,53956.8,0,0,0,0,0,0,0,0,,0.0,0,60.0,917,2.510609171800137,0.0,1.0,-3996.800000000003,1.08,0.0,1.0,0.0,0,20.0,21.6,-1.6000000000000014,1.8655713218820016,0.0,1.088470776621297,0.9947958366693355,2026,7,1,2,3,2026,7,31,0.0129,1.29,0,No Revenue Leakage,LOW,0.0
TEST000772,CUST00367,"Potter, Gordon and Smith",Retail,IT,East,UK,Fraziermouth,samantha84@perez.com,962.736.9036x28917,2025-01-15,Active,Net 15,602370.0,John Thomas,CON00194,Internet,Fiber 100,10.0,2374.0,7620.0,10.0,18.0,Quarterly,36.0,Silver,4.0,2026.0,762.0,762.0,1018.0,649.0,7620.0,2026-01-01,2026-01-31,INR,Paid,Overdue,2.0,1371.6,1371.6,10.0,762.0,5215.83,0,0,0,0,0,0,1,0,Contract Violation,3013.77,1,15.0,576,1.5770020533880904,0.0,1.0,2404.17,0.6844921259842519,0.0,1.0,0.0,0,10.0,6.844921259842519,3.1550787401574807,0.3209772535804549,0.0,1.3359580052493438,0.8517060367454068,2026,1,1,3,1,2026,1,31,0.9986,99.86,1,Revenue Leakage Detected,HIGH,2404.17
TEST000773,CUST00153,Hartman and Sons,Government,Healthcare,South,UK,Danielsfurt,baileynicole@rivera.org,378.801.5739x93056,2023-10-12,Suspended,Net 45,860951.0,Priya Nair,CON00016,Voice,Voice Premium,5.0,2363.0,11730.0,15.0,18.0,Monthly,36.0,Bronze,5.0,2026.0,2346.0,2346.0,2517.0,2308.0,11730.0,2025-09-02,2025-10-02,USD,Paid,Overdue,1.0,2111.4,2111.4,15.0,1759.5,12081.9,0,0,0,0,0,0,0,0,,0.0,0,45.0,1037,2.839151266255989,0.0,1.0,-351.89999999999964,1.03,0.0,1.0,0.0,0,5.0,5.1499999999999995,-0.14999999999999947,0.9928057553956835,0.0,1.0728900255754477,0.9838022165387894,2025,9,2,1,3,2025,10,2,0.1149,11.49,0,No Revenue Leakage,LOW,0.0
TEST000774,CUST00326,Espinoza and Sons,Government,Telecom,South,UK,East Adam,travis66@brooks.org,660-716-9236,2025-12-06,Inactive,Net 30,126329.0,Sneha Patel,CON00117,Cloud,Enterprise Cloud,20.0,1599.0,49680.0,15.0,18.0,Yearly,12.0,Bronze,9.0,2026.0,2484.0,2484.0,2746.0,2380.0,49680.0,2025-12-29,2026-01-28,INR,Generated,Overdue,2.0,8942.4,8942.4,15.0,7452.0,51170.4,0,0,0,0,0,0,0,0,,0.0,0,30.0,251,0.6872005475701575,0.0,1.0,-1490.4000000000015,1.03,0.0,1.0,0.0,0,20.0,20.6,-0.6000000000000014,1.553470919324578,0.0,1.105475040257649,0.9581320450885669,2025,12,29,0,4,2026,1,28,0.1427,14.27,0,No Revenue Leakage,LOW,0.0
TEST000775,CUST00415,Thornton-Howell,Enterprise,IT,East,UK,Christianberg,kevintran@watson.com,877.610.7044,2022-04-25,Active,Net 15,603343.0,Arjun Kumar,CON00015,Internet,Fiber 1000,10.0,2546.0,22940.0,10.0,18.0,Yearly,36.0,Bronze,6.0,2026.0,2294.0,2294.0,2301.0,2252.0,22940.0,2025-12-04,2026-01-03,INR,Generated,Overdue,1.0,4129.2,4129.2,10.0,2294.0,24775.2,0,0,0,0,0,0,0,0,,0.0,0,15.0,1572,4.303901437371663,0.0,1.0,-1835.2000000000007,1.08,0.0,1.0,0.0,0,10.0,10.8,-0.8000000000000007,0.9010212097407698,0.0,1.0030514385353095,0.981691368788143,2025,12,4,3,4,2026,1,3,0.0766,7.66,0,No Revenue Leakage,LOW,0.0
TEST000776,CUST00438,Martin Ltd,SMB,Education,North,UK,East Jamesville,mccluretyler@pratt.net,(460)641-6448x59592,2026-01-17,Active,Net 60,147756.0,Rahul Sharma,CON00191,Internet,Fiber 300,10.0,2732.0,25920.0,15.0,18.0,Yearly,24.0,Platinum,8.0,2026.0,2592.0,2592.0,2700.0,2416.0,25920.0,2025-10-31,2025-11-30,EUR,Sent,Paid,3.0,4665.6,4665.6,15.0,3888.0,26697.6,0,0,0,0,0,0,0,0,,0.0,0,60.0,209,0.5722108145106092,0.0,1.0,-777.5999999999985,1.03,0.0,1.0,0.0,0,10.0,10.299999999999999,-0.29999999999999893,0.9487554904831625,0.0,1.0416666666666667,0.9320987654320988,2025,10,31,4,4,2025,11,30,0.5105,51.05,1,Revenue Leakage Detected,MEDIUM,0.0
TEST000777,CUST00055,"Warner, Valentine and Osborn",Enterprise,Healthcare,South,Australia,Lake Ellenhaven,andrew42@peterson.com,222.714.1888,2022-09-17,Inactive,Net 45,492905.0,John Thomas,CON00157,SaaS,ERP,25.0,794.0,58125.0,0.0,18.0,Monthly,36.0,Silver,5.0,2026.0,2325.0,2325.0,2567.0,2223.0,58125.0,2026-03-03,2026-04-02,EUR,Generated,Overdue,3.0,10462.5,10462.5,0.0,0.0,68587.5,0,0,0,0,0,0,0,0,,0.0,0,45.0,1427,3.9069130732375084,0.0,1.0,-10462.5,1.18,0.0,1.0,0.0,0,25.0,29.5,-4.5,2.9282115869017633,0.0,1.1040860215053763,0.9561290322580646,2026,3,3,1,1,2026,4,2,0.0416,4.16,0,No Revenue Leakage,LOW,0.0
TEST000778,CUST00488,Chavez-Tran,SMB,Telecom,West,USA,Port Teresaburgh,gwilkins@thomas.com,001-503-458-9298x80858,2024-10-12,Suspended,Net 45,653291.0,Arjun Kumar,CON00088,Internet,Fiber 100,10.0,1166.0,15960.0,5.0,18.0,Yearly,24.0,Bronze,7.0,2026.0,1596.0,1596.0,1865.0,1414.0,15960.0,2025-10-07,2025-11-06,INR,Sent,Pending,3.0,2872.8,2872.8,5.0,798.0,18034.8,0,0,0,0,0,0,0,0,,0.0,0,45.0,671,1.83709787816564,0.0,1.0,-2074.7999999999993,1.13,0.0,1.0,0.0,0,10.0,11.299999999999999,-1.299999999999999,1.3687821612349915,0.0,1.168546365914787,0.8859649122807017,2025,10,7,1,4,2025,11,6,0.0546,5.46,0,No Revenue Leakage,LOW,0.0
TEST000779,CUST00171,Davis-Nunez,Government,Telecom,East,UK,Charlesburgh,nedwards@adams.com,333.334.3333x9521,2025-10-14,Inactive,Net 60,379670.0,Arjun Kumar,CON00107,Internet,Fiber 300,10.0,1368.0,19620.0,0.0,18.0,Yearly,24.0,Gold,11.0,2026.0,1962.0,1962.0,2029.0,1866.0,19620.0,2026-03-29,2026-04-28,INR,Generated,Pending,2.0,3531.6,3531.6,5.0,981.0,22170.6,0,0,1,0,0,0,0,0,Extra Discount,981.0,1,60.0,304,0.8323066392881588,0.0,1.0,-2550.5999999999985,1.13,0.0,1.0,-5.0,1,10.0,11.299999999999999,-1.299999999999999,1.4342105263157894,0.0,1.0341488277268094,0.9510703363914373,2026,3,29,6,1,2026,4,28,0.9966,99.66,1,Revenue Leakage Detected,HIGH,0.0
TEST000780,CUST00210,Fowler-Clark,Government,IT,East,USA,East Justin,kendra14@moore.com,+1-588-413-8585x424,2022-03-15,Suspended,Net 45,805164.0,Priya Nair,CON00188,Security,Endpoint Security,15.0,1722.0,21840.0,5.0,18.0,Monthly,24.0,Gold,7.0,2026.0,1456.0,1456.0,1493.0,1274.0,21840.0,2026-04-02,2026-05-02,EUR,Generated,Overdue,1.0,3931.2,3931.2,5.0,1092.0,24679.2,0,0,0,0,0,0,0,0,,0.0,0,45.0,1613,4.41615331964408,0.0,1.0,-2839.2000000000007,1.1300000000000001,0.0,1.0,0.0,0,15.0,16.95,-1.9499999999999993,0.8455284552845529,0.0,1.0254120879120878,0.875,2026,4,2,3,2,2026,5,2,0.0765,7.65,0,No Revenue Leakage,LOW,0.0
TEST000781,CUST00203,Chapman Group,Enterprise,Logistics,East,UK,Ortizland,sanchezamy@fuller.com,(705)302-0994,2022-01-05,Inactive,Net 15,660411.0,Arjun Kumar,CON00026,Voice,Voice Premium,5.0,1409.0,3975.0,15.0,18.0,Monthly,36.0,Bronze,8.0,2026.0,795.0,795.0,842.0,704.0,3975.0,2025-11-13,2025-12-13,INR,Paid,Pending,2.0,715.5,479.2058920123602,15.0,596.25,3857.96,1,0,0,0,0,0,0,0,Missing GST,236.29,1,15.0,1682,4.605065023956194,0.0,1.0,117.03999999999996,0.9705559748427673,236.2941079876398,0.6697496743708738,0.0,0,5.0,4.852779874213836,0.1472201257861636,0.5642299503193754,0.0,1.059119496855346,0.8855345911949686,2025,11,13,3,4,2025,12,13,0.9971,99.71,1,Revenue Leakage Detected,HIGH,117.03999999999996
TEST000782,CUST00435,Decker LLC,Government,Manufacturing,East,Australia,Ronaldtown,joshua31@costa-johnston.biz,261-936-8474x8836,2024-12-11,Active,Net 30,693340.0,Priya Nair,CON00055,SaaS,ERP,25.0,2505.0,22300.0,0.0,18.0,Quarterly,24.0,Silver,2.0,2026.0,892.0,892.0,1168.0,704.0,22300.0,2025-09-27,2025-10-27,INR,Sent,Paid,3.0,4014.0,4014.0,0.0,0.0,16164.75,0,0,0,0,0,0,1,0,Contract Violation,10149.25,1,30.0,611,1.672826830937714,0.0,1.0,6135.25,0.7248766816143498,0.0,1.0,0.0,0,25.0,18.121917040358746,6.8780829596412545,0.35608782435129743,0.0,1.3094170403587444,0.7892376681614349,2025,9,27,5,3,2025,10,27,0.9999,99.99,1,Revenue Leakage Detected,HIGH,6135.25
TEST000783,CUST00309,"Johnson, Robinson and Harris",SMB,Manufacturing,East,Singapore,South Jeffery,koneal@walls.com,+1-212-914-7853,2025-12-14,Suspended,Net 45,470182.0,Priya Nair,CON00149,Security,Firewall,15.0,2924.0,9315.0,0.0,18.0,Quarterly,36.0,Silver,10.0,2026.0,621.0,621.0,666.0,593.0,9315.0,2025-09-19,2025-10-19,EUR,Generated,Pending,1.0,1676.7,1676.7,0.0,0.0,10991.7,0,0,0,0,0,0,0,0,,0.0,0,45.0,243,0.6652977412731006,0.0,1.0,-1676.7000000000007,1.1800000000000002,0.0,1.0,0.0,0,15.0,17.700000000000003,-2.700000000000003,0.21238030095759233,0.0,1.0724637681159421,0.9549114331723028,2025,9,19,4,3,2025,10,19,0.1914,19.14,0,No Revenue Leakage,LOW,0.0
TEST000784,CUST00422,"Johnson, Barber and James",Government,Finance,East,UK,North Susanbury,hryan@yates.net,754.339.4353x537,2023-08-24,Suspended,Net 15,874255.0,Sneha Patel,CON00079,Voice,Voice Premium,5.0,1855.0,10050.0,10.0,18.0,Monthly,24.0,Bronze,5.0,2026.0,2010.0,2010.0,2167.0,1976.0,10050.0,2025-12-13,2026-01-12,USD,Paid,Overdue,1.0,1809.0,1809.0,10.0,1005.0,10854.0,0,0,0,0,0,0,0,0,,0.0,0,15.0,1086,2.973305954825462,0.0,1.0,-804.0,1.08,0.0,1.0,0.0,0,5.0,5.4,-0.40000000000000036,1.0835579514824798,0.0,1.0781094527363184,0.9830845771144279,2025,12,13,5,4,2026,1,12,0.1026,10.26,0,No Revenue Leakage,LOW,0.0
TEST000785,CUST00086,"Morris, Campbell and Owens",Enterprise,Healthcare,East,Australia,Kylestad,zowens@harrison.com,560-793-2048x99642,2023-07-21,Suspended,Net 45,581089.0,Arjun Kumar,CON00134,Cloud,Basic Cloud,20.0,2212.0,56320.0,15.0,18.0,Yearly,36.0,Gold,12.0,2026.0,2816.0,2816.0,3020.0,2747.0,56320.0,2026-02-13,2026-03-15,USD,Sent,Pending,1.0,10137.6,10137.6,15.0,8448.0,58009.6,0,0,0,0,0,0,0,0,,0.0,0,45.0,1120,3.0663928815879533,0.0,1.0,-1689.5999999999985,1.03,0.0,1.0,0.0,0,20.0,20.599999999999998,-0.5999999999999979,1.2730560578661845,0.0,1.0724431818181819,0.9754971590909091,2026,2,13,4,1,2026,3,15,0.0829,8.29,0,No Revenue Leakage,LOW,0.0
TEST000786,CUST00009,White-Ford,Government,Telecom,North,UK,South Lindseyside,williamsyvette@novak.com,(977)436-0260x64746,2023-03-18,Inactive,Net 15,510337.0,Arjun Kumar,CON00124,Security,Endpoint Security,15.0,1382.0,26745.0,0.0,18.0,Monthly,24.0,Platinum,4.0,2026.0,1783.0,1783.0,2013.0,1658.0,26745.0,2025-09-19,2025-10-19,USD,Generated,Pending,2.0,4814.1,4814.1,0.0,0.0,31559.1,0,0,0,0,0,0,0,0,,0.0,0,15.0,1245,3.4086242299794662,0.0,1.0,-4814.0999999999985,1.18,0.0,1.0,0.0,0,15.0,17.7,-2.6999999999999993,1.2901591895803184,0.0,1.1289960740325296,0.9298934380257993,2025,9,19,4,3,2025,10,19,0.0355,3.55,0,No Revenue Leakage,LOW,0.0
TEST000787,CUST00033,"Anderson, Roberts and Gilmore",Enterprise,Logistics,South,Australia,Martinezbury,lancesmith@davis-gay.com,412.874.8467x737,2023-03-21,Inactive,Net 30,663333.0,John Thomas,CON00179,Cloud,Enterprise Cloud,20.0,518.0,28600.0,10.0,18.0,Quarterly,12.0,Platinum,5.0,2026.0,1430.0,1430.0,1691.0,1421.0,28600.0,2026-07-14,2026-08-13,USD,Sent,Overdue,2.0,5148.0,5148.0,10.0,2860.0,30888.0,0,0,0,0,0,0,0,0,,0.0,0,30.0,1242,3.40041067761807,0.0,1.0,-2288.0,1.08,0.0,1.0,0.0,0,20.0,21.6,-1.6000000000000014,2.7606177606177607,0.0,1.1825174825174825,0.9937062937062937,2026,7,14,1,3,2026,8,13,0.0898,8.98,0,No Revenue Leakage,LOW,0.0
TEST000788,CUST00455,Green-Walters,Enterprise,Telecom,West,India,Shawfort,megan51@pollard.biz,+1-612-205-9438x97607,2022-08-18,Inactive,Net 15,896143.0,Rahul Sharma,CON00182,SaaS,CRM,25.0,1355.0,48325.0,5.0,18.0,Monthly,36.0,Gold,11.0,2026.0,1933.0,1933.0,2105.0,1792.0,48325.0,2026-06-30,2026-07-30,INR,Paid,Pending,2.0,8698.5,8698.5,5.0,2416.25,54607.25,0,0,0,0,0,0,0,0,,0.0,0,15.0,1457,3.9890485968514717,0.0,1.0,-6282.25,1.13,0.0,1.0,0.0,0,25.0,28.25,-3.25,1.4265682656826568,0.0,1.0889808587687533,0.9270563890325918,2026,6,30,1,2,2026,7,30,0.1037,10.37,0,No Revenue Leakage,LOW,0.0
TEST000789,CUST00241,Gould LLC,Retail,Logistics,South,Australia,North Tara,deborah47@montes-webster.org,+1-529-975-1702x81406,2024-08-20,Inactive,Net 45,178232.0,Rahul Sharma,CON00135,Voice,Voice Premium,5.0,2326.0,11855.0,15.0,18.0,Quarterly,24.0,Platinum,7.0,2026.0,2371.0,2371.0,2634.0,2314.0,11855.0,2026-05-18,2026-06-17,INR,Generated,Paid,2.0,2133.9,2133.9,15.0,1778.25,12210.65,0,0,0,0,0,0,0,0,,0.0,0,45.0,724,1.9822039698836413,0.0,1.0,-355.64999999999964,1.03,0.0,1.0,0.0,0,5.0,5.1499999999999995,-0.14999999999999947,1.0193465176268273,0.0,1.1109236609025728,0.9759595107549557,2026,5,18,0,2,2026,6,17,0.029,2.9,0,No Revenue Leakage,LOW,0.0
TEST000790,CUST00279,Henderson LLC,Government,Finance,South,Australia,West Patriciachester,nwilson@reed.com,001-637-857-3839x5972,2025-02-21,Suspended,Net 15,962935.0,Sneha Patel,CON00196,Voice,Voice Premium,5.0,1397.0,3970.0,5.0,18.0,Monthly,36.0,Bronze,1.0,2026.0,794.0,713.0,1041.0,731.0,3970.0,2025-09-06,2025-10-06,INR,Generated,Pending,1.0,714.6,714.6,5.0,198.5,4081.1,0,1,0,0,0,0,0,0,Usage Mismatch,405.0,1,15.0,539,1.4757015742642026,81.0,0.8979848866498741,-111.09999999999991,1.027984886649874,0.0,1.0,0.0,0,5.0,5.723842917251051,-0.7238429172510514,0.5683607730851825,0.0,1.3110831234256928,0.9206549118387909,2025,9,6,5,3,2025,10,6,0.9986,99.86,1,Revenue Leakage Detected,HIGH,0.0
TEST000791,CUST00364,"Simmons, Acosta and Thomas",Enterprise,Finance,South,USA,Wandaburgh,fgomez@olson-dudley.org,+1-552-836-6878x8788,2022-04-22,Active,Net 60,439878.0,Priya Nair,CON00172,Cloud,Basic Cloud,20.0,2200.0,39680.0,10.0,18.0,Monthly,36.0,Platinum,12.0,2026.0,1984.0,1984.0,2028.0,1848.0,39680.0,2026-01-04,2026-02-03,USD,Generated,Overdue,1.0,7142.4,7142.4,10.0,3968.0,42854.4,0,0,0,0,0,0,0,0,,0.0,0,60.0,1575,4.312114989733059,0.0,1.0,-3174.4000000000015,1.08,0.0,1.0,0.0,0,20.0,21.6,-1.6000000000000014,0.9018181818181819,0.0,1.0221774193548387,0.9314516129032258,2026,1,4,6,1,2026,2,3,0.0788,7.88,0,No Revenue Leakage,LOW,0.0
TEST000792,CUST00296,"Hawkins, Ramirez and Reynolds",Enterprise,Logistics,West,Australia,Nicolemouth,tiffany74@bates.com,279.250.2097,2023-01-27,Inactive,Net 15,960830.0,Priya Nair,CON00114,Voice,Voice Premium,5.0,1506.0,14575.0,10.0,18.0,Quarterly,12.0,Gold,11.0,2026.0,2915.0,2915.0,3193.0,2832.0,14575.0,2025-11-18,2025-12-18,USD,Paid,Pending,1.0,2623.5,2623.5,10.0,1457.5,15741.0,0,0,0,0,0,0,0,0,,0.0,0,15.0,1295,3.5455167693360714,0.0,1.0,-1166.0,1.08,0.0,1.0,0.0,0,5.0,5.4,-0.40000000000000036,1.9355909694555113,0.0,1.095368782161235,0.9715265866209263,2025,11,18,1,4,2025,12,18,0.0394,3.94,0,No Revenue Leakage,LOW,0.0
TEST000793,CUST00187,"Miles, Scott and Diaz",Retail,Manufacturing,North,India,North Sarahborough,fhebert@owen-brown.net,001-365-309-4801x4138,2023-07-24,Inactive,Net 15,188155.0,John Thomas,CON00065,Security,Firewall,15.0,1647.0,9795.0,10.0,18.0,Quarterly,36.0,Platinum,10.0,2026.0,653.0,653.0,656.0,642.0,9795.0,2026-04-05,2026-05-05,EUR,Sent,Paid,3.0,1763.1,1763.1,10.0,979.5,10578.6,0,0,0,0,0,0,0,1,Late Billing,3302.0,1,15.0,1117,3.058179329226557,0.0,1.0,-783.6000000000004,1.08,0.0,1.0,0.0,0,15.0,16.2,-1.1999999999999993,0.39647844565877355,0.0,1.004594180704441,0.9831546707503829,2026,4,5,6,2,2026,5,5,0.0763,7.63,0,No Revenue Leakage,LOW,0.0
TEST000794,CUST00144,Carr-Huffman,Enterprise,Logistics,South,Singapore,South Samantha,clayscott@green.com,001-989-793-5889x163,2024-11-13,Inactive,Net 15,55287.0,Priya Nair,CON00024,SaaS,CRM,25.0,756.0,37000.0,15.0,18.0,Yearly,12.0,Silver,11.0,2026.0,1480.0,1480.0,1758.0,1424.0,37000.0,2025-12-04,2026-01-03,USD,Paid,Overdue,3.0,6660.0,6660.0,15.0,5550.0,36443.27,0,0,0,0,0,0,1,0,Contract Violation,1666.73,1,15.0,639,1.7494866529774127,0.0,1.0,556.7300000000032,0.9849532432432432,0.0,1.0,0.0,0,25.0,24.62383108108108,0.37616891891892124,1.9576719576719577,0.0,1.1878378378378378,0.9621621621621622,2025,12,4,3,4,2026,1,3,0.9987,99.87,1,Revenue Leakage Detected,HIGH,556.7300000000032
TEST000795,CUST00222,Nelson-Lang,Government,Finance,North,Australia,Destinyfurt,vmejia@navarro.com,752.558.0010x61817,2024-01-03,Active,Net 45,803019.0,John Thomas,CON00010,Voice,Voice Basic,5.0,1476.0,12505.0,15.0,18.0,Monthly,12.0,Silver,12.0,2026.0,2501.0,2501.0,2656.0,2332.0,12505.0,2026-04-17,2026-05-17,INR,Generated,Overdue,3.0,2250.9,2250.9,15.0,1875.75,12880.15,0,0,0,0,0,0,0,1,Late Billing,4267.0,1,45.0,954,2.6119096509240247,0.0,1.0,-375.14999999999964,1.03,0.0,1.0,0.0,0,5.0,5.1499999999999995,-0.14999999999999947,1.6944444444444444,0.0,1.0619752099160336,0.9324270291883247,2026,4,17,4,2,2026,5,17,0.0547,5.47,0,No Revenue Leakage,LOW,0.0
TEST000796,CUST00250,"Hines, Rice and Baldwin",Government,Logistics,East,Australia,Georgeside,beltrancorey@knapp.info,(892)371-2566x383,2024-04-08,Active,Net 45,335555.0,Priya Nair,CON00172,Cloud,Basic Cloud,20.0,2200.0,22120.0,10.0,18.0,Monthly,36.0,Platinum,12.0,2026.0,1106.0,1106.0,1377.0,950.0,22120.0,2025-09-23,2025-10-23,EUR,Generated,Paid,3.0,3981.6,3981.6,10.0,2212.0,23889.6,0,0,0,0,0,0,0,0,,0.0,0,45.0,858,2.349075975359343,0.0,1.0,-1769.5999999999985,1.0799999999999998,0.0,1.0,0.0,0,20.0,21.599999999999998,-1.5999999999999979,0.5027272727272727,0.0,1.2450271247739602,0.8589511754068716,2025,9,23,1,3,2025,10,23,0.1131,11.31,0,No Revenue Leakage,LOW,0.0
TEST000797,CUST00437,King-Collins,Enterprise,IT,East,India,Maryton,hannah96@adams.net,387.853.5778x8116,2022-09-05,Active,Net 60,571121.0,Priya Nair,CON00144,SaaS,HRMS,25.0,582.0,65075.0,0.0,18.0,Quarterly,12.0,Platinum,3.0,2026.0,2603.0,2603.0,2655.0,2485.0,65075.0,2025-12-22,2026-01-21,INR,Paid,Paid,1.0,11713.5,11713.5,0.0,0.0,76788.5,0,0,0,0,0,0,0,0,,0.0,0,60.0,1439,3.9397672826830936,0.0,1.0,-11713.5,1.18,0.0,1.0,0.0,0,25.0,29.5,-4.5,4.472508591065292,0.0,1.0199769496734536,0.9546676911256243,2025,12,22,0,4,2026,1,21,0.1189,11.89,0,No Revenue Leakage,LOW,0.0
TEST000798,CUST00172,"Smith, Vincent and Rubio",SMB,Manufacturing,West,India,Watsonmouth,kvillanueva@henry-joyce.net,763-892-0867x808,2023-01-31,Active,Net 15,144270.0,John Thomas,CON00079,Voice,Voice Premium,5.0,1855.0,7440.0,10.0,18.0,Monthly,24.0,Bronze,1.0,2026.0,1488.0,1488.0,1731.0,1301.0,7440.0,2026-02-09,2026-03-11,INR,Paid,Paid,3.0,1339.2,1339.2,10.0,744.0,8035.2,0,0,0,0,0,0,0,0,,0.0,0,15.0,1291,3.5345653661875427,0.0,1.0,-595.1999999999998,1.08,0.0,1.0,0.0,0,5.0,5.3999999999999995,-0.39999999999999947,0.8021563342318059,0.0,1.1633064516129032,0.8743279569892473,2026,2,9,0,1,2026,3,11,0.0922,9.22,0,No Revenue Leakage,LOW,0.0
TEST000799,CUST00152,Ramirez-Baker,Enterprise,IT,North,USA,New Meghan,riverajenna@williams.org,5944798515,2026-01-09,Inactive,Net 15,142263.0,John Thomas,CON00131,Internet,Fiber 1000,10.0,860.0,28810.0,0.0,18.0,Quarterly,24.0,Silver,1.0,2026.0,2881.0,2881.0,3030.0,2848.0,28810.0,2026-07-28,2026-08-27,EUR,Paid,Overdue,3.0,5185.8,5185.8,0.0,0.0,33995.8,0,0,0,0,0,0,0,1,Late Billing,4905.0,1,15.0,217,0.5941136208076659,0.0,1.0,-5185.800000000003,1.1800000000000002,0.0,1.0,0.0,0,10.0,11.8,-1.8000000000000007,3.35,0.0,1.0517181534189517,0.988545643873655,2026,7,28,1,3,2026,8,27,0.0442,4.42,0,No Revenue Leakage,LOW,0.0
TEST000800,CUST00171,Davis-Nunez,Government,Telecom,East,UK,Charlesburgh,nedwards@adams.com,333.334.3333x9521,2025-10-14,Inactive,Net 60,379670.0,Arjun Kumar,CON00113,Security,Firewall,15.0,1394.0,34455.0,15.0,18.0,Quarterly,12.0,Platinum,9.0,2026.0,2297.0,2297.0,2398.0,2128.0,34455.0,2026-02-18,2026-03-20,INR,Paid,Pending,2.0,6201.9,6201.9,15.0,5168.25,28957.63,0,0,0,0,1,0,0,0,Missing Charge,6531.02,1,60.0,304,0.8323066392881588,0.0,1.0,5497.369999999999,0.8404478305035554,0.0,1.0,0.0,0,15.0,12.60671745755333,2.39328254244667,1.6477761836441893,0.0,1.043970396168916,0.9264257727470614,2026,2,18,2,1,2026,3,20,0.9989,99.89,1,Revenue Leakage Detected,HIGH,5497.369999999999
TEST000801,CUST00263,"Richardson, Parker and Brewer",Enterprise,Telecom,North,Singapore,Port Joditon,johnnycruz@mullen.com,+1-537-660-6441,2023-05-21,Active,Net 30,780023.0,Priya Nair,CON00108,Cloud,Business Cloud,20.0,2409.0,10580.0,15.0,18.0,Yearly,36.0,Platinum,3.0,2026.0,529.0,529.0,765.0,375.0,10580.0,2025-09-24,2025-10-24,INR,Generated,Overdue,3.0,1904.4,1904.4,15.0,1587.0,10897.4,0,0,0,0,0,0,0,0,,0.0,0,30.0,1181,3.2334017796030117,0.0,1.0,-317.39999999999964,1.03,0.0,1.0,0.0,0,20.0,20.599999999999998,-0.5999999999999979,0.21959319219593193,0.0,1.446124763705104,0.7088846880907372,2025,9,24,2,3,2025,10,24,0.0303,3.03,0,No Revenue Leakage,LOW,0.0
TEST000802,CUST00135,"Rodriguez, Brown and Mcneil",SMB,Telecom,South,USA,Michelleview,jacob83@trujillo.biz,+1-752-507-4466x60993,2026-02-22,Suspended,Net 60,912522.0,Sneha Patel,CON00007,Internet,Fiber 1000,10.0,1498.0,21470.0,0.0,18.0,Monthly,12.0,Bronze,5.0,2026.0,2147.0,2147.0,2401.0,1955.0,21470.0,2026-03-12,2026-04-11,EUR,Sent,Paid,2.0,3864.6,3864.6,0.0,0.0,25334.6,0,0,0,0,0,0,0,0,,0.0,0,60.0,173,0.4736481861738535,0.0,1.0,-3864.5999999999985,1.18,0.0,1.0,0.0,0,10.0,11.799999999999999,-1.799999999999999,1.4332443257676903,0.0,1.1183046110852353,0.9105728924080112,2026,3,12,3,1,2026,4,11,0.0862,8.62,0,No Revenue Leakage,LOW,0.0
TEST000803,CUST00481,"Ramsey, Martinez and Sherman",Government,Manufacturing,North,USA,South Joystad,robert31@ward.info,3068661554,2024-02-26,Inactive,Net 45,715418.0,Sneha Patel,CON00162,SaaS,HRMS,25.0,2635.0,40675.0,15.0,18.0,Yearly,24.0,Bronze,10.0,2026.0,1627.0,1627.0,1698.0,1505.0,40675.0,2026-02-26,2026-03-28,INR,Sent,Paid,2.0,7321.5,7321.5,15.0,6101.25,41895.25,0,0,0,0,0,0,0,0,,0.0,0,45.0,900,2.4640657084188913,0.0,1.0,-1220.25,1.03,0.0,1.0,0.0,0,25.0,25.75,-0.75,0.6174573055028463,0.0,1.043638598647818,0.9250153657037492,2026,2,26,3,1,2026,3,28,0.0845,8.45,0,No Revenue Leakage,LOW,0.0
TEST000804,CUST00266,Long Group,SMB,Logistics,South,USA,North Stacy,rebeccamccann@green.com,(896)994-2152x9108,2025-10-19,Suspended,Net 60,374912.0,John Thomas,CON00067,Security,SOC,15.0,2052.0,25620.0,10.0,18.0,Quarterly,12.0,Platinum,9.0,2026.0,1708.0,1708.0,1733.0,1629.0,25620.0,2025-11-12,2025-12-12,INR,Generated,Overdue,3.0,4611.6,4611.6,10.0,2562.0,27669.6,0,0,0,0,0,0,0,0,,0.0,0,60.0,299,0.8186173853524983,0.0,1.0,-2049.5999999999985,1.0799999999999998,0.0,1.0,0.0,0,15.0,16.2,-1.1999999999999993,0.8323586744639376,0.0,1.0146370023419204,0.9537470725995316,2025,11,12,2,4,2025,12,12,0.1111,11.11,0,No Revenue Leakage,LOW,0.0
TEST000805,CUST00218,"Simon, Terrell and Terrell",Retail,Telecom,East,India,Stevenland,sanchezcrystal@horne.org,790-658-0778x7956,2024-01-21,Inactive,Net 30,231144.0,Arjun Kumar,CON00188,Security,Endpoint Security,15.0,1722.0,20190.0,5.0,18.0,Monthly,24.0,Gold,2.0,2026.0,1346.0,1346.0,1562.0,1284.0,20190.0,2026-06-26,2026-07-26,USD,Sent,Overdue,1.0,3634.2,3634.2,5.0,1009.5,22814.7,0,0,0,0,0,0,0,0,,0.0,0,30.0,936,2.5626283367556466,0.0,1.0,-2624.7000000000007,1.1300000000000001,0.0,1.0,0.0,0,15.0,16.95,-1.9499999999999993,0.7816492450638792,0.0,1.160475482912333,0.9539375928677564,2026,6,26,4,2,2026,7,26,0.147,14.7,0,No Revenue Leakage,LOW,0.0
TEST000806,CUST00028,Peterson-Sheppard,SMB,IT,West,India,Shelleyfort,shortrichard@ray.com,(529)841-3186,2025-06-05,Inactive,Net 15,89353.0,Arjun Kumar,CON00037,Internet,Fiber 300,10.0,1598.0,28920.0,0.0,18.0,Monthly,24.0,Gold,5.0,2026.0,2892.0,2892.0,2964.0,2870.0,28920.0,2025-12-26,2026-01-25,EUR,Generated,Pending,3.0,5205.6,5205.6,0.0,0.0,34125.6,0,0,0,0,0,0,0,0,,0.0,0,15.0,435,1.1909650924024642,0.0,1.0,-5205.5999999999985,1.18,0.0,1.0,0.0,0,10.0,11.799999999999999,-1.799999999999999,1.809762202753442,0.0,1.0248962655601659,0.9923928077455049,2025,12,26,4,4,2026,1,25,0.0415,4.15,0,No Revenue Leakage,LOW,0.0
TEST000807,CUST00080,Bond-Ramos,Retail,IT,East,Australia,Lake Brandy,nolansean@chavez.biz,390.287.4064x039,2025-03-14,Suspended,Net 15,904882.0,Rahul Sharma,CON00152,Internet,Fiber 1000,10.0,1445.0,19070.0,10.0,18.0,Quarterly,12.0,Silver,8.0,2026.0,1907.0,1907.0,2001.0,1856.0,19070.0,2026-05-01,2026-05-31,EUR,Paid,Overdue,3.0,3432.6,3432.6,10.0,1907.0,20595.6,0,0,0,0,0,0,0,0,,0.0,0,15.0,518,1.4182067077344285,0.0,1.0,-1525.5999999999985,1.0799999999999998,0.0,1.0,0.0,0,10.0,10.799999999999999,-0.7999999999999989,1.3197231833910035,0.0,1.0492920818038804,0.9732564237021499,2026,5,1,4,2,2026,5,31,0.1122,11.22,0,No Revenue Leakage,LOW,0.0
TEST000808,CUST00354,Hahn-Dawson,Government,Telecom,West,Australia,West Patty,blakewilliams@morris.org,362-247-5541,2026-04-16,Inactive,Net 45,893441.0,Sneha Patel,CON00041,Voice,Voice Basic,5.0,2446.0,13675.0,5.0,18.0,Quarterly,12.0,Gold,11.0,2026.0,2735.0,2735.0,2827.0,2668.0,13675.0,2026-06-21,2026-07-21,EUR,Paid,Overdue,2.0,2461.5,2461.5,5.0,683.75,15452.75,0,0,0,0,0,0,0,1,Late Billing,2202.0,1,45.0,120,0.32854209445585214,0.0,1.0,-1777.75,1.13,0.0,1.0,0.0,0,5.0,5.65,-0.6500000000000004,1.1181520850367948,0.0,1.03363802559415,0.9755027422303474,2026,6,21,6,2,2026,7,21,0.0218,2.18,0,No Revenue Leakage,LOW,0.0
TEST000809,CUST00391,Walsh-Barnett,Enterprise,Finance,West,Australia,New Timothy,ubray@webb.com,(883)531-1703x037,2025-09-29,Inactive,Net 60,771909.0,John Thomas,CON00181,Cloud,Business Cloud,20.0,738.0,25460.0,0.0,18.0,Monthly,12.0,Bronze,6.0,2026.0,1273.0,1273.0,1288.0,1097.0,25460.0,2026-02-02,2026-03-04,EUR,Sent,Pending,3.0,4582.8,4582.8,0.0,0.0,30042.8,0,0,0,0,0,0,0,0,,0.0,0,60.0,319,0.8733744010951403,0.0,1.0,-4582.799999999999,1.18,0.0,1.0,0.0,0,20.0,23.599999999999998,-3.599999999999998,1.7249322493224932,0.0,1.011783189316575,0.8617439120188531,2026,2,2,0,1,2026,3,4,0.0381,3.81,0,No Revenue Leakage,LOW,0.0
TEST000810,CUST00493,"Baker, Osborn and Mckenzie",Enterprise,IT,South,Australia,Castroshire,qobrien@williams-rodriguez.com,001-211-735-9966,2025-05-04,Inactive,Net 60,561603.0,Arjun Kumar,CON00164,SaaS,CRM,25.0,2532.0,47150.0,5.0,18.0,Monthly,12.0,Silver,12.0,2026.0,1886.0,1886.0,2098.0,1843.0,47150.0,2026-07-31,2026-08-30,EUR,Paid,Pending,1.0,8487.0,8487.0,5.0,2357.5,53279.5,0,0,0,0,0,0,0,0,,0.0,0,60.0,467,1.2785763175906912,0.0,1.0,-6129.5,1.13,0.0,1.0,0.0,0,25.0,28.25,-3.25,0.7448657187993681,0.0,1.112407211028632,0.9772004241781548,2026,7,31,4,3,2026,8,30,0.1032,10.32,0,No Revenue Leakage,LOW,0.0
TEST000811,CUST00458,"Palmer, Dickerson and Sanchez",Enterprise,Manufacturing,South,India,West Ashleyborough,shill@hill.com,+1-662-944-0630x624,2024-04-20,Suspended,Net 45,529926.0,Sneha Patel,CON00156,Voice,Voice Premium,5.0,993.0,2795.0,5.0,18.0,Monthly,36.0,Bronze,8.0,2026.0,559.0,559.0,849.0,508.0,2795.0,2026-03-24,2026-04-23,EUR,Generated,Overdue,1.0,503.1,503.1,15.0,419.25,2878.85,0,0,1,0,0,0,0,0,Extra Discount,279.5,1,45.0,846,2.316221765913758,0.0,1.0,-83.84999999999991,1.03,0.0,1.0,-10.0,1,5.0,5.1499999999999995,-0.14999999999999947,0.5629405840886204,0.0,1.518783542039356,0.9087656529516994,2026,3,24,1,1,2026,4,23,0.9872,98.72,1,Revenue Leakage Detected,HIGH,0.0
TEST000812,CUST00488,Chavez-Tran,SMB,Telecom,West,USA,Port Teresaburgh,gwilkins@thomas.com,001-503-458-9298x80858,2024-10-12,Suspended,Net 45,653291.0,Arjun Kumar,CON00027,Internet,Fiber 100,10.0,2630.0,16700.0,10.0,18.0,Quarterly,12.0,Platinum,4.0,2026.0,1670.0,1670.0,1774.0,1661.0,16700.0,2025-12-21,2026-01-20,INR,Paid,Pending,1.0,3006.0,3006.0,10.0,1670.0,18036.0,0,0,0,0,0,0,0,0,,0.0,0,45.0,671,1.83709787816564,0.0,1.0,-1336.0,1.08,0.0,1.0,0.0,0,10.0,10.8,-0.8000000000000007,0.6349809885931559,0.0,1.0622754491017965,0.9946107784431137,2025,12,21,6,4,2026,1,20,0.0505,5.05,0,No Revenue Leakage,LOW,0.0
TEST000813,CUST00115,Moreno and Sons,Government,Education,West,Singapore,Vasquezton,jenniferdavis@merritt.biz,001-257-819-1826x199,2022-09-16,Inactive,Net 30,813185.0,Priya Nair,CON00090,Voice,Voice Basic,5.0,773.0,12650.0,0.0,18.0,Monthly,12.0,Platinum,5.0,2026.0,2530.0,2530.0,2577.0,2499.0,12650.0,2025-09-10,2025-10-10,EUR,Generated,Overdue,2.0,2277.0,2277.0,0.0,0.0,14927.0,0,0,0,0,0,0,0,0,,0.0,0,30.0,1428,3.909650924024641,0.0,1.0,-2277.0,1.18,0.0,1.0,0.0,0,5.0,5.9,-0.9000000000000004,3.272962483829237,0.0,1.0185770750988141,0.9877470355731225,2025,9,10,2,3,2025,10,10,0.0319,3.19,0,No Revenue Leakage,LOW,0.0
TEST000814,CUST00084,"Hobbs, Buck and Garrett",Enterprise,Healthcare,West,India,Peterston,shelly68@horton-russell.com,(428)873-3427x0866,2023-08-30,Suspended,Net 15,811315.0,Sneha Patel,CON00071,Security,Firewall,15.0,658.0,10920.0,0.0,18.0,Quarterly,36.0,Silver,4.0,2026.0,728.0,534.0,879.0,647.0,10920.0,2025-09-04,2025-10-04,EUR,Sent,Paid,1.0,1965.6,1965.6,0.0,0.0,9975.6,0,1,0,0,0,0,0,0,Usage Mismatch,2910.0,1,15.0,1080,2.9568788501026693,194.0,0.7335164835164835,944.3999999999996,0.9135164835164835,0.0,1.0,0.0,0,15.0,18.680898876404495,-3.6808988764044948,1.1063829787234043,0.0,1.2074175824175823,0.8887362637362637,2025,9,4,3,3,2025,10,4,0.9999,99.99,1,Revenue Leakage Detected,HIGH,944.3999999999996
TEST000815,CUST00462,Smith-Gallegos,SMB,IT,West,Australia,Douglasville,acarpenter@jenkins-fields.org,229.798.1996,2023-09-21,Suspended,Net 45,805111.0,Arjun Kumar,CON00001,SaaS,ERP,25.0,1320.0,70850.0,10.0,18.0,Yearly,12.0,Gold,1.0,2026.0,2834.0,2834.0,3066.0,2676.0,70850.0,2026-06-07,2026-07-07,EUR,Paid,Pending,2.0,12753.0,12753.0,10.0,7085.0,68900.36,0,0,0,0,1,0,0,0,Missing Charge,7617.64,1,45.0,1058,2.8966461327857633,0.0,1.0,1949.6399999999994,0.9724821453775583,0.0,1.0,0.0,0,25.0,24.312053634438957,0.6879463655610429,2.146969696969697,0.0,1.081863091037403,0.9442484121383204,2026,6,7,6,2,2026,7,7,0.9996,99.96,1,Revenue Leakage Detected,HIGH,1949.6399999999994
TEST000816,CUST00386,Gonzalez-Gomez,Enterprise,Healthcare,North,Singapore,South Garyton,brenda49@clements.com,(756)425-3135,2024-04-08,Suspended,Net 60,813711.0,Priya Nair,CON00151,Security,Endpoint Security,15.0,2540.0,13950.0,5.0,18.0,Monthly,36.0,Gold,8.0,2026.0,930.0,930.0,1047.0,734.0,13950.0,2025-09-12,2025-10-12,USD,Generated,Overdue,3.0,2511.0,2511.0,5.0,697.5,15763.5,0,0,0,0,0,0,0,0,,0.0,0,60.0,858,2.349075975359343,0.0,1.0,-1813.5,1.13,0.0,1.0,0.0,0,15.0,16.95,-1.9499999999999993,0.3661417322834646,0.0,1.1258064516129032,0.789247311827957,2025,9,12,4,3,2025,10,12,0.0404,4.04,0,No Revenue Leakage,LOW,0.0
TEST000817,CUST00177,"Adams, Newman and Nelson",SMB,IT,South,UK,Normanstad,lgutierrez@martinez.com,001-313-326-1117x8006,2023-10-30,Suspended,Net 30,996369.0,Arjun Kumar,CON00072,Internet,Fiber 100,10.0,2552.0,28930.0,15.0,18.0,Monthly,24.0,Gold,3.0,2026.0,2893.0,2893.0,2946.0,2844.0,28930.0,2026-06-18,2026-07-18,INR,Generated,Pending,3.0,5207.4,5207.4,15.0,4339.5,29797.9,0,0,0,0,0,0,0,0,,0.0,0,30.0,1019,2.7898699520876113,0.0,1.0,-867.9000000000015,1.03,0.0,1.0,0.0,0,10.0,10.3,-0.3000000000000007,1.1336206896551724,0.0,1.0183200829588663,0.9830625648116142,2026,6,18,3,2,2026,7,18,0.0236,2.36,0,No Revenue Leakage,LOW,0.0
TEST000818,CUST00475,Brown LLC,Government,Education,North,India,Amandamouth,daniel21@rowland-oconnor.com,(794)693-8173,2026-05-01,Suspended,Net 60,816535.0,Sneha Patel,CON00114,Voice,Voice Premium,5.0,1506.0,9190.0,10.0,18.0,Quarterly,12.0,Gold,11.0,2026.0,1838.0,1696.0,2032.0,1683.0,9190.0,2026-02-17,2026-03-19,INR,Sent,Pending,2.0,1654.2,1654.2,10.0,919.0,9215.2,0,1,0,0,0,0,0,0,Usage Mismatch,710.0,1,60.0,105,0.2874743326488706,142.0,0.9227421109902068,-25.200000000000728,1.0027421109902068,0.0,1.0,0.0,0,5.0,5.433490566037737,-0.4334905660377366,1.2204515272244356,0.0,1.1055495103373232,0.9156692056583242,2026,2,17,1,1,2026,3,19,0.9997,99.97,1,Revenue Leakage Detected,HIGH,0.0
TEST000819,CUST00042,Gilbert-Crosby,SMB,Telecom,South,UK,Antoniostad,scottsampson@garcia-jennings.net,+1-750-564-3171x3900,2022-09-01,Inactive,Net 15,787378.0,Rahul Sharma,CON00006,Cloud,Enterprise Cloud,20.0,2651.0,50760.0,5.0,18.0,Monthly,24.0,Platinum,1.0,2026.0,2538.0,2538.0,2551.0,2469.0,50760.0,2026-06-07,2026-07-07,USD,Generated,Pending,3.0,9136.8,9136.8,5.0,2538.0,57358.8,0,0,0,0,0,0,0,0,,0.0,0,15.0,1443,3.9507186858316223,0.0,1.0,-6598.800000000003,1.1300000000000001,0.0,1.0,0.0,0,20.0,22.6,-2.6000000000000014,0.957374575631837,0.0,1.0051221434200157,0.9728132387706856,2026,6,7,6,2,2026,7,7,0.0239,2.39,0,No Revenue Leakage,LOW,0.0
TEST000820,CUST00262,Greene LLC,SMB,IT,West,UK,Marisafurt,selenarobinson@thompson.info,(449)707-8515x86734,2025-08-21,Inactive,Net 45,882599.0,Rahul Sharma,CON00036,Security,Firewall,15.0,1994.0,27900.0,15.0,18.0,Quarterly,36.0,Platinum,12.0,2026.0,1860.0,1860.0,2015.0,1748.0,27900.0,2025-12-08,2026-01-07,USD,Paid,Overdue,3.0,5022.0,5022.0,15.0,4185.0,28737.0,0,0,0,0,0,0,0,1,Late Billing,2919.0,1,45.0,358,0.9801505817932923,0.0,1.0,-837.0,1.03,0.0,1.0,0.0,0,15.0,15.45,-0.4499999999999993,0.9327983951855566,0.0,1.0833333333333333,0.9397849462365592,2025,12,8,0,4,2026,1,7,0.0395,3.95,0,No Revenue Leakage,LOW,0.0
TEST000821,CUST00126,Dunlap-Martin,Enterprise,Healthcare,North,USA,Mooreville,jamie36@spencer.com,331-606-9872x0506,2025-09-06,Active,Net 45,972744.0,John Thomas,CON00042,Voice,Voice Basic,5.0,2724.0,7070.0,5.0,18.0,Yearly,36.0,Bronze,11.0,2026.0,1414.0,1414.0,1442.0,1321.0,7070.0,2025-11-20,2025-12-20,USD,Paid,Pending,3.0,1272.6,1272.6,5.0,353.5,6483.45,0,0,0,1,0,0,0,0,Wrong Pricing,1505.65,1,45.0,342,0.9363449691991786,0.0,1.0,586.5500000000002,0.9170367751060821,0.0,1.0,0.0,0,5.0,4.58518387553041,0.41481612446959026,0.5190895741556535,0.0,1.0198019801980198,0.9342291371994342,2025,11,20,3,4,2025,12,20,0.9996,99.96,1,Revenue Leakage Detected,HIGH,586.5500000000002
TEST000822,CUST00044,Williams-Harmon,Enterprise,Telecom,North,Singapore,Lake Brycemouth,william17@walker.net,470-307-6617x7115,2022-09-02,Active,Net 30,927844.0,Arjun Kumar,CON00062,Security,Firewall,15.0,806.0,44460.0,0.0,18.0,Yearly,36.0,Platinum,10.0,2026.0,2964.0,2964.0,3236.0,2818.0,44460.0,2026-05-28,2026-06-27,USD,Sent,Overdue,2.0,8002.8,8002.8,0.0,0.0,52462.8,0,0,0,0,0,0,0,0,,0.0,0,30.0,1442,3.9479808350444903,0.0,1.0,-8002.800000000003,1.1800000000000002,0.0,1.0,0.0,0,15.0,17.7,-2.6999999999999993,3.6774193548387095,0.0,1.0917678812415654,0.9507422402159245,2026,5,28,3,2,2026,6,27,0.0379,3.79,0,No Revenue Leakage,LOW,0.0
TEST000823,CUST00019,Solis Ltd,Enterprise,Finance,East,UK,Stephaniemouth,jrivas@merritt-manning.info,643.748.7347x143,2024-04-25,Active,Net 45,268126.0,Priya Nair,CON00155,SaaS,ERP,25.0,2493.0,20650.0,5.0,18.0,Monthly,36.0,Gold,1.0,2026.0,826.0,826.0,997.0,681.0,20650.0,2026-04-23,2026-05-23,USD,Sent,Pending,2.0,3717.0,3717.0,5.0,1032.5,23334.5,0,0,0,0,0,0,0,0,,0.0,0,45.0,841,2.302532511978097,0.0,1.0,-2684.5,1.13,0.0,1.0,0.0,0,25.0,28.25,-3.25,0.33132771760930607,0.0,1.2070217917675545,0.8244552058111381,2026,4,23,3,2,2026,5,23,0.1237,12.37,0,No Revenue Leakage,LOW,0.0
TEST000824,CUST00273,Thompson-Hanna,Government,Healthcare,West,USA,Davisborough,paulpowell@goodwin.info,(849)325-1583x77674,2025-03-10,Inactive,Net 30,852514.0,Sneha Patel,CON00047,Voice,Voice Basic,5.0,1412.0,5170.0,0.0,18.0,Quarterly,12.0,Platinum,3.0,2026.0,1034.0,1034.0,1068.0,1027.0,5170.0,2025-11-04,2025-12-04,INR,Paid,Overdue,2.0,930.6,930.6,0.0,0.0,6100.6,0,0,0,0,0,0,0,0,,0.0,0,30.0,522,1.429158110882957,0.0,1.0,-930.6000000000004,1.1800000000000002,0.0,1.0,0.0,0,5.0,5.9,-0.9000000000000004,0.7322946175637394,0.0,1.0328820116054158,0.9932301740812379,2025,11,4,1,4,2025,12,4,0.0333,3.33,0,No Revenue Leakage,LOW,0.0
TEST000825,CUST00186,Lee-Vega,Retail,Healthcare,South,USA,New Justin,hdavidson@mills.com,(820)931-7310,2026-01-25,Suspended,Net 45,257990.0,Arjun Kumar,CON00106,Security,Endpoint Security,15.0,2488.0,39225.0,0.0,18.0,Yearly,12.0,Silver,5.0,2026.0,2615.0,2615.0,2714.0,2464.0,39225.0,2025-10-13,2025-11-12,USD,Paid,Paid,2.0,7060.5,7060.5,0.0,0.0,46285.5,0,0,0,0,0,0,0,0,,0.0,0,45.0,201,0.5503080082135524,0.0,1.0,-7060.5,1.18,0.0,1.0,0.0,0,15.0,17.7,-2.6999999999999993,1.0510450160771705,0.0,1.0378585086042065,0.9422562141491396,2025,10,13,0,4,2025,11,12,0.0189,1.89,0,No Revenue Leakage,LOW,0.0
TEST000826,CUST00186,Lee-Vega,Retail,Healthcare,South,USA,New Justin,hdavidson@mills.com,(820)931-7310,2026-01-25,Suspended,Net 45,257990.0,Arjun Kumar,CON00045,SaaS,HRMS,25.0,1624.0,38275.0,0.0,18.0,Yearly,12.0,Bronze,4.0,2026.0,1531.0,1531.0,1590.0,1495.0,38275.0,2025-12-13,2026-01-12,EUR,Generated,Paid,1.0,6889.5,6889.5,0.0,0.0,45164.5,0,0,0,0,0,0,0,0,,0.0,0,45.0,201,0.5503080082135524,0.0,1.0,-6889.5,1.18,0.0,1.0,0.0,0,25.0,29.5,-4.5,0.9427339901477833,0.0,1.038536903984324,0.976485956890921,2025,12,13,5,4,2026,1,12,0.1233,12.33,0,No Revenue Leakage,LOW,0.0
TEST000827,CUST00027,Hardy-Bray,Enterprise,Education,North,India,Tinaborough,jeremy24@erickson.com,6089427109,2025-09-01,Suspended,Net 30,964091.0,John Thomas,CON00096,Voice,Voice Basic,5.0,2538.0,2710.0,10.0,18.0,Quarterly,36.0,Platinum,10.0,2026.0,542.0,542.0,747.0,492.0,2710.0,2026-01-24,2026-02-23,EUR,Sent,Overdue,2.0,487.8,487.8,10.0,271.0,2926.8,0,0,0,0,0,0,0,0,,0.0,0,30.0,347,0.9500342231348392,0.0,1.0,-216.80000000000018,1.08,0.0,1.0,0.0,0,5.0,5.4,-0.40000000000000036,0.21355397951142632,0.0,1.378228782287823,0.9077490774907749,2026,1,24,5,1,2026,2,23,0.0987,9.87,0,No Revenue Leakage,LOW,0.0
TEST000828,CUST00216,"Clark, Thompson and Taylor",Enterprise,Finance,West,UK,Bridgesstad,qmoore@taylor.com,(876)421-2679,2025-06-17,Suspended,Net 45,943741.0,Arjun Kumar,CON00043,Cloud,Business Cloud,20.0,2765.0,22560.0,0.0,18.0,Monthly,36.0,Platinum,12.0,2026.0,1128.0,1128.0,1198.0,1040.0,22560.0,2026-02-21,2026-03-23,USD,Generated,Paid,3.0,4060.8,4060.8,0.0,0.0,26620.8,0,0,0,0,0,0,0,0,,0.0,0,45.0,423,1.158110882956879,0.0,1.0,-4060.7999999999993,1.18,0.0,1.0,0.0,0,20.0,23.599999999999998,-3.599999999999998,0.40795660036166365,0.0,1.0620567375886525,0.9219858156028369,2026,2,21,5,1,2026,3,23,0.1612,16.12,0,No Revenue Leakage,LOW,0.0
TEST000829,CUST00043,"Harris, Gallegos and Spencer",Enterprise,Finance,West,USA,Port Molly,kim90@garrison-thomas.com,+1-742-210-2053,2023-01-29,Inactive,Net 30,831474.0,Sneha Patel,CON00198,Cloud,Basic Cloud,20.0,2861.0,58660.0,0.0,18.0,Monthly,24.0,Silver,4.0,2026.0,2933.0,2933.0,2994.0,2930.0,58660.0,2026-03-15,2026-04-14,EUR,Paid,Paid,3.0,10558.8,10558.8,0.0,0.0,69218.8,0,0,0,0,0,0,0,0,,0.0,0,30.0,1293,3.540041067761807,0.0,1.0,-10558.800000000003,1.1800000000000002,0.0,1.0,0.0,0,20.0,23.6,-3.6000000000000014,1.025166025865082,0.0,1.0207978179338562,0.9989771564950563,2026,3,15,6,1,2026,4,14,0.0331,3.31,0,No Revenue Leakage,LOW,0.0
TEST000830,CUST00125,Bell-Bennett,Enterprise,IT,West,USA,Kramershire,franciscojones@phillips.com,715-926-2181,2021-11-10,Inactive,Net 30,420608.0,Priya Nair,CON00164,SaaS,CRM,25.0,2532.0,72275.0,5.0,18.0,Monthly,12.0,Silver,7.0,2026.0,2891.0,2891.0,3097.0,2759.0,72275.0,2025-12-15,2026-01-14,INR,Paid,Pending,2.0,13009.5,13009.5,5.0,3613.75,66467.2,0,0,0,1,0,0,0,0,Wrong Pricing,15203.55,1,30.0,1738,4.758384668035592,0.0,1.0,5807.800000000003,0.9196430300933932,0.0,1.0,0.0,0,25.0,22.99107575233483,2.0089242476651705,1.1417851500789888,0.0,1.0712556208924249,0.9543410584572812,2025,12,15,0,4,2026,1,14,0.9998,99.98,1,Revenue Leakage Detected,HIGH,5807.800000000003
TEST000831,CUST00058,Brooks Inc,SMB,Finance,West,UK,Sarahmouth,devinmitchell@horton-taylor.info,390.610.4328x986,2023-08-14,Active,Net 30,755086.0,Sneha Patel,CON00166,SaaS,CRM,25.0,2859.0,27200.0,5.0,18.0,Yearly,36.0,Bronze,8.0,2026.0,1088.0,1088.0,1211.0,1085.0,27200.0,2025-12-12,2026-01-11,INR,Generated,Paid,3.0,4896.0,4896.0,5.0,1360.0,30736.0,0,0,0,0,0,0,0,0,,0.0,0,30.0,1096,3.0006844626967832,0.0,1.0,-3536.0,1.13,0.0,1.0,0.0,0,25.0,28.25,-3.25,0.3805526407834907,0.0,1.1130514705882353,0.9972426470588235,2025,12,12,4,4,2026,1,11,0.0967,9.67,0,No Revenue Leakage,LOW,0.0
TEST000832,CUST00058,Brooks Inc,SMB,Finance,West,UK,Sarahmouth,devinmitchell@horton-taylor.info,390.610.4328x986,2023-08-14,Active,Net 30,755086.0,Sneha Patel,CON00012,Security,SOC,15.0,1194.0,21255.0,5.0,18.0,Quarterly,36.0,Gold,1.0,2026.0,1417.0,1417.0,1530.0,1372.0,21255.0,2026-07-27,2026-08-26,INR,Generated,Overdue,2.0,3825.9,3825.9,5.0,1062.75,24018.15,0,0,0,0,0,0,0,0,,0.0,0,30.0,1096,3.0006844626967832,0.0,1.0,-2763.1500000000015,1.1300000000000001,0.0,1.0,0.0,0,15.0,16.95,-1.9499999999999993,1.1867671691792294,0.0,1.0797459421312632,0.9682427664079041,2026,7,27,0,3,2026,8,26,0.0641,6.41,0,No Revenue Leakage,LOW,0.0
TEST000833,CUST00489,Garcia and Sons,Government,IT,East,UK,Port Sarah,amberfriedman@garrison-ramirez.biz,668-567-7524x0148,2022-03-01,Inactive,Net 45,378821.0,Arjun Kumar,CON00039,Cloud,Enterprise Cloud,20.0,2299.0,35020.0,0.0,18.0,Quarterly,24.0,Bronze,5.0,2026.0,1751.0,1751.0,1907.0,1701.0,35020.0,2026-07-23,2026-08-22,EUR,Generated,Overdue,3.0,6303.6,6303.6,0.0,0.0,41323.6,0,0,0,0,0,0,0,1,Late Billing,3281.0,1,45.0,1627,4.454483230663929,0.0,1.0,-6303.5999999999985,1.18,0.0,1.0,0.0,0,20.0,23.599999999999998,-3.599999999999998,0.76163549369291,0.0,1.0890919474585952,0.9714448886350657,2026,7,23,3,3,2026,8,22,0.0504,5.04,0,No Revenue Leakage,LOW,0.0
TEST000834,CUST00288,Fields-Barajas,Retail,Manufacturing,North,India,Dennischester,drewmartinez@ellis.net,837-370-2851,2022-08-16,Suspended,Net 45,199381.0,Arjun Kumar,CON00110,Internet,Fiber 300,10.0,2709.0,25160.0,10.0,18.0,Quarterly,36.0,Bronze,5.0,2026.0,2516.0,2516.0,2670.0,2455.0,25160.0,2026-05-17,2026-06-16,INR,Paid,Paid,3.0,4528.8,4528.8,10.0,2516.0,27172.8,0,0,0,0,0,0,0,0,,0.0,0,45.0,1459,3.994524298425736,0.0,1.0,-2012.7999999999993,1.08,0.0,1.0,0.0,0,10.0,10.799999999999999,-0.7999999999999989,0.9287559985234404,0.0,1.06120826709062,0.9757551669316376,2026,5,17,6,2,2026,6,16,0.1033,10.33,0,No Revenue Leakage,LOW,0.0
TEST000835,CUST00491,Smith-Wilson,Retail,IT,North,Singapore,Alexandriafort,donnaevans@weaver.info,(815)440-6417,2025-09-28,Suspended,Net 15,692249.0,Arjun Kumar,CON00161,Voice,Voice Premium,5.0,1728.0,11880.0,15.0,18.0,Quarterly,12.0,Platinum,8.0,2026.0,2376.0,2376.0,2574.0,2283.0,11880.0,2026-04-21,2026-05-21,INR,Sent,Paid,3.0,2138.4,2138.4,15.0,1782.0,11472.31,0,0,0,0,0,0,1,0,Contract Violation,764.09,1,15.0,320,0.8761122518822724,0.0,1.0,407.6900000000005,0.9656826599326599,0.0,1.0,0.0,0,5.0,4.8284132996633,0.1715867003367002,1.375,0.0,1.0833333333333333,0.9608585858585859,2026,4,21,1,2,2026,5,21,0.9987,99.87,1,Revenue Leakage Detected,HIGH,407.6900000000005
TEST000836,CUST00395,"Lyons, Sullivan and Long",Retail,Finance,East,Singapore,Lake Madison,tyler23@walsh-mccarthy.com,001-401-728-9743x2512,2025-06-20,Inactive,Net 60,902129.0,Priya Nair,CON00187,Security,Firewall,15.0,1004.0,44595.0,5.0,18.0,Monthly,12.0,Gold,6.0,2026.0,2973.0,2973.0,3029.0,2947.0,44595.0,2026-07-07,2026-08-06,EUR,Paid,Paid,1.0,8027.1,8027.1,5.0,2229.75,50392.35,0,0,0,0,0,0,0,0,,0.0,0,60.0,420,1.1498973305954825,0.0,1.0,-5797.3499999999985,1.13,0.0,1.0,0.0,0,15.0,16.95,-1.9499999999999993,2.9611553784860556,0.0,1.018836192398251,0.9912546249579549,2026,7,7,1,3,2026,8,6,0.0173,1.73,0,No Revenue Leakage,LOW,0.0
TEST000837,CUST00296,"Hawkins, Ramirez and Reynolds",Enterprise,Logistics,West,Australia,Nicolemouth,tiffany74@bates.com,279.250.2097,2023-01-27,Inactive,Net 15,960830.0,Priya Nair,CON00184,Cloud,Enterprise Cloud,20.0,692.0,25040.0,0.0,18.0,Quarterly,12.0,Bronze,3.0,2026.0,1252.0,1252.0,1535.0,1148.0,25040.0,2026-02-16,2026-03-18,EUR,Sent,Pending,1.0,4507.2,4507.2,0.0,0.0,29547.2,0,0,0,0,0,0,0,0,,0.0,0,15.0,1295,3.5455167693360714,0.0,1.0,-4507.200000000001,1.18,0.0,1.0,0.0,0,20.0,23.6,-3.6000000000000014,1.8092485549132948,0.0,1.226038338658147,0.9169329073482428,2026,2,16,0,1,2026,3,18,0.0683,6.83,0,No Revenue Leakage,LOW,0.0
TEST000838,CUST00191,"Stokes, James and Deleon",SMB,Telecom,South,USA,Michaelchester,hconrad@adkins.com,+1-460-248-0589x2583,2024-12-08,Active,Net 15,306609.0,Sneha Patel,CON00167,SaaS,CRM,25.0,2413.0,68175.0,15.0,18.0,Monthly,36.0,Bronze,11.0,2026.0,2727.0,2727.0,2879.0,2580.0,68175.0,2026-01-12,2026-02-11,USD,Generated,Paid,3.0,12271.5,12271.5,15.0,10226.25,70220.25,0,0,0,0,0,0,0,0,,0.0,0,15.0,614,1.68104038329911,0.0,1.0,-2045.25,1.03,0.0,1.0,0.0,0,25.0,25.75,-0.75,1.1301284707832573,0.0,1.0557389072240557,0.9460946094609461,2026,1,12,0,1,2026,2,11,0.0775,7.75,0,No Revenue Leakage,LOW,0.0
TEST000839,CUST00266,Long Group,SMB,Logistics,South,USA,North Stacy,rebeccamccann@green.com,(896)994-2152x9108,2025-10-19,Suspended,Net 60,374912.0,John Thomas,CON00017,Cloud,Basic Cloud,20.0,1339.0,58580.0,10.0,18.0,Yearly,12.0,Silver,12.0,2026.0,2929.0,2929.0,3097.0,2775.0,58580.0,2025-12-08,2026-01-07,INR,Sent,Paid,1.0,10544.4,10544.4,10.0,5858.0,63266.4,0,0,0,0,0,0,0,0,,0.0,0,60.0,299,0.8186173853524983,0.0,1.0,-4686.4000000000015,1.08,0.0,1.0,0.0,0,20.0,21.6,-1.6000000000000014,2.1874533233756535,0.0,1.0573574598839195,0.9474223284397405,2025,12,8,0,4,2026,1,7,0.0529,5.29,0,No Revenue Leakage,LOW,0.0
TEST000840,CUST00247,Holmes LLC,Retail,Telecom,East,UK,Jenkinsburgh,robinsonwesley@pope.org,001-788-681-6711x207,2024-09-05,Active,Net 60,792406.0,Sneha Patel,CON00143,Security,SOC,15.0,524.0,39405.0,0.0,18.0,Monthly,24.0,Bronze,2.0,2026.0,2627.0,2627.0,2813.0,2540.0,39405.0,2025-10-16,2025-11-15,EUR,Paid,Overdue,3.0,7092.9,7092.9,0.0,0.0,46497.9,0,0,0,0,0,0,0,0,,0.0,0,60.0,708,1.9383983572895278,0.0,1.0,-7092.9000000000015,1.18,0.0,1.0,0.0,0,15.0,17.7,-2.6999999999999993,5.013358778625954,0.0,1.0708031975637609,0.9668823753330795,2025,10,16,3,4,2025,11,15,0.1049,10.49,0,No Revenue Leakage,LOW,0.0
TEST000841,CUST00195,"Landry, Jones and Guerrero",Enterprise,Logistics,South,Australia,Michelletown,michelle63@romero-mckinney.com,698.712.3878x0038,2025-10-06,Active,Net 30,413476.0,Arjun Kumar,CON00067,Security,SOC,15.0,2052.0,19875.0,10.0,18.0,Quarterly,12.0,Platinum,12.0,2026.0,1325.0,1325.0,1556.0,1240.0,19875.0,2025-10-24,2025-11-23,INR,Generated,Pending,3.0,3577.5,3577.5,10.0,1987.5,21465.0,0,0,0,0,0,0,0,0,,0.0,0,30.0,312,0.8542094455852156,0.0,1.0,-1590.0,1.08,0.0,1.0,0.0,0,15.0,16.2,-1.1999999999999993,0.6457115009746589,0.0,1.1743396226415095,0.9358490566037736,2025,10,24,4,4,2025,11,23,0.0931,9.31,0,No Revenue Leakage,LOW,0.0
TEST000842,CUST00331,Sherman-Munoz,Government,Telecom,South,India,Nathanmouth,lisa56@bishop-hester.com,607-562-0918,2024-09-23,Suspended,Net 30,321830.0,Arjun Kumar,CON00020,Internet,Fiber 300,10.0,776.0,27690.0,15.0,18.0,Quarterly,24.0,Bronze,5.0,2026.0,2769.0,2769.0,2903.0,2581.0,27690.0,2026-06-18,2026-07-18,EUR,Sent,Pending,1.0,4984.2,4984.2,15.0,4153.5,28520.7,0,0,0,0,0,0,0,0,,0.0,0,30.0,690,1.88911704312115,0.0,1.0,-830.7000000000007,1.03,0.0,1.0,0.0,0,10.0,10.3,-0.3000000000000007,3.568298969072165,0.0,1.0483929216323582,0.9321054532322138,2026,6,18,3,2,2026,7,18,0.0428,4.28,0,No Revenue Leakage,LOW,0.0
TEST000843,CUST00374,Davies-Tucker,SMB,Manufacturing,West,Singapore,Wilsonmouth,gardnerstacy@bowman.org,5962056730,2025-03-11,Suspended,Net 60,853585.0,Sneha Patel,CON00010,Voice,Voice Basic,5.0,1476.0,11875.0,15.0,18.0,Monthly,12.0,Silver,11.0,2026.0,2375.0,2375.0,2618.0,2197.0,11875.0,2026-02-04,2026-03-06,EUR,Generated,Overdue,2.0,2137.5,2137.5,25.0,2968.75,11043.75,0,0,1,0,0,0,0,0,Extra Discount,1187.5,1,60.0,521,1.4264202600958247,0.0,1.0,831.25,0.93,0.0,1.0,-10.0,1,5.0,4.65,0.34999999999999964,1.6090785907859078,0.0,1.1023157894736841,0.9250526315789473,2026,2,4,2,1,2026,3,6,0.9991,99.91,1,Revenue Leakage Detected,HIGH,831.25
TEST000844,CUST00049,Fischer Inc,Retail,Telecom,South,Australia,Russellport,trose@walker.com,2349324451,2025-04-04,Inactive,Net 15,879957.0,John Thomas,CON00004,Voice,Voice Basic,5.0,2127.0,12570.0,10.0,18.0,Monthly,36.0,Gold,6.0,2026.0,2514.0,2514.0,2700.0,2377.0,12570.0,2025-11-02,2025-12-02,INR,Sent,Paid,1.0,2262.6,2262.6,10.0,1257.0,13575.6,0,0,0,0,0,0,0,0,,0.0,0,15.0,497,1.3607118412046544,0.0,1.0,-1005.6000000000004,1.08,0.0,1.0,0.0,0,5.0,5.4,-0.40000000000000036,1.1819464033850493,0.0,1.0739856801909309,0.9455051710421639,2025,11,2,6,4,2025,12,2,0.0729,7.29,0,No Revenue Leakage,LOW,0.0
TEST000845,CUST00020,"Miller, Hernandez and Reyes",SMB,Telecom,North,UK,Lake Jason,irussell@perry-clark.biz,(590)996-7054x6688,2023-06-18,Suspended,Net 60,822838.0,Rahul Sharma,CON00125,Voice,Voice Premium,5.0,1094.0,14845.0,10.0,18.0,Quarterly,36.0,Platinum,2.0,2026.0,2969.0,2817.0,3046.0,2961.0,14845.0,2026-07-11,2026-08-10,EUR,Paid,Paid,3.0,2672.1,2672.1,10.0,1484.5,15272.6,0,1,0,0,0,0,0,0,Usage Mismatch,760.0,1,60.0,1153,3.156741957563313,152.0,0.9488043112158976,-427.60000000000036,1.0288043112158975,0.0,1.0,0.0,0,5.0,5.42158324458644,-0.42158324458644003,2.713893967093236,0.0,1.0259346581340518,0.9973054900639946,2026,7,11,5,3,2026,8,10,0.997,99.7,1,Revenue Leakage Detected,HIGH,0.0
TEST000846,CUST00266,Long Group,SMB,Logistics,South,USA,North Stacy,rebeccamccann@green.com,(896)994-2152x9108,2025-10-19,Suspended,Net 60,374912.0,John Thomas,CON00037,Internet,Fiber 300,10.0,1598.0,24240.0,0.0,18.0,Monthly,24.0,Gold,3.0,2026.0,2424.0,2424.0,2499.0,2402.0,24240.0,2026-05-03,2026-06-02,USD,Paid,Pending,1.0,4363.2,4363.2,0.0,0.0,28603.2,0,0,0,0,0,0,0,1,Late Billing,1635.0,1,60.0,299,0.8186173853524983,0.0,1.0,-4363.200000000001,1.18,0.0,1.0,0.0,0,10.0,11.8,-1.8000000000000007,1.5168961201501878,0.0,1.0309405940594059,0.990924092409241,2026,5,3,6,2,2026,6,2,0.0312,3.12,0,No Revenue Leakage,LOW,0.0
TEST000847,CUST00159,Arnold-Thompson,Retail,Manufacturing,South,UK,Port Juanberg,josemercado@luna.net,+1-409-796-9308x4887,2024-12-07,Suspended,Net 45,482882.0,Arjun Kumar,CON00196,Voice,Voice Premium,5.0,1397.0,8890.0,5.0,18.0,Monthly,36.0,Bronze,1.0,2026.0,1778.0,1778.0,1879.0,1761.0,8890.0,2026-08-01,2026-08-31,EUR,Generated,Paid,1.0,1600.2,1600.2,5.0,444.5,10045.7,0,0,0,0,0,0,0,0,,0.0,0,45.0,615,1.6837782340862424,0.0,1.0,-1155.7000000000007,1.1300000000000001,0.0,1.0,0.0,0,5.0,5.65,-0.6500000000000004,1.2727272727272727,0.0,1.0568053993250843,0.9904386951631046,2026,8,1,5,3,2026,8,31,0.2046,20.46,0,No Revenue Leakage,LOW,0.0
TEST000848,CUST00206,Wilson Group,Government,Telecom,South,UK,Lake Melaniechester,wwilliams@shaffer.com,214-448-8501x556,2023-03-31,Suspended,Net 15,61344.0,Sneha Patel,CON00150,Security,Firewall,15.0,868.0,24765.0,0.0,18.0,Yearly,36.0,Gold,1.0,2026.0,1651.0,1651.0,1792.0,1472.0,24765.0,2025-12-22,2026-01-21,USD,Sent,Overdue,3.0,4457.7,4457.7,0.0,0.0,29222.7,0,0,0,0,0,1,0,0,Duplicate Invoice,29222.7,1,15.0,1232,3.373032169746749,0.0,1.0,-4457.700000000001,1.18,0.0,1.0,0.0,0,15.0,17.7,-2.6999999999999993,1.902073732718894,0.0,1.0854027861901878,0.8915808600847971,2025,12,22,0,4,2026,1,21,0.0499,4.99,0,No Revenue Leakage,LOW,0.0
TEST000849,CUST00191,"Stokes, James and Deleon",SMB,Telecom,South,USA,Michaelchester,hconrad@adkins.com,+1-460-248-0589x2583,2024-12-08,Active,Net 15,306609.0,Sneha Patel,CON00125,Voice,Voice Premium,5.0,1094.0,9630.0,10.0,18.0,Quarterly,36.0,Platinum,6.0,2026.0,1926.0,1926.0,2021.0,1764.0,9630.0,2026-05-30,2026-06-29,EUR,Paid,Paid,2.0,1733.4,1733.4,10.0,963.0,10400.4,0,0,0,0,0,0,0,0,,0.0,0,15.0,614,1.68104038329911,0.0,1.0,-770.3999999999996,1.08,0.0,1.0,0.0,0,5.0,5.3999999999999995,-0.39999999999999947,1.7605118829981719,0.0,1.04932502596054,0.9158878504672897,2026,5,30,5,2,2026,6,29,0.1063,10.63,0,No Revenue Leakage,LOW,0.0
TEST000850,CUST00395,"Lyons, Sullivan and Long",Retail,Finance,East,Singapore,Lake Madison,tyler23@walsh-mccarthy.com,001-401-728-9743x2512,2025-06-20,Inactive,Net 60,902129.0,Priya Nair,CON00042,Voice,Voice Basic,5.0,2724.0,8580.0,5.0,18.0,Yearly,36.0,Bronze,1.0,2026.0,1716.0,1716.0,1858.0,1588.0,8580.0,2026-06-10,2026-07-10,EUR,Paid,Pending,2.0,1544.4,1544.4,5.0,429.0,9695.4,0,0,0,0,0,0,0,0,,0.0,0,60.0,420,1.1498973305954825,0.0,1.0,-1115.3999999999996,1.13,0.0,1.0,0.0,0,5.0,5.6499999999999995,-0.6499999999999995,0.6299559471365639,0.0,1.0827505827505828,0.9254079254079254,2026,6,10,2,2,2026,7,10,0.5023,50.23,1,Revenue Leakage Detected,MEDIUM,0.0
TEST000851,CUST00415,Thornton-Howell,Enterprise,IT,East,UK,Christianberg,kevintran@watson.com,877.610.7044,2022-04-25,Active,Net 15,603343.0,Arjun Kumar,CON00012,Security,SOC,15.0,1194.0,30285.0,5.0,18.0,Quarterly,36.0,Gold,3.0,2026.0,2019.0,2019.0,2079.0,1959.0,30285.0,2025-12-22,2026-01-21,EUR,Sent,Overdue,3.0,5451.3,5451.3,20.0,6057.0,29679.3,0,0,1,0,0,0,0,0,Extra Discount,4542.75,1,15.0,1572,4.303901437371663,0.0,1.0,605.7000000000007,0.98,0.0,1.0,-15.0,1,15.0,14.7,0.3000000000000007,1.6909547738693467,0.0,1.0297176820208023,0.9702823179791976,2025,12,22,0,4,2026,1,21,0.9998,99.98,1,Revenue Leakage Detected,HIGH,605.7000000000007
TEST000852,CUST00323,Ramirez Ltd,Government,Healthcare,West,UK,New Latoyachester,karen35@allen-ryan.com,+1-439-568-5270x17130,2022-08-31,Inactive,Net 15,208285.0,Sneha Patel,CON00126,Security,Firewall,15.0,1535.0,42870.0,5.0,18.0,Monthly,12.0,Gold,7.0,2026.0,2858.0,2858.0,3151.0,2717.0,42870.0,2026-01-15,2026-02-14,INR,Sent,Overdue,3.0,7716.6,7716.6,20.0,8574.0,42012.6,0,0,1,0,0,0,0,0,Extra Discount,6430.5,1,15.0,1444,3.9534565366187544,0.0,1.0,857.4000000000015,0.98,0.0,1.0,-15.0,1,15.0,14.7,0.3000000000000007,1.8618892508143323,0.0,1.102519244226732,0.950664800559832,2026,1,15,3,1,2026,2,14,0.9999,99.99,1,Revenue Leakage Detected,HIGH,857.4000000000015
TEST000853,CUST00456,Stevens-Williams,Retail,Telecom,North,UK,Johnnymouth,katie08@white-kelly.com,354.309.1508x632,2022-09-01,Active,Net 45,192312.0,John Thomas,CON00098,Internet,Fiber 100,10.0,1891.0,23600.0,10.0,18.0,Yearly,12.0,Silver,9.0,2026.0,2360.0,2360.0,2613.0,2346.0,23600.0,2026-06-27,2026-07-27,INR,Paid,Paid,1.0,4248.0,4248.0,10.0,2360.0,25488.0,0,0,0,0,0,0,0,0,,0.0,0,45.0,1443,3.9507186858316223,0.0,1.0,-1888.0,1.08,0.0,1.0,0.0,0,10.0,10.8,-0.8000000000000007,1.2480169222633528,0.0,1.1072033898305085,0.9940677966101695,2026,6,27,5,2,2026,7,27,0.0879,8.79,0,No Revenue Leakage,LOW,0.0
TEST000854,CUST00055,"Warner, Valentine and Osborn",Enterprise,Healthcare,South,Australia,Lake Ellenhaven,andrew42@peterson.com,222.714.1888,2022-09-17,Inactive,Net 45,492905.0,John Thomas,CON00040,Security,Firewall,15.0,1167.0,32625.0,10.0,18.0,Monthly,12.0,Bronze,3.0,2026.0,2175.0,2175.0,2191.0,2116.0,32625.0,2026-06-16,2026-07-16,INR,Paid,Paid,3.0,5872.5,5872.5,10.0,3262.5,35235.0,0,0,0,0,0,0,0,0,,0.0,0,45.0,1427,3.9069130732375084,0.0,1.0,-2610.0,1.08,0.0,1.0,0.0,0,15.0,16.2,-1.1999999999999993,1.8637532133676094,0.0,1.0073563218390804,0.9728735632183908,2026,6,16,1,2,2026,7,16,0.057,5.7,0,No Revenue Leakage,LOW,0.0
TEST000855,CUST00212,Bryant Ltd,SMB,Logistics,West,UK,Ruizbury,michellejensen@myers-lyons.com,477-301-7157x72459,2025-01-17,Active,Net 30,184055.0,Priya Nair,CON00097,SaaS,CRM,25.0,2679.0,70425.0,10.0,18.0,Quarterly,24.0,Platinum,3.0,2026.0,2817.0,2817.0,3004.0,2706.0,70425.0,2026-03-26,2026-04-25,EUR,Paid,Overdue,1.0,12676.5,12676.5,10.0,7042.5,76059.0,0,0,0,0,0,0,0,0,,0.0,0,30.0,574,1.571526351813826,0.0,1.0,-5634.0,1.08,0.0,1.0,0.0,0,25.0,27.0,-2.0,1.051511758118701,0.0,1.0663826766063187,0.9605963791267306,2026,3,26,3,1,2026,4,25,0.1262,12.62,0,No Revenue Leakage,LOW,0.0
TEST000856,CUST00204,Butler and Sons,Government,Education,South,USA,Lake Justin,tammycurry@huynh-davis.com,856-516-8147x21458,2023-05-17,Suspended,Net 15,175995.0,John Thomas,CON00067,Security,SOC,15.0,2052.0,44160.0,10.0,18.0,Quarterly,12.0,Platinum,9.0,2026.0,2944.0,2944.0,3053.0,2778.0,44160.0,2026-01-04,2026-02-03,EUR,Paid,Overdue,1.0,7948.8,7948.8,10.0,4416.0,47692.8,0,0,0,0,0,0,0,0,,0.0,0,15.0,1185,3.24435318275154,0.0,1.0,-3532.800000000003,1.08,0.0,1.0,0.0,0,15.0,16.2,-1.1999999999999993,1.4346978557504872,0.0,1.037024456521739,0.9436141304347826,2026,1,4,6,1,2026,2,3,0.0266,2.66,0,No Revenue Leakage,LOW,0.0
TEST000857,CUST00207,Bass-Nielsen,SMB,Education,West,India,Hendrickston,timothyburton@huang.com,249.758.8039x55124,2024-10-14,Inactive,Net 15,825435.0,John Thomas,CON00166,SaaS,CRM,25.0,2859.0,15075.0,5.0,18.0,Yearly,36.0,Bronze,3.0,2026.0,603.0,603.0,770.0,573.0,15075.0,2025-10-30,2025-11-29,USD,Paid,Paid,3.0,2713.5,2713.5,5.0,753.75,17034.75,0,0,0,0,0,0,0,0,,0.0,0,15.0,669,1.8316221765913758,0.0,1.0,-1959.75,1.13,0.0,1.0,0.0,0,25.0,28.25,-3.25,0.21091290661070305,0.0,1.2769485903814262,0.9502487562189055,2025,10,30,3,4,2025,11,29,0.0822,8.22,0,No Revenue Leakage,LOW,0.0
TEST000858,CUST00286,Sims-Gomez,Enterprise,Finance,West,India,Port Debraville,vevans@chavez.org,001-889-535-4492,2022-06-28,Active,Net 15,819299.0,John Thomas,CON00078,Security,SOC,15.0,2819.0,33480.0,15.0,18.0,Yearly,12.0,Platinum,8.0,2026.0,2232.0,2232.0,2348.0,2045.0,33480.0,2025-10-07,2025-11-06,USD,Generated,Overdue,2.0,6026.4,6026.4,15.0,5022.0,25691.32,0,0,0,0,1,0,0,0,Missing Charge,8793.08,1,15.0,1508,4.128678986995209,0.0,1.0,7788.68,0.767363201911589,0.0,1.0,0.0,0,15.0,11.510448028673835,3.489551971326165,0.7917701312522171,0.0,1.0519713261648747,0.9162186379928315,2025,10,7,1,4,2025,11,6,0.9991,99.91,1,Revenue Leakage Detected,HIGH,7788.68
TEST000859,CUST00037,Nguyen Inc,Retail,IT,East,Singapore,Michaelchester,johnjenkins@sparks.biz,+1-637-492-3747x407,2022-03-23,Active,Net 15,424705.0,Priya Nair,CON00126,Security,Firewall,15.0,1535.0,40140.0,5.0,18.0,Monthly,12.0,Gold,8.0,2026.0,2676.0,2676.0,2860.0,2634.0,40140.0,2026-01-27,2026-02-26,INR,Paid,Pending,3.0,7225.2,7225.2,5.0,2007.0,45358.2,0,0,0,0,0,0,0,0,,0.0,0,15.0,1605,4.394250513347022,0.0,1.0,-5218.199999999997,1.13,0.0,1.0,0.0,0,15.0,16.95,-1.9499999999999993,1.7433224755700325,0.0,1.0687593423019432,0.984304932735426,2026,1,27,1,1,2026,2,26,0.0702,7.02,0,No Revenue Leakage,LOW,0.0
TEST000860,CUST00128,Baker-Hood,Enterprise,Telecom,East,USA,East Karenville,barnettlindsey@arellano-lawrence.net,6683687937,2024-12-14,Suspended,Net 30,618535.0,Priya Nair,CON00143,Security,SOC,15.0,524.0,30060.0,0.0,18.0,Monthly,24.0,Bronze,6.0,2026.0,2004.0,2004.0,2117.0,1909.0,30060.0,2026-05-24,2026-06-23,INR,Paid,Paid,2.0,5410.8,5410.8,0.0,0.0,35470.8,0,0,0,0,0,1,0,0,Duplicate Invoice,35470.8,1,30.0,608,1.6646132785763177,0.0,1.0,-5410.800000000003,1.1800000000000002,0.0,1.0,0.0,0,15.0,17.700000000000003,-2.700000000000003,3.8244274809160306,0.0,1.0563872255489022,0.9525948103792415,2026,5,24,6,2,2026,6,23,0.0957,9.57,0,No Revenue Leakage,LOW,0.0
TEST000861,CUST00065,Martinez and Sons,Retail,Education,South,India,East Kristy,wardashley@lara-arnold.org,314-467-8669,2024-04-16,Active,Net 15,423632.0,Sneha Patel,CON00039,Cloud,Enterprise Cloud,20.0,2299.0,25280.0,0.0,18.0,Quarterly,24.0,Bronze,7.0,2026.0,1264.0,1264.0,1443.0,1074.0,25280.0,2026-03-17,2026-04-16,USD,Generated,Overdue,1.0,4550.4,4550.4,0.0,0.0,29830.4,0,0,0,0,0,0,0,0,,0.0,0,15.0,850,2.327173169062286,0.0,1.0,-4550.4000000000015,1.1800000000000002,0.0,1.0,0.0,0,20.0,23.6,-3.6000000000000014,0.549804262722923,0.0,1.1416139240506329,0.8496835443037974,2026,3,17,1,1,2026,4,16,0.2028,20.28,0,No Revenue Leakage,LOW,0.0
TEST000862,CUST00470,"Gill, Woods and Garcia",Enterprise,Manufacturing,South,India,West Kristyland,timothyramos@gonzalez-daniels.com,+1-974-290-9617x399,2023-09-27,Inactive,Net 15,370701.0,John Thomas,CON00079,Voice,Voice Premium,5.0,1855.0,5100.0,10.0,18.0,Monthly,24.0,Bronze,7.0,2026.0,1020.0,1020.0,1295.0,974.0,5100.0,2026-04-21,2026-05-21,INR,Generated,Paid,2.0,918.0,918.0,10.0,510.0,5508.0,0,0,0,0,0,0,0,0,,0.0,0,15.0,1052,2.8802190280629705,0.0,1.0,-408.0,1.08,0.0,1.0,0.0,0,5.0,5.4,-0.40000000000000036,0.5498652291105122,0.0,1.2696078431372548,0.9549019607843138,2026,4,21,1,2,2026,5,21,0.024,2.4,0,No Revenue Leakage,LOW,0.0
TEST000863,CUST00423,Oconnor-Beard,Retail,Finance,East,Singapore,Christopherside,melendezdenise@hall.com,+1-736-392-9445,2022-04-16,Inactive,Net 60,474149.0,Sneha Patel,CON00154,Internet,Fiber 300,10.0,774.0,15420.0,15.0,18.0,Yearly,36.0,Gold,5.0,2026.0,1542.0,1542.0,1680.0,1462.0,15420.0,2026-05-21,2026-06-20,INR,Generated,Paid,1.0,2775.6,2775.6,15.0,2313.0,15882.6,0,0,0,0,0,0,0,0,,0.0,0,60.0,1581,4.328542094455853,0.0,1.0,-462.60000000000036,1.03,0.0,1.0,0.0,0,10.0,10.3,-0.3000000000000007,1.9922480620155039,0.0,1.0894941634241244,0.9481193255512321,2026,5,21,3,2,2026,6,20,0.0488,4.88,0,No Revenue Leakage,LOW,0.0
TEST000864,CUST00159,Arnold-Thompson,Retail,Manufacturing,South,UK,Port Juanberg,josemercado@luna.net,+1-409-796-9308x4887,2024-12-07,Suspended,Net 45,482882.0,Arjun Kumar,CON00111,Cloud,Enterprise Cloud,20.0,2083.0,49320.0,15.0,18.0,Yearly,24.0,Bronze,5.0,2026.0,2466.0,2466.0,2737.0,2319.0,49320.0,2025-09-27,2025-10-27,INR,Sent,Pending,1.0,8877.6,8877.6,15.0,7398.0,50799.6,0,0,0,0,0,0,0,0,,0.0,0,45.0,615,1.6837782340862424,0.0,1.0,-1479.5999999999985,1.03,0.0,1.0,0.0,0,20.0,20.599999999999998,-0.5999999999999979,1.1838694191070571,0.0,1.1098945660989457,0.940389294403893,2025,9,27,5,3,2025,10,27,0.1801,18.01,0,No Revenue Leakage,LOW,0.0
TEST000865,CUST00424,Fisher-Lucero,Government,Education,West,Singapore,Chenborough,nancysmith@barnes.info,001-712-406-0212x8866,2025-01-06,Inactive,Net 45,499916.0,Rahul Sharma,CON00099,Security,SOC,15.0,974.0,28305.0,15.0,18.0,Quarterly,12.0,Gold,11.0,2026.0,1887.0,1887.0,2100.0,1869.0,28305.0,2026-01-23,2026-02-22,USD,Paid,Pending,2.0,5094.9,5094.9,15.0,4245.75,29154.15,0,0,0,0,0,0,0,0,,0.0,0,45.0,585,1.6016427104722792,0.0,1.0,-849.1500000000015,1.03,0.0,1.0,0.0,0,15.0,15.450000000000001,-0.45000000000000107,1.9373716632443532,0.0,1.1128775834658187,0.9904610492845787,2026,1,23,4,1,2026,2,22,0.0301,3.01,0,No Revenue Leakage,LOW,0.0
TEST000866,CUST00034,"Romero, Suarez and Shields",Government,IT,North,Singapore,Kendrachester,sarah84@campbell.org,001-872-978-7558,2024-05-01,Suspended,Net 30,101663.0,Sneha Patel,CON00129,SaaS,HRMS,25.0,951.0,30450.0,0.0,18.0,Monthly,24.0,Platinum,8.0,2026.0,1218.0,1218.0,1284.0,1042.0,30450.0,2025-11-20,2025-12-20,EUR,Sent,Overdue,3.0,5481.0,5481.0,0.0,0.0,35931.0,0,0,0,0,0,0,0,1,Late Billing,3529.0,1,30.0,835,2.2861054072553046,0.0,1.0,-5481.0,1.18,0.0,1.0,0.0,0,25.0,29.5,-4.5,1.2807570977917981,0.0,1.0541871921182266,0.8555008210180624,2025,11,20,3,4,2025,12,20,0.0861,8.61,0,No Revenue Leakage,LOW,0.0
TEST000867,CUST00438,Martin Ltd,SMB,Education,North,UK,East Jamesville,mccluretyler@pratt.net,(460)641-6448x59592,2026-01-17,Active,Net 60,147756.0,Rahul Sharma,CON00023,Voice,Voice Basic,5.0,2072.0,8715.0,0.0,18.0,Yearly,12.0,Bronze,9.0,2026.0,1743.0,1743.0,1901.0,1545.0,8715.0,2025-12-14,2026-01-13,USD,Paid,Pending,2.0,1568.7,1568.7,0.0,0.0,10283.7,0,0,0,0,0,0,0,0,,0.0,0,60.0,209,0.5722108145106092,0.0,1.0,-1568.7000000000007,1.1800000000000002,0.0,1.0,0.0,0,5.0,5.9,-0.9000000000000004,0.8412162162162162,0.0,1.0906483075157773,0.8864027538726333,2025,12,14,6,4,2026,1,13,0.0675,6.75,0,No Revenue Leakage,LOW,0.0
TEST000868,CUST00094,Rush LLC,Retail,Education,North,Singapore,Brockmouth,pcook@taylor.com,752.365.4793x5646,2026-05-23,Active,Net 15,870023.0,Rahul Sharma,CON00031,Voice,Voice Premium,5.0,2088.0,12815.0,10.0,18.0,Monthly,12.0,Bronze,2.0,2026.0,2563.0,2563.0,2784.0,2396.0,12815.0,2026-06-29,2026-07-29,INR,Sent,Pending,2.0,2306.7,2306.7,10.0,1281.5,13840.2,0,0,0,0,0,0,0,0,,0.0,0,15.0,83,0.2272416153319644,0.0,1.0,-1025.2000000000007,1.08,0.0,1.0,0.0,0,5.0,5.4,-0.40000000000000036,1.2274904214559388,0.0,1.0862270776433867,0.9348419820522825,2026,6,29,0,2,2026,7,29,0.1678,16.78,0,No Revenue Leakage,LOW,0.0
TEST000869,CUST00491,Smith-Wilson,Retail,IT,North,Singapore,Alexandriafort,donnaevans@weaver.info,(815)440-6417,2025-09-28,Suspended,Net 15,692249.0,Arjun Kumar,CON00036,Security,Firewall,15.0,1994.0,18390.0,15.0,18.0,Quarterly,36.0,Platinum,6.0,2026.0,1226.0,1226.0,1419.0,1113.0,18390.0,2025-09-23,2025-10-23,INR,Generated,Pending,3.0,3310.2,3310.2,15.0,2758.5,18941.7,0,0,0,0,0,1,0,0,Duplicate Invoice,18941.7,1,15.0,320,0.8761122518822724,0.0,1.0,-551.7000000000007,1.03,0.0,1.0,0.0,0,15.0,15.450000000000001,-0.45000000000000107,0.6148445336008024,0.0,1.1574225122349102,0.9078303425774877,2025,9,23,1,3,2025,10,23,0.0797,7.97,0,No Revenue Leakage,LOW,0.0
TEST000870,CUST00081,Graves-Weaver,SMB,IT,North,Singapore,North Valeriefort,mitchellhector@cannon.biz,(867)466-1825x128,2023-06-28,Active,Net 30,169180.0,John Thomas,CON00057,Security,Firewall,15.0,2956.0,42090.0,15.0,18.0,Quarterly,36.0,Platinum,8.0,2026.0,2806.0,2806.0,2857.0,2742.0,42090.0,2025-12-11,2026-01-10,EUR,Generated,Paid,2.0,7576.2,7576.2,15.0,6313.5,43352.7,0,0,0,0,0,0,0,0,,0.0,0,30.0,1143,3.1293634496919918,0.0,1.0,-1262.699999999997,1.03,0.0,1.0,0.0,0,15.0,15.45,-0.4499999999999993,0.949255751014885,0.0,1.0181753385602281,0.977191732002851,2025,12,11,3,4,2026,1,10,0.4212,42.12,0,No Revenue Leakage,LOW,0.0
TEST000871,CUST00004,Adams-Clark,Enterprise,IT,West,USA,Jasonfort,pwilkerson@thomas-taylor.net,+1-949-369-6532,2021-12-30,Inactive,Net 15,308795.0,Rahul Sharma,CON00126,Security,Firewall,15.0,1535.0,41055.0,5.0,18.0,Monthly,12.0,Gold,8.0,2026.0,2737.0,2737.0,2857.0,2604.0,41055.0,2025-11-20,2025-12-20,EUR,Generated,Pending,3.0,7389.9,7389.9,5.0,2052.75,46392.15,0,0,0,0,0,0,0,0,,0.0,0,15.0,1688,4.621492128678987,0.0,1.0,-5337.1500000000015,1.1300000000000001,0.0,1.0,0.0,0,15.0,16.95,-1.9499999999999993,1.7830618892508143,0.0,1.0438436244062843,0.9514066496163683,2025,11,20,3,4,2025,12,20,0.1089,10.89,0,No Revenue Leakage,LOW,0.0
TEST000872,CUST00460,"Mercer, Miller and Adkins",Enterprise,Logistics,North,Australia,Kevinmouth,bcraig@weber.org,(896)360-4873x682,2022-06-03,Active,Net 45,451067.0,Rahul Sharma,CON00034,Internet,Fiber 300,10.0,2087.0,29790.0,15.0,18.0,Quarterly,24.0,Silver,3.0,2026.0,2979.0,2979.0,3164.0,2892.0,29790.0,2026-07-01,2026-07-31,EUR,Sent,Paid,1.0,5362.2,5362.2,15.0,4468.5,30683.7,0,0,0,0,0,0,0,0,,0.0,0,45.0,1533,4.1971252566735116,0.0,1.0,-893.7000000000007,1.03,0.0,1.0,0.0,0,10.0,10.3,-0.3000000000000007,1.4274077623382846,0.0,1.062101376300772,0.9707955689828801,2026,7,1,2,3,2026,7,31,0.0201,2.01,0,No Revenue Leakage,LOW,0.0
TEST000873,CUST00445,Walsh-Brown,Government,Logistics,South,India,Port Amyborough,cookemily@hurst-jackson.org,001-458-906-6013x8241,2021-12-22,Active,Net 60,741958.0,John Thomas,CON00035,Internet,Fiber 300,10.0,2955.0,17730.0,10.0,18.0,Quarterly,12.0,Silver,1.0,2026.0,1773.0,1773.0,1899.0,1727.0,17730.0,2026-07-11,2026-08-10,INR,Sent,Paid,3.0,3191.4,3191.4,10.0,1773.0,16685.83,0,0,0,0,1,0,0,0,Missing Charge,2462.57,1,60.0,1696,4.643394934976044,0.0,1.0,1044.1699999999983,0.9411071630005641,0.0,1.0,0.0,0,10.0,9.41107163000564,0.5889283699943597,0.6,0.0,1.0710659898477157,0.9740552735476593,2026,7,11,5,3,2026,8,10,0.9995,99.95,1,Revenue Leakage Detected,HIGH,1044.1699999999983
TEST000874,CUST00400,Bell LLC,Enterprise,Telecom,South,Australia,North Jennifer,wendygonzalez@hull.com,466.861.4494,2024-05-03,Active,Net 15,488469.0,Arjun Kumar,CON00005,SaaS,HRMS,25.0,2686.0,47150.0,15.0,18.0,Yearly,24.0,Bronze,12.0,2026.0,1886.0,1886.0,1953.0,1782.0,47150.0,2026-01-28,2026-02-27,EUR,Generated,Overdue,1.0,8487.0,8487.0,15.0,7072.5,48564.5,0,0,0,0,0,0,0,0,,0.0,0,15.0,833,2.2806297056810405,0.0,1.0,-1414.5,1.03,0.0,1.0,0.0,0,25.0,25.75,-0.75,0.7021593447505584,0.0,1.035524920466596,0.9448568398727466,2026,1,28,2,1,2026,2,27,0.0236,2.36,0,No Revenue Leakage,LOW,0.0
TEST000875,CUST00480,Ritter-Hall,Enterprise,IT,West,USA,Port Michael,natalieblackburn@flowers.com,336.407.7633x691,2025-11-27,Suspended,Net 45,457592.0,Priya Nair,CON00185,Voice,Voice Basic,5.0,2288.0,4465.0,10.0,18.0,Yearly,36.0,Bronze,5.0,2026.0,893.0,893.0,955.0,827.0,4465.0,2025-11-19,2025-12-19,INR,Generated,Pending,3.0,803.7,803.7,10.0,446.5,4822.2,0,0,0,0,0,0,0,0,,0.0,0,45.0,260,0.7118412046543463,0.0,1.0,-357.1999999999998,1.0799999999999998,0.0,1.0,0.0,0,5.0,5.3999999999999995,-0.39999999999999947,0.3902972027972028,0.0,1.0694288913773795,0.9260918253079508,2025,11,19,2,4,2025,12,19,0.0634,6.34,0,No Revenue Leakage,LOW,0.0
TEST000876,CUST00092,Davis LLC,Enterprise,Manufacturing,South,Singapore,Wardview,andersonjacob@hawkins-hunt.com,2156819956,2025-02-11,Inactive,Net 30,80355.0,Arjun Kumar,CON00043,Cloud,Business Cloud,20.0,2765.0,26020.0,0.0,18.0,Monthly,36.0,Platinum,4.0,2026.0,1301.0,1301.0,1598.0,1114.0,26020.0,2025-10-04,2025-11-03,EUR,Sent,Paid,3.0,4683.6,4683.6,0.0,0.0,30703.6,0,0,0,0,0,0,0,0,,0.0,0,30.0,549,1.5030800821355237,0.0,1.0,-4683.5999999999985,1.18,0.0,1.0,0.0,0,20.0,23.599999999999998,-3.599999999999998,0.4705244122965642,0.0,1.2282859338970022,0.8562644119907763,2025,10,4,5,4,2025,11,3,0.0437,4.37,0,No Revenue Leakage,LOW,0.0
TEST000877,CUST00237,"Clark, Mcgee and Perez",Government,Manufacturing,North,Australia,Rachaelhaven,eramirez@reed-tucker.net,578-984-7951,2022-05-04,Inactive,Net 60,922638.0,John Thomas,CON00036,Security,Firewall,15.0,1994.0,14715.0,15.0,18.0,Quarterly,36.0,Platinum,3.0,2026.0,981.0,981.0,1085.0,847.0,14715.0,2026-03-08,2026-04-07,INR,Paid,Pending,2.0,2648.7,2648.7,15.0,2207.25,15156.45,0,0,0,0,0,0,0,0,,0.0,0,60.0,1563,4.2792607802874745,0.0,1.0,-441.4500000000007,1.03,0.0,1.0,0.0,0,15.0,15.450000000000001,-0.45000000000000107,0.49197592778335003,0.0,1.1060142711518859,0.8634046890927625,2026,3,8,6,1,2026,4,7,0.0447,4.47,0,No Revenue Leakage,LOW,0.0
TEST000878,CUST00311,Payne LLC,Retail,Logistics,North,Singapore,Lake Mark,julie43@munoz.net,804-545-6690x782,2023-07-12,Suspended,Net 45,946782.0,Arjun Kumar,CON00088,Internet,Fiber 100,10.0,1166.0,19270.0,5.0,18.0,Yearly,24.0,Bronze,1.0,2026.0,1927.0,1927.0,2195.0,1791.0,19270.0,2026-04-09,2026-05-09,INR,Generated,Pending,2.0,3468.6,3468.6,5.0,963.5,21775.1,0,0,0,0,0,0,0,0,,0.0,0,45.0,1129,3.0910335386721424,0.0,1.0,-2505.0999999999985,1.13,0.0,1.0,0.0,0,10.0,11.299999999999999,-1.299999999999999,1.6526586620926245,0.0,1.139076284379865,0.9294239750908148,2026,4,9,3,2,2026,5,9,0.0725,7.25,0,No Revenue Leakage,LOW,0.0
TEST000879,CUST00333,"Thomas, Meyer and Armstrong",Government,Finance,South,India,East Tylerland,marisa87@mosley.info,+1-583-633-2116x02564,2025-08-24,Suspended,Net 60,118619.0,Rahul Sharma,CON00019,Internet,Fiber 300,10.0,2249.0,13660.0,10.0,18.0,Yearly,12.0,Silver,1.0,2026.0,1366.0,1366.0,1607.0,1232.0,13660.0,2025-11-21,2025-12-21,EUR,Sent,Paid,3.0,2458.8,2458.8,15.0,2049.0,14069.8,0,0,1,0,0,0,0,0,Extra Discount,683.0,1,60.0,355,0.971937029431896,0.0,1.0,-409.7999999999993,1.03,0.0,1.0,-5.0,1,10.0,10.299999999999999,-0.29999999999999893,0.6073810582481103,0.0,1.1764275256222547,0.9019033674963397,2025,11,21,4,4,2025,12,21,0.9928,99.28,1,Revenue Leakage Detected,HIGH,0.0
TEST000880,CUST00219,Johnson PLC,Enterprise,IT,South,India,Jessicashire,bryan79@berry.com,001-690-647-1281x4429,2023-10-13,Suspended,Net 15,608221.0,Priya Nair,CON00119,Voice,Voice Basic,5.0,577.0,3555.0,5.0,18.0,Monthly,36.0,Silver,2.0,2026.0,711.0,711.0,937.0,513.0,3555.0,2025-11-07,2025-12-07,USD,Sent,Pending,1.0,639.9,639.9,5.0,177.75,4017.15,0,0,0,0,0,0,0,0,,0.0,0,15.0,1036,2.836413415468857,0.0,1.0,-462.1500000000001,1.1300000000000001,0.0,1.0,0.0,0,5.0,5.65,-0.6500000000000004,1.2322357019064125,0.0,1.3178621659634318,0.7215189873417721,2025,11,7,4,4,2025,12,7,0.0223,2.23,0,No Revenue Leakage,LOW,0.0
TEST000881,CUST00394,"Reyes, Reilly and Lee",Government,Logistics,West,Australia,South Gregory,alyssa78@rodriguez-williams.com,331-600-9431,2023-07-10,Inactive,Net 45,721447.0,Sneha Patel,CON00195,Voice,Voice Basic,5.0,1143.0,7505.0,10.0,18.0,Yearly,24.0,Silver,5.0,2026.0,1501.0,1501.0,1737.0,1393.0,7505.0,2025-12-15,2026-01-14,USD,Paid,Pending,1.0,1350.9,1350.9,10.0,750.5,8105.4,0,0,0,0,0,0,0,0,,0.0,0,45.0,1131,3.0965092402464065,0.0,1.0,-600.3999999999996,1.0799999999999998,0.0,1.0,0.0,0,5.0,5.3999999999999995,-0.39999999999999947,1.3132108486439196,0.0,1.1572285143237842,0.9280479680213192,2025,12,15,0,4,2026,1,14,0.0342,3.42,0,No Revenue Leakage,LOW,0.0
TEST000882,CUST00390,Jackson and Sons,SMB,Manufacturing,North,Singapore,Lisaside,villamiranda@ware-williams.com,714-459-6422x9712,2026-07-25,Suspended,Net 60,936514.0,John Thomas,CON00198,Cloud,Basic Cloud,20.0,2861.0,42860.0,0.0,18.0,Monthly,24.0,Silver,9.0,2026.0,2143.0,1907.0,2169.0,2107.0,42860.0,2025-10-03,2025-11-02,EUR,Sent,Pending,3.0,7714.8,7714.8,0.0,0.0,45854.8,0,1,0,0,0,0,0,0,Usage Mismatch,4720.0,1,60.0,20,0.05475701574264202,236.0,0.8898740083994401,-2994.800000000003,1.06987400839944,0.0,1.0,0.0,0,20.0,24.045516518091244,-4.045516518091244,0.7490387976232087,0.0,1.0121325244983668,0.9832011199253383,2025,10,3,4,4,2025,11,2,0.9994,99.94,1,Revenue Leakage Detected,HIGH,0.0
TEST000883,CUST00319,"Myers, Jones and Gallagher",Enterprise,Manufacturing,South,India,Ericstad,jayjohnson@patel.net,+1-516-547-0900x6335,2022-05-16,Inactive,Net 45,84084.0,Arjun Kumar,CON00087,Internet,Fiber 1000,10.0,848.0,5170.0,10.0,18.0,Monthly,36.0,Bronze,8.0,2026.0,517.0,517.0,690.0,430.0,5170.0,2026-03-14,2026-04-13,EUR,Sent,Overdue,3.0,930.6,930.6,10.0,517.0,5583.6,0,0,0,0,0,0,0,1,Late Billing,4919.0,1,45.0,1551,4.246406570841889,0.0,1.0,-413.60000000000036,1.08,0.0,1.0,0.0,0,10.0,10.8,-0.8000000000000007,0.6096698113207547,0.0,1.3346228239845261,0.8317214700193424,2026,3,14,5,1,2026,4,13,0.0072,0.72,0,No Revenue Leakage,LOW,0.0
TEST000884,CUST00466,Cobb-Lyons,SMB,Telecom,South,USA,Brookeberg,aimeejohnson@elliott-reeves.com,001-829-647-7422x294,2023-07-15,Suspended,Net 45,899256.0,Rahul Sharma,CON00067,Security,SOC,15.0,2052.0,30795.0,10.0,18.0,Quarterly,12.0,Platinum,11.0,2026.0,2053.0,2053.0,2331.0,1902.0,30795.0,2026-06-04,2026-07-04,EUR,Sent,Paid,3.0,5543.1,5543.1,10.0,3079.5,33258.6,0,0,0,0,0,0,0,0,,0.0,0,45.0,1126,3.082819986310746,0.0,1.0,-2463.5999999999985,1.0799999999999998,0.0,1.0,0.0,0,15.0,16.2,-1.1999999999999993,1.0004873294346979,0.0,1.1354115927910375,0.9264490988796883,2026,6,4,3,2,2026,7,4,0.0744,7.44,0,No Revenue Leakage,LOW,0.0
TEST000885,CUST00020,"Miller, Hernandez and Reyes",SMB,Telecom,North,UK,Lake Jason,irussell@perry-clark.biz,(590)996-7054x6688,2023-06-18,Suspended,Net 60,822838.0,Rahul Sharma,CON00047,Voice,Voice Basic,5.0,1412.0,5840.0,0.0,18.0,Quarterly,12.0,Platinum,4.0,2026.0,1168.0,1168.0,1232.0,1031.0,5840.0,2025-09-25,2025-10-25,INR,Generated,Overdue,2.0,1051.2,1051.2,15.0,876.0,6015.2,0,0,1,0,0,0,0,0,Extra Discount,876.0,1,60.0,1153,3.156741957563313,0.0,1.0,-175.19999999999982,1.03,0.0,1.0,-15.0,1,5.0,5.1499999999999995,-0.14999999999999947,0.8271954674220963,0.0,1.0547945205479452,0.8827054794520548,2025,9,25,3,3,2025,10,25,0.9995,99.95,1,Revenue Leakage Detected,HIGH,0.0
TEST000886,CUST00076,"Donovan, Johns and Woods",SMB,Finance,South,USA,Port Tamara,justin01@andrews.com,(262)606-7240,2026-06-05,Suspended,Net 15,856790.0,Arjun Kumar,CON00090,Voice,Voice Basic,5.0,773.0,3880.0,0.0,18.0,Monthly,12.0,Platinum,4.0,2026.0,776.0,776.0,973.0,623.0,3880.0,2025-11-21,2025-12-21,INR,Sent,Paid,2.0,698.4,698.4,0.0,0.0,4578.4,0,0,0,0,0,0,0,0,,0.0,0,15.0,70,0.19164955509924708,0.0,1.0,-698.3999999999996,1.18,0.0,1.0,0.0,0,5.0,5.8999999999999995,-0.8999999999999995,1.0038809831824063,0.0,1.2538659793814433,0.8028350515463918,2025,11,21,4,4,2025,12,21,0.0257,2.57,0,No Revenue Leakage,LOW,0.0
TEST000887,CUST00103,Hudson PLC,Retail,Manufacturing,North,UK,Candiceburgh,tiffany44@adams.com,(560)842-2325,2025-10-04,Active,Net 30,448929.0,John Thomas,CON00134,Cloud,Basic Cloud,20.0,2212.0,35800.0,15.0,18.0,Yearly,36.0,Gold,4.0,2026.0,1790.0,1790.0,1953.0,1766.0,35800.0,2025-11-30,2025-12-30,EUR,Paid,Pending,3.0,6444.0,6444.0,15.0,5370.0,36874.0,0,0,0,0,0,1,0,0,Duplicate Invoice,36874.0,1,30.0,314,0.8596851471594799,0.0,1.0,-1074.0,1.03,0.0,1.0,0.0,0,20.0,20.6,-0.6000000000000014,0.8092224231464737,0.0,1.0910614525139666,0.9865921787709497,2025,11,30,6,4,2025,12,30,0.0229,2.29,0,No Revenue Leakage,LOW,0.0
TEST000888,CUST00209,"Moore, Peterson and Webb",Government,Finance,North,USA,Kimberlyberg,shortsharon@haney.biz,001-681-204-0915x701,2026-07-05,Suspended,Net 30,742558.0,Sneha Patel,CON00181,Cloud,Business Cloud,20.0,738.0,55340.0,0.0,18.0,Monthly,12.0,Bronze,3.0,2026.0,2767.0,2767.0,2863.0,2736.0,55340.0,2026-03-20,2026-04-19,USD,Sent,Pending,3.0,9961.2,9961.2,0.0,0.0,65301.2,0,0,0,0,0,0,0,0,,0.0,0,30.0,40,0.10951403148528405,0.0,1.0,-9961.199999999997,1.18,0.0,1.0,0.0,0,20.0,23.599999999999998,-3.599999999999998,3.7493224932249323,0.0,1.0346946151066136,0.9887965305384894,2026,3,20,4,1,2026,4,19,0.0697,6.97,0,No Revenue Leakage,LOW,0.0
TEST000889,CUST00431,Robinson LLC,SMB,Logistics,West,UK,Montesmouth,elainewilson@huber-guerrero.com,001-562-877-9630x448,2022-02-10,Active,Net 45,967786.0,Priya Nair,CON00054,Internet,Fiber 100,10.0,2600.0,21010.0,5.0,18.0,Quarterly,36.0,Bronze,10.0,2026.0,2101.0,2101.0,2114.0,1946.0,21010.0,2026-02-02,2026-03-04,INR,Paid,Pending,1.0,3781.8,3781.8,5.0,1050.5,23741.3,0,0,0,0,0,0,0,0,,0.0,0,45.0,1646,4.506502395619439,0.0,1.0,-2731.2999999999993,1.13,0.0,1.0,0.0,0,10.0,11.299999999999999,-1.299999999999999,0.808076923076923,0.0,1.0061875297477392,0.9262256068538791,2026,2,2,0,1,2026,3,4,0.1246,12.46,0,No Revenue Leakage,LOW,0.0
TEST000890,CUST00314,"Hayden, Fowler and Torres",Retail,Finance,West,USA,North Emily,antoniobarker@johnson-gonzalez.biz,833-848-1705x8025,2022-12-06,Inactive,Net 15,748956.0,Arjun Kumar,CON00093,Voice,Voice Basic,5.0,604.0,6075.0,0.0,18.0,Quarterly,12.0,Bronze,10.0,2026.0,1215.0,1132.0,1234.0,1086.0,6075.0,2026-04-11,2026-05-11,USD,Sent,Pending,3.0,1093.5,1093.5,0.0,0.0,6753.5,0,1,0,0,0,0,0,0,Usage Mismatch,415.0,1,15.0,1347,3.6878850102669403,83.0,0.9316872427983539,-678.5,1.111687242798354,0.0,1.0,0.0,0,5.0,5.965989399293286,-0.965989399293286,2.01158940397351,0.0,1.0156378600823046,0.8938271604938272,2026,4,11,5,2,2026,5,11,0.9994,99.94,1,Revenue Leakage Detected,HIGH,0.0
TEST000891,CUST00405,Roberts-Garcia,Enterprise,Manufacturing,West,Australia,Richardsonview,zcruz@marshall.com,2479196094,2021-12-16,Active,Net 15,819097.0,Sneha Patel,CON00106,Security,Endpoint Security,15.0,2488.0,17295.0,0.0,18.0,Yearly,12.0,Silver,10.0,2026.0,1153.0,1153.0,1347.0,969.0,17295.0,2026-01-11,2026-02-10,INR,Paid,Overdue,2.0,3113.1,3113.1,0.0,0.0,20408.1,0,0,0,0,0,0,0,0,,0.0,0,15.0,1702,4.659822039698836,0.0,1.0,-3113.0999999999985,1.18,0.0,1.0,0.0,0,15.0,17.7,-2.6999999999999993,0.4634244372990354,0.0,1.168256721595837,0.8404163052905465,2026,1,11,6,1,2026,2,10,0.0209,2.09,0,No Revenue Leakage,LOW,0.0
TEST000892,CUST00350,Rodriguez-Gonzales,Government,Healthcare,East,UK,Martinstad,tsmith@rodriguez.com,(366)850-2374,2025-10-03,Active,Net 45,617201.0,Priya Nair,CON00140,Cloud,Basic Cloud,20.0,1244.0,10740.0,10.0,18.0,Yearly,24.0,Platinum,12.0,2026.0,537.0,537.0,653.0,379.0,10740.0,2026-01-11,2026-02-10,INR,Generated,Overdue,2.0,1933.2,1933.2,10.0,1074.0,8392.71,0,0,0,1,0,0,0,0,Wrong Pricing,3206.49,1,45.0,315,0.8624229979466119,0.0,1.0,2347.290000000001,0.7814441340782122,0.0,1.0,0.0,0,20.0,15.628882681564244,4.371117318435756,0.4316720257234727,0.0,1.2160148975791434,0.7057728119180633,2026,1,11,6,1,2026,2,10,0.9995,99.95,1,Revenue Leakage Detected,HIGH,2347.290000000001
TEST000893,CUST00117,Ford-Phelps,Enterprise,Education,North,Singapore,East Lindseyport,lewismelissa@davis.com,(980)344-2067x8831,2022-10-14,Inactive,Net 45,757689.0,John Thomas,CON00032,Cloud,Business Cloud,20.0,2056.0,11700.0,10.0,18.0,Monthly,12.0,Gold,12.0,2026.0,585.0,585.0,774.0,427.0,11700.0,2025-08-17,2025-09-16,USD,Generated,Pending,1.0,2106.0,2106.0,10.0,1170.0,12636.0,0,0,0,0,0,0,0,0,,0.0,0,45.0,1400,3.8329911019849416,0.0,1.0,-936.0,1.08,0.0,1.0,0.0,0,20.0,21.6,-1.6000000000000014,0.2845330739299611,0.0,1.323076923076923,0.7299145299145299,2025,8,17,6,3,2025,9,16,0.0795,7.95,0,No Revenue Leakage,LOW,0.0
TEST000894,CUST00016,"Hartman, Graham and Joyce",SMB,Logistics,South,India,South Rachelborough,bradley60@frost.com,(861)659-5148x465,2026-04-24,Suspended,Net 15,80535.0,Arjun Kumar,CON00014,Cloud,Enterprise Cloud,20.0,2214.0,10420.0,0.0,18.0,Quarterly,24.0,Gold,1.0,2026.0,521.0,521.0,645.0,333.0,10420.0,2026-03-10,2026-04-09,INR,Sent,Pending,3.0,1875.6,1875.6,0.0,0.0,12295.6,0,0,0,0,0,0,0,0,,0.0,0,15.0,112,0.3066392881587953,0.0,1.0,-1875.6000000000004,1.18,0.0,1.0,0.0,0,20.0,23.6,-3.6000000000000014,0.23532068654019875,0.0,1.238003838771593,0.6391554702495201,2026,3,10,1,1,2026,4,9,0.021,2.1,0,No Revenue Leakage,LOW,0.0
TEST000895,CUST00121,Stokes Group,Government,Logistics,West,UK,Katiebury,craigsandoval@ferguson-moody.com,001-439-565-2239x55905,2025-10-13,Inactive,Net 60,74071.0,Arjun Kumar,CON00128,Voice,Voice Basic,5.0,549.0,6135.0,15.0,18.0,Monthly,24.0,Gold,11.0,2026.0,1227.0,1227.0,1419.0,1115.0,6135.0,2026-05-14,2026-06-13,INR,Generated,Paid,2.0,1104.3,1104.3,15.0,920.25,6319.05,0,0,0,0,0,0,0,0,,0.0,0,60.0,305,0.8350444900752909,0.0,1.0,-184.05000000000018,1.03,0.0,1.0,0.0,0,5.0,5.15,-0.15000000000000036,2.2349726775956285,0.0,1.156479217603912,0.908720456397718,2026,5,14,3,2,2026,6,13,0.076,7.6,0,No Revenue Leakage,LOW,0.0
TEST000896,CUST00070,Campbell PLC,Government,Finance,South,Australia,Mitchelltown,jordannicole@diaz.com,001-983-658-4168,2022-08-10,Inactive,Net 60,483374.0,Priya Nair,CON00198,Cloud,Basic Cloud,20.0,2861.0,39980.0,0.0,18.0,Monthly,24.0,Silver,9.0,2026.0,1999.0,1999.0,2192.0,1968.0,39980.0,2025-12-14,2026-01-13,EUR,Generated,Overdue,3.0,7196.4,7196.4,0.0,0.0,47176.4,0,0,0,0,0,0,0,0,,0.0,0,60.0,1465,4.010951403148528,0.0,1.0,-7196.4000000000015,1.18,0.0,1.0,0.0,0,20.0,23.6,-3.6000000000000014,0.6987067458930444,0.0,1.0965482741370685,0.9844922461230615,2025,12,14,6,4,2026,1,13,0.021,2.1,0,No Revenue Leakage,LOW,0.0
TEST000897,CUST00290,Olson-Collins,Retail,Finance,North,India,Mcculloughfurt,mdavenport@gill.info,001-277-925-1996x63658,2023-12-15,Suspended,Net 45,267285.0,Sneha Patel,CON00104,Cloud,Business Cloud,20.0,2138.0,36900.0,5.0,18.0,Monthly,36.0,Bronze,2.0,2026.0,1845.0,1845.0,1851.0,1685.0,36900.0,2026-04-27,2026-05-27,INR,Paid,Paid,1.0,6642.0,6642.0,15.0,5535.0,38007.0,0,0,1,0,0,0,0,0,Extra Discount,3690.0,1,45.0,973,2.6639288158795345,0.0,1.0,-1107.0,1.03,0.0,1.0,-10.0,1,20.0,20.6,-0.6000000000000014,0.862956033676333,0.0,1.0032520325203251,0.9132791327913279,2026,4,27,0,2,2026,5,27,0.9977,99.77,1,Revenue Leakage Detected,HIGH,0.0
TEST000898,CUST00043,"Harris, Gallegos and Spencer",Enterprise,Finance,West,USA,Port Molly,kim90@garrison-thomas.com,+1-742-210-2053,2023-01-29,Inactive,Net 30,831474.0,Sneha Patel,CON00132,SaaS,ERP,25.0,2869.0,71775.0,5.0,18.0,Quarterly,12.0,Bronze,1.0,2026.0,2871.0,2871.0,3016.0,2839.0,71775.0,2026-01-15,2026-02-14,USD,Paid,Paid,1.0,12919.5,12919.5,5.0,3588.75,81105.75,0,0,0,0,0,0,0,0,,0.0,0,30.0,1293,3.540041067761807,0.0,1.0,-9330.75,1.13,0.0,1.0,0.0,0,25.0,28.25,-3.25,1.0006971070059254,0.0,1.0505050505050506,0.988854057819575,2026,1,15,3,1,2026,2,14,0.0397,3.97,0,No Revenue Leakage,LOW,0.0
TEST000899,CUST00160,Vance PLC,Retail,Finance,East,UK,Dennishaven,sanderswayne@allen.com,001-582-372-2992x75037,2023-11-05,Active,Net 60,914266.0,Priya Nair,CON00172,Cloud,Basic Cloud,20.0,2200.0,56120.0,10.0,18.0,Monthly,36.0,Platinum,2.0,2026.0,2806.0,2806.0,3094.0,2720.0,56120.0,2025-12-17,2026-01-16,USD,Generated,Overdue,3.0,10101.6,10101.6,10.0,5612.0,60609.6,0,0,0,0,0,0,0,0,,0.0,0,60.0,1013,2.7734428473648185,0.0,1.0,-4489.5999999999985,1.08,0.0,1.0,0.0,0,20.0,21.599999999999998,-1.5999999999999979,1.2754545454545454,0.0,1.1026372059871703,0.9693513898788311,2025,12,17,2,4,2026,1,16,0.0483,4.83,0,No Revenue Leakage,LOW,0.0
TEST000900,CUST00337,"Long, Henderson and Kennedy",Retail,Telecom,South,Singapore,Katherinefurt,rosejustin@leblanc.com,(959)904-7292,2024-01-27,Inactive,Net 15,168413.0,Arjun Kumar,CON00022,Voice,Voice Premium,5.0,612.0,11370.0,15.0,18.0,Yearly,24.0,Silver,4.0,2026.0,2274.0,2274.0,2410.0,2164.0,11370.0,2025-09-14,2025-10-14,USD,Paid,Overdue,3.0,2046.6,2046.6,15.0,1705.5,11711.1,0,0,0,0,0,0,0,0,,0.0,0,15.0,930,2.546201232032854,0.0,1.0,-341.10000000000036,1.03,0.0,1.0,0.0,0,5.0,5.15,-0.15000000000000036,3.715686274509804,0.0,1.059806508355321,0.951627088830255,2025,9,14,6,3,2025,10,14,0.0278,2.78,0,No Revenue Leakage,LOW,0.0
TEST000901,CUST00078,"Davis, Holden and Woods",Enterprise,Manufacturing,North,India,North Jose,seanadams@turner-sharp.com,653-701-7426x841,2023-06-23,Inactive,Net 15,593176.0,John Thomas,CON00083,SaaS,ERP,25.0,2519.0,65325.0,10.0,18.0,Quarterly,24.0,Bronze,11.0,2026.0,2613.0,2613.0,2628.0,2576.0,65325.0,2026-04-29,2026-05-29,INR,Paid,Overdue,1.0,11758.5,11758.5,10.0,6532.5,70551.0,0,0,0,0,0,0,0,0,,0.0,0,15.0,1148,3.143052703627652,0.0,1.0,-5226.0,1.08,0.0,1.0,0.0,0,25.0,27.0,-2.0,1.037316395394998,0.0,1.0057405281285878,0.98584003061615,2026,4,29,2,2,2026,5,29,0.1849,18.49,0,No Revenue Leakage,LOW,0.0
TEST000902,CUST00450,"Lopez, Johnson and Lamb",Enterprise,Education,East,UK,Watkinschester,pwells@cummings-burke.info,+1-464-403-8166x49690,2024-02-25,Inactive,Net 45,586397.0,John Thomas,CON00134,Cloud,Basic Cloud,20.0,2212.0,21840.0,15.0,18.0,Yearly,36.0,Gold,5.0,2026.0,1092.0,1092.0,1361.0,976.0,21840.0,2026-06-02,2026-07-02,INR,Paid,Overdue,2.0,3931.2,3931.2,15.0,3276.0,22495.2,0,0,0,0,0,0,0,0,,0.0,0,45.0,901,2.4668035592060233,0.0,1.0,-655.2000000000007,1.03,0.0,1.0,0.0,0,20.0,20.6,-0.6000000000000014,0.4936708860759494,0.0,1.2463369963369964,0.8937728937728938,2026,6,2,1,2,2026,7,2,0.2802,28.02,0,No Revenue Leakage,LOW,0.0
TEST000903,CUST00406,Estes-Mcdonald,Retail,Education,South,Singapore,Hillburgh,vincent83@orr-warren.net,622-859-5724,2022-03-05,Inactive,Net 45,499830.0,Priya Nair,CON00019,Internet,Fiber 300,10.0,2249.0,27960.0,10.0,18.0,Yearly,12.0,Silver,6.0,2026.0,2796.0,2796.0,2900.0,2610.0,27960.0,2026-08-02,2026-09-01,EUR,Paid,Pending,1.0,5032.8,5032.8,10.0,2796.0,30196.8,0,0,0,0,0,0,0,0,,0.0,0,45.0,1623,4.4435318275154,0.0,1.0,-2236.7999999999993,1.08,0.0,1.0,0.0,0,10.0,10.799999999999999,-0.7999999999999989,1.2432192085371276,0.0,1.0371959942775393,0.9334763948497854,2026,8,2,6,3,2026,9,1,0.0103,1.03,0,No Revenue Leakage,LOW,0.0
TEST000904,CUST00006,"Gonzalez, Brooks and Martin",Retail,Logistics,West,India,New Mariotown,hickmannatasha@allen-allen.org,417-618-2278,2026-01-31,Suspended,Net 15,578178.0,Sneha Patel,CON00186,SaaS,HRMS,25.0,1903.0,67675.0,15.0,18.0,Monthly,24.0,Silver,12.0,2026.0,2707.0,2707.0,2919.0,2615.0,67675.0,2026-02-17,2026-03-19,USD,Paid,Paid,2.0,12181.5,12181.5,15.0,10151.25,69705.25,0,0,0,0,0,0,0,0,,0.0,0,15.0,195,0.5338809034907598,0.0,1.0,-2030.25,1.03,0.0,1.0,0.0,0,25.0,25.75,-0.75,1.422490803993694,0.0,1.078315478389361,0.9660140376800886,2026,2,17,1,1,2026,3,19,0.0317,3.17,0,No Revenue Leakage,LOW,0.0
TEST000905,CUST00011,"Silva, Mills and Donovan",SMB,Telecom,South,USA,Lake Jennifer,josephanderson@evans.com,6794911838,2024-07-25,Inactive,Net 60,585822.0,Arjun Kumar,CON00078,Security,SOC,15.0,2819.0,34515.0,15.0,18.0,Yearly,12.0,Platinum,5.0,2026.0,2301.0,2301.0,2525.0,2172.0,34515.0,2026-07-27,2026-08-26,USD,Generated,Paid,3.0,6212.7,6212.7,15.0,5177.25,35550.45,0,0,0,0,0,0,0,0,,0.0,0,60.0,750,2.0533880903490758,0.0,1.0,-1035.449999999997,1.03,0.0,1.0,0.0,0,15.0,15.45,-0.4499999999999993,0.8162468960624335,0.0,1.0973489787049109,0.9439374185136897,2026,7,27,0,3,2026,8,26,0.0198,1.98,0,No Revenue Leakage,LOW,0.0
TEST000906,CUST00003,Galloway-Wyatt,SMB,Manufacturing,South,Singapore,South Joshuastad,mitchellclark@miles-sutton.com,+1-528-232-7648x350,2024-04-12,Inactive,Net 30,249041.0,Arjun Kumar,CON00042,Voice,Voice Basic,5.0,2724.0,12285.0,5.0,18.0,Yearly,36.0,Bronze,8.0,2026.0,2457.0,2457.0,2697.0,2260.0,12285.0,2026-04-29,2026-05-29,EUR,Sent,Overdue,2.0,2211.3,2211.3,5.0,614.25,13882.05,0,0,0,0,0,0,0,0,,0.0,0,30.0,854,2.3381245722108144,0.0,1.0,-1597.0499999999993,1.13,0.0,1.0,0.0,0,5.0,5.6499999999999995,-0.6499999999999995,0.9019823788546255,0.0,1.0976800976800978,0.9198209198209198,2026,4,29,2,2,2026,5,29,0.1808,18.08,0,No Revenue Leakage,LOW,0.0
TEST000907,CUST00350,Rodriguez-Gonzales,Government,Healthcare,East,UK,Martinstad,tsmith@rodriguez.com,(366)850-2374,2025-10-03,Active,Net 45,617201.0,Priya Nair,CON00037,Internet,Fiber 300,10.0,1598.0,10760.0,0.0,18.0,Monthly,24.0,Gold,5.0,2026.0,1076.0,1076.0,1162.0,981.0,10760.0,2026-07-04,2026-08-03,USD,Generated,Pending,2.0,1936.8,1936.8,0.0,0.0,9524.32,0,0,0,0,0,0,1,0,Contract Violation,3172.48,1,45.0,315,0.8624229979466119,0.0,1.0,1235.6800000000003,0.8851598513011152,0.0,1.0,0.0,0,10.0,8.851598513011153,1.1484014869888473,0.6733416770963705,0.0,1.079925650557621,0.9117100371747212,2026,7,4,5,3,2026,8,3,0.9998,99.98,1,Revenue Leakage Detected,HIGH,1235.6800000000003
TEST000908,CUST00488,Chavez-Tran,SMB,Telecom,West,USA,Port Teresaburgh,gwilkins@thomas.com,001-503-458-9298x80858,2024-10-12,Suspended,Net 45,653291.0,Arjun Kumar,CON00178,Voice,Voice Premium,5.0,911.0,7765.0,15.0,18.0,Yearly,36.0,Bronze,4.0,2026.0,1553.0,1553.0,1762.0,1381.0,7765.0,2026-04-11,2026-05-11,INR,Generated,Paid,1.0,1397.7,1397.7,15.0,1164.75,7997.95,0,0,0,0,0,0,0,0,,0.0,0,45.0,671,1.83709787816564,0.0,1.0,-232.94999999999982,1.03,0.0,1.0,0.0,0,5.0,5.1499999999999995,-0.14999999999999947,1.7047200878155873,0.0,1.1345782356728913,0.8892466194462331,2026,4,11,5,2,2026,5,11,0.0228,2.28,0,No Revenue Leakage,LOW,0.0
TEST000909,CUST00254,"Hanson, Wolf and Guerrero",SMB,Telecom,South,USA,Sparksborough,ebony78@daniels-pacheco.net,+1-900-961-6756,2021-11-25,Active,Net 45,600719.0,Rahul Sharma,CON00020,Internet,Fiber 300,10.0,776.0,11820.0,15.0,18.0,Quarterly,24.0,Bronze,6.0,2026.0,1182.0,1182.0,1341.0,987.0,11820.0,2026-07-01,2026-07-31,USD,Generated,Pending,2.0,2127.6,2127.6,20.0,2364.0,11583.6,0,0,1,0,0,0,0,0,Extra Discount,591.0,1,45.0,1723,4.717316906228611,0.0,1.0,236.39999999999964,0.98,0.0,1.0,-5.0,1,10.0,9.8,0.1999999999999993,1.5231958762886597,0.0,1.134517766497462,0.8350253807106599,2026,7,1,2,3,2026,7,31,0.9989,99.89,1,Revenue Leakage Detected,HIGH,236.39999999999964
TEST000910,CUST00213,"Robles, Nguyen and Banks",Government,Logistics,West,India,Amandafurt,pallen@moore.com,001-396-969-5832x197,2024-05-12,Active,Net 30,689896.0,Sneha Patel,CON00052,Security,SOC,15.0,1551.0,31965.0,5.0,18.0,Monthly,36.0,Platinum,2.0,2026.0,2131.0,2131.0,2361.0,2021.0,31965.0,2026-04-25,2026-05-25,USD,Paid,Overdue,3.0,5753.7,5753.7,5.0,1598.25,36120.45,0,0,0,0,0,0,0,0,,0.0,0,30.0,824,2.2559890485968515,0.0,1.0,-4155.449999999997,1.13,0.0,1.0,0.0,0,15.0,16.95,-1.9499999999999993,1.373952288845906,0.0,1.1079305490380102,0.9483810417644298,2026,4,25,5,2,2026,5,25,0.0584,5.84,0,No Revenue Leakage,LOW,0.0
TEST000911,CUST00445,Walsh-Brown,Government,Logistics,South,India,Port Amyborough,cookemily@hurst-jackson.org,001-458-906-6013x8241,2021-12-22,Active,Net 60,741958.0,John Thomas,CON00156,Voice,Voice Premium,5.0,993.0,9240.0,5.0,18.0,Monthly,36.0,Bronze,3.0,2026.0,1848.0,1848.0,1962.0,1747.0,9240.0,2026-06-01,2026-07-01,EUR,Paid,Paid,2.0,1663.2,1663.2,5.0,462.0,10441.2,0,0,0,0,0,0,0,0,,0.0,0,60.0,1696,4.643394934976044,0.0,1.0,-1201.2000000000007,1.1300000000000001,0.0,1.0,0.0,0,5.0,5.65,-0.6500000000000004,1.8610271903323263,0.0,1.0616883116883118,0.9453463203463204,2026,6,1,0,2,2026,7,1,0.1515,15.15,0,No Revenue Leakage,LOW,0.0
TEST000912,CUST00227,"Lopez, Johnson and Johnson",Enterprise,Manufacturing,East,USA,South Paul,victor70@morgan.com,(213)987-8293x1027,2021-12-26,Suspended,Net 30,992929.0,Rahul Sharma,CON00029,Internet,Fiber 300,10.0,1536.0,16590.0,15.0,18.0,Yearly,24.0,Gold,8.0,2026.0,1659.0,1659.0,1735.0,1533.0,16590.0,2026-03-09,2026-04-08,USD,Paid,Paid,2.0,2986.2,2986.2,15.0,2488.5,17087.7,0,0,0,0,0,0,0,0,,0.0,0,30.0,1692,4.632443531827516,0.0,1.0,-497.7000000000007,1.03,0.0,1.0,0.0,0,10.0,10.3,-0.3000000000000007,1.080078125,0.0,1.0458107293550332,0.9240506329113924,2026,3,9,0,1,2026,4,8,0.0687,6.87,0,No Revenue Leakage,LOW,0.0
TEST000913,CUST00149,Waller-Chavez,Enterprise,Education,West,UK,East Robert,megan85@doyle.com,+1-845-622-8851x587,2025-03-10,Active,Net 15,572244.0,John Thomas,CON00085,SaaS,ERP,25.0,2968.0,19225.0,5.0,18.0,Monthly,12.0,Platinum,4.0,2026.0,769.0,769.0,807.0,572.0,19225.0,2026-02-25,2026-03-27,EUR,Paid,Paid,1.0,3460.5,3460.5,5.0,961.25,21724.25,0,0,0,0,0,0,0,0,,0.0,0,15.0,522,1.429158110882957,0.0,1.0,-2499.25,1.13,0.0,1.0,0.0,0,25.0,28.25,-3.25,0.25909703504043125,0.0,1.0494148244473342,0.7438231469440832,2026,2,25,2,1,2026,3,27,0.1157,11.57,0,No Revenue Leakage,LOW,0.0
TEST000914,CUST00212,Bryant Ltd,SMB,Logistics,West,UK,Ruizbury,michellejensen@myers-lyons.com,477-301-7157x72459,2025-01-17,Active,Net 30,184055.0,Priya Nair,CON00083,SaaS,ERP,25.0,2519.0,67425.0,10.0,18.0,Quarterly,24.0,Bronze,10.0,2026.0,2697.0,2697.0,2736.0,2670.0,67425.0,2025-10-29,2025-11-28,USD,Sent,Overdue,3.0,12136.5,12136.5,10.0,6742.5,72819.0,0,0,0,0,0,0,0,0,,0.0,0,30.0,574,1.571526351813826,0.0,1.0,-5394.0,1.08,0.0,1.0,0.0,0,25.0,27.0,-2.0,1.0706629614926557,0.0,1.0144605116796441,0.9899888765294772,2025,10,29,2,4,2025,11,28,0.1899,18.99,0,No Revenue Leakage,LOW,0.0
TEST000915,CUST00368,Martin-Pratt,Retail,IT,North,Singapore,Leeville,millercarrie@johnson-campbell.net,213-590-4383,2023-11-20,Active,Net 60,191214.0,Arjun Kumar,CON00119,Voice,Voice Basic,5.0,577.0,4845.0,5.0,18.0,Monthly,36.0,Silver,10.0,2026.0,969.0,969.0,1044.0,852.0,4845.0,2026-01-20,2026-02-19,INR,Paid,Overdue,3.0,872.1,872.1,5.0,242.25,5474.85,0,0,0,0,0,0,0,0,,0.0,0,60.0,998,2.732375085557837,0.0,1.0,-629.8500000000004,1.1300000000000001,0.0,1.0,0.0,0,5.0,5.65,-0.6500000000000004,1.6793760831889082,0.0,1.0773993808049536,0.8792569659442725,2026,1,20,1,1,2026,2,19,0.0551,5.51,0,No Revenue Leakage,LOW,0.0
TEST000916,CUST00058,Brooks Inc,SMB,Finance,West,UK,Sarahmouth,devinmitchell@horton-taylor.info,390.610.4328x986,2023-08-14,Active,Net 30,755086.0,Sneha Patel,CON00157,SaaS,ERP,25.0,794.0,57425.0,0.0,18.0,Monthly,36.0,Silver,3.0,2026.0,2297.0,2297.0,2590.0,2183.0,57425.0,2025-12-23,2026-01-22,EUR,Sent,Pending,1.0,10336.5,10336.5,0.0,0.0,67761.5,0,0,0,0,0,0,0,0,,0.0,0,30.0,1096,3.0006844626967832,0.0,1.0,-10336.5,1.18,0.0,1.0,0.0,0,25.0,29.5,-4.5,2.892947103274559,0.0,1.127557683935568,0.9503700478885503,2025,12,23,1,4,2026,1,22,0.0532,5.32,0,No Revenue Leakage,LOW,0.0
TEST000917,CUST00266,Long Group,SMB,Logistics,South,USA,North Stacy,rebeccamccann@green.com,(896)994-2152x9108,2025-10-19,Suspended,Net 60,374912.0,John Thomas,CON00183,SaaS,CRM,25.0,804.0,27700.0,10.0,18.0,Yearly,24.0,Silver,1.0,2026.0,1108.0,1108.0,1311.0,999.0,27700.0,2026-04-17,2026-05-17,INR,Sent,Overdue,1.0,4986.0,4986.0,10.0,2770.0,29916.0,0,0,0,0,0,0,0,0,,0.0,0,60.0,299,0.8186173853524983,0.0,1.0,-2216.0,1.08,0.0,1.0,0.0,0,25.0,27.0,-2.0,1.3781094527363185,0.0,1.1832129963898916,0.9016245487364621,2026,4,17,4,2,2026,5,17,0.0789,7.89,0,No Revenue Leakage,LOW,0.0
TEST000918,CUST00233,Harris-Martinez,Retail,Finance,South,Australia,West Derekmouth,wbarnes@robinson-phillips.com,+1-992-698-3168x7397,2021-09-20,Active,Net 60,922388.0,Sneha Patel,CON00039,Cloud,Enterprise Cloud,20.0,2299.0,57180.0,0.0,18.0,Quarterly,24.0,Bronze,3.0,2026.0,2859.0,2859.0,3068.0,2721.0,57180.0,2025-12-15,2026-01-14,USD,Paid,Paid,3.0,10292.4,10292.4,0.0,0.0,51212.0,0,0,0,0,1,0,0,0,Missing Charge,16260.4,1,60.0,1789,4.898015058179329,0.0,1.0,5968.0,0.8956278419027632,0.0,1.0,0.0,0,20.0,17.912556838055263,2.087443161944737,1.2435841670291432,0.0,1.0731024833857992,0.9517313746065058,2025,12,15,0,4,2026,1,14,0.9999,99.99,1,Revenue Leakage Detected,HIGH,5968.0
TEST000919,CUST00063,Allison Ltd,Retail,Finance,East,USA,Johnsonland,kimberlydiaz@herring-johnson.com,+1-375-257-1928x56543,2023-03-07,Active,Net 30,58308.0,Rahul Sharma,CON00009,Internet,Fiber 1000,10.0,2208.0,15440.0,10.0,18.0,Quarterly,24.0,Bronze,12.0,2026.0,1544.0,1544.0,1602.0,1476.0,15440.0,2025-09-01,2025-10-01,USD,Paid,Paid,1.0,2779.2,2779.2,10.0,1544.0,16675.2,0,0,0,0,0,0,0,0,,0.0,0,30.0,1256,3.4387405886379194,0.0,1.0,-1235.2000000000007,1.08,0.0,1.0,0.0,0,10.0,10.8,-0.8000000000000007,0.6992753623188406,0.0,1.0375647668393781,0.9559585492227979,2025,9,1,0,3,2025,10,1,0.2816,28.16,0,No Revenue Leakage,LOW,0.0
TEST000920,CUST00003,Galloway-Wyatt,SMB,Manufacturing,South,Singapore,South Joshuastad,mitchellclark@miles-sutton.com,+1-528-232-7648x350,2024-04-12,Inactive,Net 30,249041.0,Arjun Kumar,CON00155,SaaS,ERP,25.0,2493.0,16925.0,5.0,18.0,Monthly,36.0,Gold,6.0,2026.0,677.0,677.0,902.0,650.0,16925.0,2026-08-02,2026-09-01,INR,Generated,Overdue,2.0,3046.5,3046.5,5.0,846.25,19125.25,0,0,0,0,0,0,0,0,,0.0,0,30.0,854,2.3381245722108144,0.0,1.0,-2200.25,1.13,0.0,1.0,0.0,0,25.0,28.25,-3.25,0.2715603690332932,0.0,1.3323485967503692,0.9601181683899557,2026,8,2,6,3,2026,9,1,0.1001,10.01,0,No Revenue Leakage,LOW,0.0
TEST000921,CUST00439,"Harris, Mendez and Klein",Retail,Education,South,UK,Thomasborough,sara22@espinoza.com,(971)704-3318,2022-05-27,Active,Net 45,792849.0,Arjun Kumar,CON00195,Voice,Voice Basic,5.0,1143.0,9095.0,10.0,18.0,Yearly,24.0,Silver,6.0,2026.0,1819.0,1679.0,1891.0,1656.0,9095.0,2026-01-11,2026-02-10,USD,Generated,Pending,2.0,1637.1,1637.1,10.0,909.5,9122.6,0,1,0,0,0,0,0,0,Usage Mismatch,700.0,1,45.0,1540,4.216290212183436,140.0,0.9230346344145135,-27.600000000000364,1.0030346344145136,0.0,1.0,0.0,0,5.0,5.433353186420488,-0.43335318642048826,1.5914260717410325,0.0,1.039582188015393,0.9103903243540407,2026,1,11,6,1,2026,2,10,0.9997,99.97,1,Revenue Leakage Detected,HIGH,0.0
TEST000922,CUST00231,Rodriguez and Sons,SMB,Telecom,South,India,Jimenezburgh,brownmichael@hamilton.org,001-970-710-8220x78113,2025-02-27,Suspended,Net 60,878952.0,Sneha Patel,CON00137,Voice,Voice Basic,5.0,2777.0,2895.0,15.0,18.0,Yearly,36.0,Bronze,12.0,2026.0,579.0,579.0,804.0,525.0,2895.0,2026-05-17,2026-06-16,INR,Sent,Overdue,2.0,521.1,521.1,15.0,434.25,2981.85,0,0,0,0,0,0,0,0,,0.0,0,60.0,533,1.45927446954141,0.0,1.0,-86.84999999999991,1.03,0.0,1.0,0.0,0,5.0,5.1499999999999995,-0.14999999999999947,0.20849837954627295,0.0,1.38860103626943,0.9067357512953368,2026,5,17,6,2,2026,6,16,0.2193,21.93,0,No Revenue Leakage,LOW,0.0
TEST000923,CUST00128,Baker-Hood,Enterprise,Telecom,East,USA,East Karenville,barnettlindsey@arellano-lawrence.net,6683687937,2024-12-14,Suspended,Net 30,618535.0,Priya Nair,CON00150,Security,Firewall,15.0,868.0,17085.0,0.0,18.0,Yearly,36.0,Gold,10.0,2026.0,1139.0,1139.0,1341.0,947.0,17085.0,2025-10-15,2025-11-14,USD,Paid,Pending,1.0,3075.3,3075.3,0.0,0.0,15275.8,0,0,0,1,0,0,0,0,Wrong Pricing,4884.5,1,30.0,608,1.6646132785763177,0.0,1.0,1809.2000000000007,0.8941059408838161,0.0,1.0,0.0,0,15.0,13.411589113257243,1.588410886742757,1.3122119815668203,0.0,1.1773485513608428,0.8314310798946444,2025,10,15,2,4,2025,11,14,0.9999,99.99,1,Revenue Leakage Detected,HIGH,1809.2000000000007
TEST000924,CUST00299,"Anderson, Brown and Green",Enterprise,IT,East,Australia,New Jessica,james08@king.biz,+1-505-266-4187x7580,2023-12-17,Active,Net 15,684457.0,Arjun Kumar,CON00114,Voice,Voice Premium,5.0,1506.0,13420.0,10.0,18.0,Quarterly,12.0,Gold,6.0,2026.0,2684.0,2684.0,2856.0,2597.0,13420.0,2025-08-13,2025-09-12,EUR,Generated,Overdue,2.0,2415.6,2415.6,10.0,1342.0,14493.6,0,0,0,0,0,0,0,1,Late Billing,2267.0,1,15.0,971,2.6584531143052703,0.0,1.0,-1073.6000000000004,1.08,0.0,1.0,0.0,0,5.0,5.4,-0.40000000000000036,1.7822045152722443,0.0,1.0640834575260805,0.9675856929955291,2025,8,13,2,3,2025,9,12,0.098,9.8,0,No Revenue Leakage,LOW,0.0
TEST000925,CUST00405,Roberts-Garcia,Enterprise,Manufacturing,West,Australia,Richardsonview,zcruz@marshall.com,2479196094,2021-12-16,Active,Net 15,819097.0,Sneha Patel,CON00104,Cloud,Business Cloud,20.0,2138.0,40800.0,5.0,18.0,Monthly,36.0,Bronze,1.0,2026.0,2040.0,2040.0,2272.0,2033.0,40800.0,2025-11-20,2025-12-20,INR,Generated,Paid,1.0,7344.0,7344.0,20.0,8160.0,39984.0,0,0,1,0,0,0,0,0,Extra Discount,6120.0,1,15.0,1702,4.659822039698836,0.0,1.0,816.0,0.98,0.0,1.0,-15.0,1,20.0,19.6,0.3999999999999986,0.9541627689429373,0.0,1.1137254901960785,0.9965686274509804,2025,11,20,3,4,2025,12,20,0.9998,99.98,1,Revenue Leakage Detected,HIGH,816.0
TEST000926,CUST00045,Weber-Richards,Retail,Logistics,East,India,Oscarhaven,shawn96@mcguire.net,001-736-673-6576x6156,2024-10-11,Active,Net 60,775451.0,John Thomas,CON00009,Internet,Fiber 1000,10.0,2208.0,22900.0,10.0,18.0,Quarterly,24.0,Bronze,11.0,2026.0,2290.0,2290.0,2439.0,2140.0,22900.0,2026-03-14,2026-04-13,USD,Paid,Pending,3.0,4122.0,4122.0,10.0,2290.0,21030.32,0,0,0,1,0,0,0,0,Wrong Pricing,3701.68,1,60.0,672,1.839835728952772,0.0,1.0,1869.6800000000003,0.9183545851528384,0.0,1.0,0.0,0,10.0,9.183545851528384,0.8164541484716157,1.0371376811594204,0.0,1.0650655021834061,0.9344978165938864,2026,3,14,5,1,2026,4,13,0.9998,99.98,1,Revenue Leakage Detected,HIGH,1869.6800000000003
TEST000927,CUST00230,"Nelson, Cole and Allen",Enterprise,Healthcare,East,Singapore,New Heather,jennifersalazar@burton.com,(508)633-1819x58837,2022-01-17,Active,Net 15,854034.0,Rahul Sharma,CON00164,SaaS,CRM,25.0,2532.0,53700.0,5.0,18.0,Monthly,12.0,Silver,6.0,2026.0,2148.0,2148.0,2429.0,2094.0,53700.0,2026-05-08,2026-06-07,USD,Sent,Overdue,3.0,9666.0,9666.0,5.0,2685.0,52700.75,0,0,0,0,1,0,0,0,Missing Charge,7980.25,1,15.0,1670,4.572210814510609,0.0,1.0,999.25,0.9813919925512105,0.0,1.0,0.0,0,25.0,24.53479981378026,0.46520018621973946,0.8483412322274881,0.0,1.1308193668528863,0.9748603351955307,2026,5,8,4,2,2026,6,7,0.9999,99.99,1,Revenue Leakage Detected,HIGH,999.25
TEST000928,CUST00194,Smith-Benson,Government,IT,East,UK,West Shannontown,jason83@payne.net,692.206.9804x2043,2025-07-20,Inactive,Net 60,227900.0,Rahul Sharma,CON00024,SaaS,CRM,25.0,756.0,35050.0,15.0,18.0,Yearly,12.0,Silver,2.0,2026.0,1402.0,1402.0,1461.0,1268.0,35050.0,2025-11-14,2025-12-14,INR,Generated,Overdue,3.0,6309.0,6309.0,15.0,5257.5,36101.5,0,0,0,0,0,0,0,0,,0.0,0,60.0,390,1.0677618069815196,0.0,1.0,-1051.5,1.03,0.0,1.0,0.0,0,25.0,25.75,-0.75,1.8544973544973544,0.0,1.0420827389443652,0.9044222539229672,2025,11,14,4,4,2025,12,14,0.0535,5.35,0,No Revenue Leakage,LOW,0.0
TEST000929,CUST00483,"Perry, Moore and Thompson",Government,Telecom,South,UK,Lake Lisa,michaelbuckley@johnson.com,(254)895-0050x7026,2026-01-23,Active,Net 30,936364.0,John Thomas,CON00151,Security,Endpoint Security,15.0,2540.0,30780.0,5.0,18.0,Monthly,36.0,Gold,5.0,2026.0,2052.0,2052.0,2222.0,1902.0,30780.0,2025-09-28,2025-10-28,EUR,Sent,Paid,2.0,5540.4,5540.4,5.0,1539.0,34781.4,0,0,0,0,0,0,0,0,,0.0,0,30.0,203,0.5557837097878165,0.0,1.0,-4001.4000000000015,1.1300000000000001,0.0,1.0,0.0,0,15.0,16.95,-1.9499999999999993,0.8078740157480315,0.0,1.0828460038986354,0.9269005847953217,2025,9,28,6,3,2025,10,28,0.0481,4.81,0,No Revenue Leakage,LOW,0.0
TEST000930,CUST00198,Beard-Gutierrez,Retail,Telecom,North,UK,Turnerview,kimberlyrodriguez@johnson.org,499-993-9330x517,2024-10-10,Suspended,Net 60,428165.0,Priya Nair,CON00141,Internet,Fiber 100,10.0,1677.0,21260.0,0.0,18.0,Quarterly,12.0,Bronze,10.0,2026.0,2126.0,2126.0,2267.0,2060.0,21260.0,2025-12-16,2026-01-15,INR,Paid,Overdue,2.0,3826.8,3826.8,0.0,0.0,22743.43,0,0,0,1,0,0,0,0,Wrong Pricing,2343.37,1,60.0,673,1.842573579739904,0.0,1.0,-1483.4300000000003,1.0697756349952963,0.0,1.0,0.0,0,10.0,10.697756349952963,-0.6977563499529627,1.2677400119260585,0.0,1.0663217309501412,0.9689557855126999,2025,12,16,1,4,2026,1,15,0.9937,99.37,1,Revenue Leakage Detected,HIGH,0.0
TEST000931,CUST00277,Cabrera Ltd,Retail,Finance,North,UK,Port Anthony,pwong@graham.net,414.472.7601,2025-05-20,Active,Net 60,469065.0,Sneha Patel,CON00167,SaaS,CRM,25.0,2413.0,69950.0,15.0,18.0,Monthly,36.0,Bronze,9.0,2026.0,2798.0,2798.0,2851.0,2635.0,69950.0,2026-03-21,2026-04-20,INR,Sent,Overdue,2.0,12591.0,12591.0,15.0,10492.5,72048.5,0,0,0,0,0,1,0,0,Duplicate Invoice,72048.5,1,60.0,451,1.2347707049965777,0.0,1.0,-2098.5,1.03,0.0,1.0,0.0,0,25.0,25.75,-0.75,1.1595524243680067,0.0,1.0189421015010722,0.9417441029306648,2026,3,21,5,1,2026,4,20,0.1591,15.91,0,No Revenue Leakage,LOW,0.0
TEST000932,CUST00432,"Ingram, Green and Stewart",Government,Education,North,Singapore,Lambchester,dgreen@washington-robinson.com,276-239-2831x9952,2024-10-27,Active,Net 45,663375.0,Sneha Patel,CON00082,Cloud,Enterprise Cloud,20.0,744.0,27060.0,15.0,18.0,Quarterly,36.0,Silver,8.0,2026.0,1353.0,1353.0,1358.0,1294.0,27060.0,2026-04-16,2026-05-16,INR,Generated,Pending,3.0,4870.8,4870.8,15.0,4059.0,27871.8,0,0,0,0,0,0,0,0,,0.0,0,45.0,656,1.7960301163586585,0.0,1.0,-811.7999999999993,1.03,0.0,1.0,0.0,0,20.0,20.599999999999998,-0.5999999999999979,1.8185483870967742,0.0,1.0036954915003695,0.9563932002956393,2026,4,16,3,2,2026,5,16,0.0371,3.71,0,No Revenue Leakage,LOW,0.0
TEST000933,CUST00338,Clark Ltd,Enterprise,Logistics,South,Australia,Lake Denise,jessica91@floyd.biz,+1-820-515-7201x85962,2021-11-19,Inactive,Net 15,609873.0,John Thomas,CON00194,Internet,Fiber 100,10.0,2374.0,13430.0,10.0,18.0,Quarterly,36.0,Silver,2.0,2026.0,1343.0,1343.0,1450.0,1209.0,13430.0,2026-04-03,2026-05-03,EUR,Generated,Overdue,2.0,2417.4,2417.4,10.0,1343.0,14504.4,0,0,0,0,0,0,0,0,,0.0,0,15.0,1729,4.733744010951403,0.0,1.0,-1074.3999999999996,1.08,0.0,1.0,0.0,0,10.0,10.799999999999999,-0.7999999999999989,0.5657118786857624,0.0,1.0796723752792257,0.9002233804914371,2026,4,3,4,2,2026,5,3,0.0495,4.95,0,No Revenue Leakage,LOW,0.0
TEST000934,CUST00455,Green-Walters,Enterprise,Telecom,West,India,Shawfort,megan51@pollard.biz,+1-612-205-9438x97607,2022-08-18,Inactive,Net 15,896143.0,Rahul Sharma,CON00022,Voice,Voice Premium,5.0,612.0,6470.0,15.0,18.0,Yearly,24.0,Silver,11.0,2026.0,1294.0,1294.0,1563.0,1192.0,6470.0,2026-01-17,2026-02-16,EUR,Sent,Pending,1.0,1164.6,1164.6,15.0,970.5,6664.1,0,0,0,0,0,0,0,0,,0.0,0,15.0,1457,3.9890485968514717,0.0,1.0,-194.10000000000036,1.03,0.0,1.0,0.0,0,5.0,5.15,-0.15000000000000036,2.1143790849673203,0.0,1.2078825347758888,0.9211746522411128,2026,1,17,5,1,2026,2,16,0.1522,15.22,0,No Revenue Leakage,LOW,0.0
TEST000935,CUST00464,Porter-Rodriguez,SMB,Manufacturing,East,Singapore,Monicaburgh,stevenrivers@goodman.biz,676.816.4819x80770,2021-12-07,Active,Net 15,914434.0,Arjun Kumar,CON00050,Security,Endpoint Security,15.0,1148.0,39510.0,0.0,18.0,Quarterly,24.0,Gold,3.0,2026.0,2634.0,2634.0,2809.0,2599.0,39510.0,2026-06-28,2026-07-28,INR,Generated,Paid,3.0,7111.8,7111.8,0.0,0.0,46621.8,0,0,0,0,0,0,0,0,,0.0,0,15.0,1711,4.684462696783025,0.0,1.0,-7111.800000000003,1.1800000000000002,0.0,1.0,0.0,0,15.0,17.700000000000003,-2.700000000000003,2.294425087108014,0.0,1.0664388762338648,0.9867122247532271,2026,6,28,6,2,2026,7,28,0.058,5.8,0,No Revenue Leakage,LOW,0.0
TEST000936,CUST00052,"Snyder, Webster and Wolf",Retail,Healthcare,West,USA,Maldonadoshire,michelle52@jones-ramos.com,690-358-1477x005,2022-05-13,Active,Net 30,563758.0,Priya Nair,CON00080,Internet,Fiber 1000,10.0,2858.0,26940.0,5.0,18.0,Quarterly,36.0,Silver,10.0,2026.0,2694.0,2694.0,2724.0,2496.0,26940.0,2026-06-07,2026-07-07,USD,Sent,Overdue,1.0,4849.2,4849.2,5.0,1347.0,25764.56,0,0,0,0,1,0,0,0,Missing Charge,4677.64,1,30.0,1554,4.254620123203286,0.0,1.0,1175.4399999999987,0.9563682256867112,0.0,1.0,0.0,0,10.0,9.563682256867112,0.4363177431328875,0.9426172148355494,0.0,1.0111358574610245,0.9265033407572383,2026,6,7,6,2,2026,7,7,0.9998,99.98,1,Revenue Leakage Detected,HIGH,1175.4399999999987
TEST000937,CUST00013,Walters LLC,Retail,Finance,North,Singapore,North Matthewberg,evan78@patterson.com,+1-605-798-2620,2021-12-07,Active,Net 15,612332.0,Sneha Patel,CON00023,Voice,Voice Basic,5.0,2072.0,6980.0,0.0,18.0,Yearly,12.0,Bronze,12.0,2026.0,1396.0,1396.0,1513.0,1231.0,6980.0,2026-06-16,2026-07-16,EUR,Sent,Paid,1.0,1256.4,1042.2203557383414,0.0,0.0,8022.22,1,0,0,0,0,0,0,0,Missing GST,214.18,1,15.0,1711,4.684462696783025,0.0,1.0,-1042.2200000000003,1.1493151862464184,214.17964426165872,0.829529095621093,0.0,0,5.0,5.746575931232092,-0.7465759312320923,0.6737451737451737,0.0,1.083810888252149,0.8818051575931232,2026,6,16,1,2,2026,7,16,0.9964,99.64,1,Revenue Leakage Detected,HIGH,0.0
TEST000938,CUST00494,Berry-Mills,SMB,IT,East,Singapore,Lichester,robinsonhenry@bautista.com,001-474-555-5347x0574,2026-05-07,Active,Net 15,485633.0,Sneha Patel,CON00192,Security,Firewall,15.0,1184.0,14535.0,5.0,18.0,Quarterly,12.0,Bronze,9.0,2026.0,969.0,969.0,1165.0,835.0,14535.0,2026-02-09,2026-03-11,INR,Generated,Paid,2.0,2616.3,2616.3,5.0,726.75,16424.55,0,0,0,0,0,0,0,0,,0.0,0,15.0,99,0.27104722792607805,0.0,1.0,-1889.5499999999993,1.13,0.0,1.0,0.0,0,15.0,16.95,-1.9499999999999993,0.8184121621621622,0.0,1.2022703818369453,0.8617131062951496,2026,2,9,0,1,2026,3,11,0.0331,3.31,0,No Revenue Leakage,LOW,0.0
TEST000939,CUST00483,"Perry, Moore and Thompson",Government,Telecom,South,UK,Lake Lisa,michaelbuckley@johnson.com,(254)895-0050x7026,2026-01-23,Active,Net 30,936364.0,John Thomas,CON00114,Voice,Voice Premium,5.0,1506.0,14505.0,10.0,18.0,Quarterly,12.0,Gold,4.0,2026.0,2901.0,2901.0,3151.0,2748.0,14505.0,2026-07-05,2026-08-04,USD,Sent,Overdue,3.0,2610.9,2610.9,10.0,1450.5,14988.91,0,0,0,0,0,0,1,0,Contract Violation,676.49,1,30.0,203,0.5557837097878165,0.0,1.0,-483.90999999999985,1.033361599448466,0.0,1.0,0.0,0,5.0,5.16680799724233,-0.16680799724232998,1.9262948207171315,0.0,1.0861771802826612,0.9472595656670114,2026,7,5,6,3,2026,8,4,0.3227,32.27,0,No Revenue Leakage,LOW,0.0
TEST000940,CUST00263,"Richardson, Parker and Brewer",Enterprise,Telecom,North,Singapore,Port Joditon,johnnycruz@mullen.com,+1-537-660-6441,2023-05-21,Active,Net 30,780023.0,Priya Nair,CON00004,Voice,Voice Basic,5.0,2127.0,12740.0,10.0,18.0,Monthly,36.0,Gold,5.0,2026.0,2548.0,2341.0,2813.0,2438.0,12740.0,2026-07-20,2026-08-19,USD,Sent,Overdue,2.0,2293.2,2293.2,10.0,1274.0,12724.2,0,1,0,0,0,0,0,0,Usage Mismatch,1035.0,1,30.0,1181,3.2334017796030117,207.0,0.9187598116169545,15.799999999999272,0.9987598116169545,0.0,1.0,0.0,0,5.0,5.435369500213584,-0.435369500213584,1.1979313587212035,0.0,1.1040031397174255,0.956828885400314,2026,7,20,0,3,2026,8,19,0.9981,99.81,1,Revenue Leakage Detected,HIGH,15.799999999999272
TEST000941,CUST00142,"Caldwell, Hernandez and Davis",SMB,Education,West,Australia,Lake Jenniferview,stephenmadden@marshall-garcia.com,4454561100,2024-05-23,Inactive,Net 45,606542.0,Arjun Kumar,CON00154,Internet,Fiber 300,10.0,774.0,12130.0,15.0,18.0,Yearly,36.0,Gold,11.0,2026.0,1213.0,1213.0,1287.0,1027.0,12130.0,2026-02-12,2026-03-14,USD,Sent,Paid,1.0,2183.4,2183.4,15.0,1819.5,12493.9,0,0,0,0,0,0,0,0,,0.0,0,45.0,813,2.2258726899383983,0.0,1.0,-363.89999999999964,1.03,0.0,1.0,0.0,0,10.0,10.299999999999999,-0.29999999999999893,1.5671834625322998,0.0,1.0610057708161582,0.8466611706512778,2026,2,12,3,1,2026,3,14,0.0363,3.63,0,No Revenue Leakage,LOW,0.0
TEST000942,CUST00174,Barnes LLC,Retail,IT,North,Singapore,Melissaview,iwhite@parks.com,+1-866-932-2702,2022-09-27,Inactive,Net 30,671019.0,Sneha Patel,CON00199,Internet,Fiber 100,10.0,1734.0,8710.0,15.0,18.0,Monthly,36.0,Gold,4.0,2026.0,871.0,871.0,946.0,689.0,8710.0,2025-12-18,2026-01-17,INR,Generated,Paid,2.0,1567.8,1567.8,15.0,1306.5,8971.3,0,0,0,0,0,0,0,0,,0.0,0,30.0,1417,3.8795345653661877,0.0,1.0,-261.2999999999993,1.03,0.0,1.0,0.0,0,10.0,10.299999999999999,-0.29999999999999893,0.5023068050749712,0.0,1.0861079219288174,0.7910447761194029,2025,12,18,3,4,2026,1,17,0.1352,13.52,0,No Revenue Leakage,LOW,0.0
TEST000943,CUST00228,Haynes and Sons,Retail,Healthcare,West,UK,East Cynthiaport,bryantgeorge@brown.org,+1-731-536-5651x982,2021-12-25,Inactive,Net 15,843719.0,Sneha Patel,CON00098,Internet,Fiber 100,10.0,1891.0,18870.0,10.0,18.0,Yearly,12.0,Silver,6.0,2026.0,1887.0,1887.0,2078.0,1822.0,18870.0,2025-08-13,2025-09-12,INR,Paid,Pending,3.0,3396.6,3396.6,10.0,1887.0,20379.6,0,0,0,0,0,0,0,0,,0.0,0,15.0,1693,4.635181382614648,0.0,1.0,-1509.5999999999985,1.0799999999999998,0.0,1.0,0.0,0,10.0,10.799999999999999,-0.7999999999999989,0.9978847170809095,0.0,1.1012188659247484,0.9655537890832009,2025,8,13,2,3,2025,9,12,0.0526,5.26,0,No Revenue Leakage,LOW,0.0
TEST000944,CUST00284,"Nielsen, Hernandez and Andrews",SMB,Healthcare,North,Australia,Robertside,jennifer55@wilcox.org,(867)538-9975,2024-02-28,Suspended,Net 15,202999.0,Arjun Kumar,CON00111,Cloud,Enterprise Cloud,20.0,2083.0,34300.0,15.0,18.0,Yearly,24.0,Bronze,2.0,2026.0,1715.0,1715.0,1970.0,1526.0,34300.0,2025-08-23,2025-09-22,USD,Sent,Pending,2.0,6174.0,6174.0,15.0,5145.0,35329.0,0,0,0,0,0,0,0,0,,0.0,0,15.0,898,2.458590006844627,0.0,1.0,-1029.0,1.03,0.0,1.0,0.0,0,20.0,20.6,-0.6000000000000014,0.8233317330772923,0.0,1.1486880466472302,0.889795918367347,2025,8,23,5,3,2025,9,22,0.1285,12.85,0,No Revenue Leakage,LOW,0.0
TEST000945,CUST00105,Morris-Campbell,Government,Manufacturing,North,India,New Melissa,patricia00@sims.com,427-670-6324,2022-05-22,Inactive,Net 15,674785.0,Rahul Sharma,CON00016,Voice,Voice Premium,5.0,2363.0,5915.0,15.0,18.0,Monthly,36.0,Bronze,1.0,2026.0,1183.0,1183.0,1309.0,1123.0,5915.0,2026-05-30,2026-06-29,INR,Generated,Paid,3.0,1064.7,1064.7,15.0,887.25,6092.45,0,0,0,0,0,0,0,0,,0.0,0,15.0,1545,4.229979466119096,0.0,1.0,-177.44999999999982,1.03,0.0,1.0,0.0,0,5.0,5.1499999999999995,-0.14999999999999947,0.5006347862886161,0.0,1.106508875739645,0.9492814877430262,2026,5,30,5,2,2026,6,29,0.4274,42.74,0,No Revenue Leakage,LOW,0.0
TEST000946,CUST00124,Rivera Inc,SMB,Telecom,South,Australia,West Toni,daisymccarty@santiago.com,433-815-4100x676,2025-10-15,Inactive,Net 15,614037.0,Rahul Sharma,CON00113,Security,Firewall,15.0,1394.0,24315.0,15.0,18.0,Quarterly,12.0,Platinum,3.0,2026.0,1621.0,1621.0,1707.0,1491.0,24315.0,2025-11-02,2025-12-02,USD,Paid,Overdue,3.0,4376.7,4376.7,15.0,3647.25,25044.45,0,0,0,0,0,0,0,0,,0.0,0,15.0,303,0.8295687885010267,0.0,1.0,-729.4500000000007,1.03,0.0,1.0,0.0,0,15.0,15.450000000000001,-0.45000000000000107,1.1628407460545194,0.0,1.05305367057372,0.919802590993214,2025,11,2,6,4,2025,12,2,0.0778,7.78,0,No Revenue Leakage,LOW,0.0
TEST000947,CUST00445,Walsh-Brown,Government,Logistics,South,India,Port Amyborough,cookemily@hurst-jackson.org,001-458-906-6013x8241,2021-12-22,Active,Net 60,741958.0,John Thomas,CON00046,Security,Endpoint Security,15.0,2129.0,29625.0,0.0,18.0,Monthly,12.0,Platinum,1.0,2026.0,1975.0,1975.0,2256.0,1964.0,29625.0,2026-04-13,2026-05-13,USD,Sent,Pending,1.0,5332.5,5332.5,0.0,0.0,34957.5,0,0,0,0,0,0,0,1,Late Billing,4077.0,1,60.0,1696,4.643394934976044,0.0,1.0,-5332.5,1.18,0.0,1.0,0.0,0,15.0,17.7,-2.6999999999999993,0.927665570690465,0.0,1.1422784810126583,0.9944303797468355,2026,4,13,0,2,2026,5,13,0.1056,10.56,0,No Revenue Leakage,LOW,0.0
TEST000948,CUST00099,Bush and Sons,Retail,Logistics,North,UK,Karenland,lloydamanda@nguyen-ellis.com,+1-478-659-6969x15579,2022-04-26,Inactive,Net 60,61023.0,Arjun Kumar,CON00096,Voice,Voice Basic,5.0,2538.0,9735.0,10.0,18.0,Quarterly,36.0,Platinum,4.0,2026.0,1947.0,1947.0,2065.0,1814.0,9735.0,2025-09-24,2025-10-24,INR,Generated,Pending,1.0,1752.3,1752.3,10.0,973.5,10513.8,0,0,0,0,0,0,0,0,,0.0,0,60.0,1571,4.301163586584531,0.0,1.0,-778.7999999999993,1.0799999999999998,0.0,1.0,0.0,0,5.0,5.3999999999999995,-0.39999999999999947,0.7671394799054374,0.0,1.0606060606060606,0.9316897791474062,2025,9,24,2,3,2025,10,24,0.0491,4.91,0,No Revenue Leakage,LOW,0.0
TEST000949,CUST00466,Cobb-Lyons,SMB,Telecom,South,USA,Brookeberg,aimeejohnson@elliott-reeves.com,001-829-647-7422x294,2023-07-15,Suspended,Net 45,899256.0,Rahul Sharma,CON00149,Security,Firewall,15.0,2924.0,41355.0,0.0,18.0,Quarterly,36.0,Silver,6.0,2026.0,2757.0,2589.0,2895.0,2722.0,41355.0,2026-04-22,2026-05-22,EUR,Paid,Overdue,3.0,7443.9,7443.9,0.0,0.0,46278.9,0,1,0,0,0,0,0,0,Usage Mismatch,2520.0,1,45.0,1126,3.082819986310746,168.0,0.9390642002176278,-4923.9000000000015,1.1190642002176279,0.0,1.0,0.0,0,15.0,17.875202780996524,-2.875202780996524,0.9428864569083447,0.0,1.0500544069640914,0.9873050417120058,2026,4,22,2,2,2026,5,22,0.9984,99.84,1,Revenue Leakage Detected,HIGH,0.0
TEST000950,CUST00099,Bush and Sons,Retail,Logistics,North,UK,Karenland,lloydamanda@nguyen-ellis.com,+1-478-659-6969x15579,2022-04-26,Inactive,Net 60,61023.0,Arjun Kumar,CON00107,Internet,Fiber 300,10.0,1368.0,10370.0,0.0,18.0,Yearly,24.0,Gold,9.0,2026.0,1037.0,1037.0,1256.0,897.0,10370.0,2026-07-05,2026-08-04,INR,Sent,Paid,3.0,1866.6,1866.6,0.0,0.0,12236.6,0,0,0,0,0,0,0,0,,0.0,0,60.0,1571,4.301163586584531,0.0,1.0,-1866.6000000000004,1.18,0.0,1.0,0.0,0,10.0,11.8,-1.8000000000000007,0.7580409356725146,0.0,1.2111861137897781,0.8649951783992286,2026,7,5,6,3,2026,8,4,0.0191,1.91,0,No Revenue Leakage,LOW,0.0
TEST000951,CUST00469,"Mills, Sanchez and Robles",Enterprise,IT,East,UK,Lake Sharon,jeremylove@williams.com,+1-541-531-2840,2023-09-02,Active,Net 60,932487.0,Rahul Sharma,CON00073,Cloud,Business Cloud,20.0,2446.0,22500.0,5.0,18.0,Yearly,24.0,Platinum,12.0,2026.0,1125.0,1125.0,1188.0,1017.0,22500.0,2026-08-09,2026-09-08,EUR,Sent,Overdue,3.0,4050.0,4050.0,5.0,1125.0,25425.0,0,0,0,0,0,0,0,0,,0.0,0,60.0,1077,2.948665297741273,0.0,1.0,-2925.0,1.13,0.0,1.0,0.0,0,20.0,22.6,-2.6000000000000014,0.4599345870809485,0.0,1.056,0.904,2026,8,9,6,3,2026,9,8,0.1463,14.63,0,No Revenue Leakage,LOW,0.0
TEST000952,CUST00140,Dawson-Conner,Government,Manufacturing,West,Australia,Mcdowellview,wheelerbrandon@valdez.com,001-616-876-1847x230,2022-06-15,Inactive,Net 30,878533.0,Arjun Kumar,CON00046,Security,Endpoint Security,15.0,2129.0,12000.0,0.0,18.0,Monthly,12.0,Platinum,4.0,2026.0,800.0,800.0,962.0,787.0,12000.0,2025-11-21,2025-12-21,INR,Generated,Paid,1.0,2160.0,2160.0,0.0,0.0,14160.0,0,0,0,0,0,1,0,0,Duplicate Invoice,14160.0,1,30.0,1521,4.164271047227926,0.0,1.0,-2160.0,1.18,0.0,1.0,0.0,0,15.0,17.7,-2.6999999999999993,0.3757632691404415,0.0,1.2025,0.98375,2025,11,21,4,4,2025,12,21,0.0337,3.37,0,No Revenue Leakage,LOW,0.0
TEST000953,CUST00113,Williams LLC,Government,Finance,West,India,Moraburgh,tranrobin@rios.com,319-951-8023x806,2023-12-31,Inactive,Net 60,681172.0,John Thomas,CON00161,Voice,Voice Premium,5.0,1728.0,13930.0,15.0,18.0,Quarterly,12.0,Platinum,1.0,2026.0,2786.0,2786.0,2992.0,2626.0,13930.0,2025-12-13,2026-01-12,USD,Sent,Paid,1.0,2507.4,2507.4,15.0,2089.5,14347.9,0,0,0,0,0,0,0,0,,0.0,0,60.0,957,2.620123203285421,0.0,1.0,-417.89999999999964,1.03,0.0,1.0,0.0,0,5.0,5.1499999999999995,-0.14999999999999947,1.6122685185185186,0.0,1.0739411342426417,0.9425699928212491,2025,12,13,5,4,2026,1,12,0.153,15.3,0,No Revenue Leakage,LOW,0.0
TEST000954,CUST00190,"Dixon, Duncan and Duncan",Retail,Finance,North,India,North Stevenberg,josephpreston@hall.com,001-369-631-5727,2021-11-30,Suspended,Net 15,891461.0,John Thomas,CON00017,Cloud,Basic Cloud,20.0,1339.0,56200.0,10.0,18.0,Yearly,12.0,Silver,8.0,2026.0,2810.0,2710.0,2875.0,2744.0,56200.0,2025-08-15,2025-09-14,USD,Paid,Paid,3.0,10116.0,10116.0,10.0,5620.0,58696.0,0,1,0,0,0,0,0,0,Usage Mismatch,2000.0,1,15.0,1718,4.70362765229295,100.0,0.9644128113879004,-2496.0,1.0444128113879003,0.0,1.0,0.0,0,20.0,21.659040590405905,-1.6590405904059047,2.0985810306198656,0.0,1.0231316725978647,0.9765124555160143,2025,8,15,4,3,2025,9,14,0.988,98.8,1,Revenue Leakage Detected,HIGH,0.0
TEST000955,CUST00450,"Lopez, Johnson and Lamb",Enterprise,Education,East,UK,Watkinschester,pwells@cummings-burke.info,+1-464-403-8166x49690,2024-02-25,Inactive,Net 45,586397.0,John Thomas,CON00076,Voice,Voice Premium,5.0,1616.0,9685.0,15.0,18.0,Monthly,24.0,Gold,8.0,2026.0,1937.0,1937.0,2126.0,1819.0,9685.0,2026-06-07,2026-07-07,INR,Generated,Overdue,2.0,1743.3,1743.3,15.0,1452.75,9975.55,0,0,0,0,0,0,0,0,,0.0,0,45.0,901,2.4668035592060233,0.0,1.0,-290.5499999999993,1.03,0.0,1.0,0.0,0,5.0,5.1499999999999995,-0.14999999999999947,1.198638613861386,0.0,1.0975735673722251,0.9390810531750129,2026,6,7,6,2,2026,7,7,0.0859,8.59,0,No Revenue Leakage,LOW,0.0
TEST000956,CUST00138,Walters-Smith,Retail,Logistics,South,USA,Jasonburgh,tracygallagher@anderson.biz,(267)260-0835x0583,2023-09-18,Suspended,Net 60,793246.0,Rahul Sharma,CON00014,Cloud,Enterprise Cloud,20.0,2214.0,25780.0,0.0,18.0,Quarterly,24.0,Gold,10.0,2026.0,1289.0,1289.0,1294.0,1107.0,25780.0,2025-10-29,2025-11-28,INR,Generated,Pending,2.0,4640.4,4640.4,0.0,0.0,30420.4,0,0,0,0,0,0,0,0,,0.0,0,60.0,1061,2.9048596851471595,0.0,1.0,-4640.4000000000015,1.1800000000000002,0.0,1.0,0.0,0,20.0,23.6,-3.6000000000000014,0.5822041553748871,0.0,1.003878975950349,0.8588052754072925,2025,10,29,2,4,2025,11,28,0.162,16.2,0,No Revenue Leakage,LOW,0.0
TEST000957,CUST00187,"Miles, Scott and Diaz",Retail,Manufacturing,North,India,North Sarahborough,fhebert@owen-brown.net,001-365-309-4801x4138,2023-07-24,Inactive,Net 15,188155.0,John Thomas,CON00104,Cloud,Business Cloud,20.0,2138.0,40600.0,5.0,18.0,Monthly,36.0,Bronze,11.0,2026.0,2030.0,2030.0,2156.0,1972.0,40600.0,2026-06-12,2026-07-12,EUR,Generated,Paid,3.0,7308.0,7308.0,5.0,2030.0,45878.0,0,0,0,0,0,0,0,0,,0.0,0,15.0,1117,3.058179329226557,0.0,1.0,-5278.0,1.13,0.0,1.0,0.0,0,20.0,22.6,-2.6000000000000014,0.9494855004677268,0.0,1.0620689655172413,0.9714285714285714,2026,6,12,4,2,2026,7,12,0.0975,9.75,0,No Revenue Leakage,LOW,0.0
TEST000958,CUST00043,"Harris, Gallegos and Spencer",Enterprise,Finance,West,USA,Port Molly,kim90@garrison-thomas.com,+1-742-210-2053,2023-01-29,Inactive,Net 30,831474.0,Sneha Patel,CON00033,Cloud,Basic Cloud,20.0,2578.0,32820.0,0.0,18.0,Yearly,24.0,Gold,2.0,2026.0,1641.0,1641.0,1832.0,1447.0,32820.0,2026-02-02,2026-03-04,INR,Generated,Pending,1.0,5907.6,5907.6,0.0,0.0,30262.31,0,0,0,0,1,0,0,0,Missing Charge,8465.29,1,30.0,1293,3.540041067761807,0.0,1.0,2557.6899999999987,0.9220691651432054,0.0,1.0,0.0,0,20.0,18.441383302864107,1.5586166971358928,0.6365399534522886,0.0,1.1163924436319317,0.8817794028031688,2026,2,2,0,1,2026,3,4,0.9997,99.97,1,Revenue Leakage Detected,HIGH,2557.6899999999987
TEST000959,CUST00324,Thompson PLC,Enterprise,IT,South,India,East William,thardy@griffith.biz,(993)344-9734,2024-08-27,Inactive,Net 60,948850.0,Sneha Patel,CON00166,SaaS,CRM,25.0,2859.0,67400.0,5.0,18.0,Yearly,36.0,Bronze,5.0,2026.0,2696.0,2696.0,2741.0,2507.0,67400.0,2026-02-24,2026-03-26,INR,Generated,Overdue,1.0,12132.0,12132.0,5.0,3370.0,76162.0,0,0,0,0,0,0,0,0,,0.0,0,60.0,717,1.9630390143737166,0.0,1.0,-8762.0,1.13,0.0,1.0,0.0,0,25.0,28.25,-3.25,0.9429870584120322,0.0,1.0166913946587537,0.9298961424332344,2026,2,24,1,1,2026,3,26,0.1881,18.81,0,No Revenue Leakage,LOW,0.0
TEST000960,CUST00003,Galloway-Wyatt,SMB,Manufacturing,South,Singapore,South Joshuastad,mitchellclark@miles-sutton.com,+1-528-232-7648x350,2024-04-12,Inactive,Net 30,249041.0,Arjun Kumar,CON00066,Internet,Fiber 100,10.0,2347.0,15260.0,15.0,18.0,Quarterly,36.0,Gold,12.0,2026.0,1526.0,1526.0,1597.0,1467.0,15260.0,2025-11-24,2025-12-24,INR,Generated,Pending,3.0,2746.8,2746.8,15.0,2289.0,15717.8,0,0,0,0,0,0,0,0,,0.0,0,30.0,854,2.3381245722108144,0.0,1.0,-457.7999999999993,1.03,0.0,1.0,0.0,0,10.0,10.299999999999999,-0.29999999999999893,0.6501917341286749,0.0,1.046526867627785,0.9613368283093053,2025,11,24,0,4,2025,12,24,0.081,8.1,0,No Revenue Leakage,LOW,0.0
TEST000961,CUST00318,Smith Inc,SMB,Telecom,North,USA,West Ellen,ewashington@kelley.info,(674)322-0912,2026-02-22,Active,Net 45,656217.0,Priya Nair,CON00046,Security,Endpoint Security,15.0,2129.0,11145.0,0.0,18.0,Monthly,12.0,Platinum,2.0,2026.0,743.0,743.0,973.0,737.0,11145.0,2026-04-07,2026-05-07,EUR,Sent,Pending,3.0,2006.1,2006.1,10.0,1114.5,12036.6,0,0,1,0,0,0,0,0,Extra Discount,1114.5,1,45.0,173,0.4736481861738535,0.0,1.0,-891.6000000000004,1.08,0.0,1.0,-10.0,1,15.0,16.2,-1.1999999999999993,0.34899013621418506,0.0,1.309555854643338,0.9919246298788694,2026,4,7,1,2,2026,5,7,0.9983,99.83,1,Revenue Leakage Detected,HIGH,0.0
TEST000962,CUST00127,Davis and Sons,Government,Manufacturing,North,USA,Lake Kelly,wellsdarrell@ruiz-jacobson.com,286-625-6527,2025-05-03,Active,Net 60,964032.0,John Thomas,CON00184,Cloud,Enterprise Cloud,20.0,692.0,47400.0,0.0,18.0,Quarterly,12.0,Bronze,8.0,2026.0,2370.0,2370.0,2484.0,2344.0,47400.0,2026-04-10,2026-05-10,EUR,Sent,Paid,1.0,8532.0,8532.0,0.0,0.0,55932.0,0,0,0,0,0,0,0,0,,0.0,0,60.0,468,1.2813141683778233,0.0,1.0,-8532.0,1.18,0.0,1.0,0.0,0,20.0,23.6,-3.6000000000000014,3.4248554913294798,0.0,1.0481012658227848,0.9890295358649789,2026,4,10,4,2,2026,5,10,0.0674,6.74,0,No Revenue Leakage,LOW,0.0
TEST000963,CUST00113,Williams LLC,Government,Finance,West,India,Moraburgh,tranrobin@rios.com,319-951-8023x806,2023-12-31,Inactive,Net 60,681172.0,John Thomas,CON00125,Voice,Voice Premium,5.0,1094.0,3000.0,10.0,18.0,Quarterly,36.0,Platinum,7.0,2026.0,600.0,600.0,752.0,522.0,3000.0,2025-12-30,2026-01-29,USD,Paid,Pending,3.0,540.0,540.0,10.0,300.0,3240.0,0,0,0,0,0,0,0,0,,0.0,0,60.0,957,2.620123203285421,0.0,1.0,-240.0,1.08,0.0,1.0,0.0,0,5.0,5.4,-0.40000000000000036,0.5484460694698354,0.0,1.2533333333333334,0.87,2025,12,30,1,4,2026,1,29,0.0466,4.66,0,No Revenue Leakage,LOW,0.0
TEST000964,CUST00443,Cline Group,Government,IT,East,India,Jessicaborough,patrickwhite@cowan.com,6942515480,2023-12-08,Active,Net 60,461274.0,John Thomas,CON00005,SaaS,HRMS,25.0,2686.0,20525.0,15.0,18.0,Yearly,24.0,Bronze,11.0,2026.0,821.0,821.0,1018.0,704.0,20525.0,2025-09-08,2025-10-08,INR,Paid,Pending,2.0,3694.5,3694.5,15.0,3078.75,21140.75,0,0,0,0,0,0,0,1,Late Billing,2968.0,1,60.0,980,2.6830937713894594,0.0,1.0,-615.75,1.03,0.0,1.0,0.0,0,25.0,25.75,-0.75,0.3056589724497394,0.0,1.2399512789281364,0.8574908647990256,2025,9,8,0,3,2025,10,8,0.0242,2.42,0,No Revenue Leakage,LOW,0.0
TEST000965,CUST00334,"Martinez, Taylor and Nichols",Retail,Telecom,West,Singapore,Davismouth,sarahmiranda@brown.biz,+1-586-333-4141x1159,2026-06-20,Suspended,Net 60,917869.0,Sneha Patel,CON00029,Internet,Fiber 300,10.0,1536.0,8980.0,15.0,18.0,Yearly,24.0,Gold,11.0,2026.0,898.0,898.0,1121.0,700.0,8980.0,2026-03-12,2026-04-11,EUR,Generated,Overdue,1.0,1616.4,1616.4,15.0,1347.0,9249.4,0,0,0,0,0,1,0,0,Duplicate Invoice,9249.4,1,60.0,55,0.15058179329226556,0.0,1.0,-269.39999999999964,1.03,0.0,1.0,0.0,0,10.0,10.299999999999999,-0.29999999999999893,0.5846354166666666,0.0,1.2483296213808464,0.779510022271715,2026,3,12,3,1,2026,4,11,0.0325,3.25,0,No Revenue Leakage,LOW,0.0
TEST000966,CUST00178,"Moore, Pena and Mcclure",Enterprise,Finance,South,UK,Jeromeport,isims@roberson.com,878.648.7282x9979,2024-07-19,Suspended,Net 60,236240.0,Sneha Patel,CON00119,Voice,Voice Basic,5.0,577.0,10355.0,5.0,18.0,Monthly,36.0,Silver,11.0,2026.0,2071.0,2071.0,2148.0,1965.0,10355.0,2026-05-04,2026-06-03,INR,Sent,Overdue,3.0,1863.9,1863.9,5.0,517.75,11701.15,0,0,0,0,0,0,0,0,,0.0,0,60.0,756,2.0698151950718686,0.0,1.0,-1346.1499999999996,1.13,0.0,1.0,0.0,0,5.0,5.6499999999999995,-0.6499999999999995,3.5892547660311958,0.0,1.037180106228875,0.9488169966199903,2026,5,4,0,2,2026,6,3,0.0956,9.56,0,No Revenue Leakage,LOW,0.0
TEST000967,CUST00311,Payne LLC,Retail,Logistics,North,Singapore,Lake Mark,julie43@munoz.net,804-545-6690x782,2023-07-12,Suspended,Net 45,946782.0,Arjun Kumar,CON00057,Security,Firewall,15.0,2956.0,28395.0,15.0,18.0,Quarterly,36.0,Platinum,7.0,2026.0,1893.0,1893.0,1976.0,1718.0,28395.0,2025-10-20,2025-11-19,EUR,Sent,Paid,2.0,5111.1,3772.9075420335503,15.0,4259.25,27908.66,1,0,0,0,0,0,0,0,Missing GST,1338.19,1,45.0,1129,3.0910335386721424,0.0,1.0,486.34000000000015,0.9828723366789928,1338.19245796645,0.7381791673091017,0.0,0,15.0,14.743085050184892,0.25691494981510843,0.6403924221921515,0.0,1.0438457474907554,0.907554146856841,2025,10,20,0,4,2025,11,19,0.9993,99.93,1,Revenue Leakage Detected,HIGH,486.34000000000015
TEST000968,CUST00087,Hudson-Sanchez,Enterprise,Finance,South,Singapore,Jonathanfort,umurray@jackson-cortez.info,(480)580-1006,2022-03-05,Active,Net 15,487477.0,Sneha Patel,CON00137,Voice,Voice Basic,5.0,2777.0,9325.0,15.0,18.0,Yearly,36.0,Bronze,7.0,2026.0,1865.0,1865.0,2116.0,1699.0,9325.0,2026-03-06,2026-04-05,USD,Generated,Overdue,3.0,1678.5,1678.5,15.0,1398.75,9604.75,0,0,0,0,0,0,0,0,,0.0,0,15.0,1623,4.4435318275154,0.0,1.0,-279.75,1.03,0.0,1.0,0.0,0,5.0,5.15,-0.15000000000000036,0.6715880446525027,0.0,1.1345844504021447,0.9109919571045576,2026,3,6,4,1,2026,4,5,0.1356,13.56,0,No Revenue Leakage,LOW,0.0
TEST000969,CUST00207,Bass-Nielsen,SMB,Education,West,India,Hendrickston,timothyburton@huang.com,249.758.8039x55124,2024-10-14,Inactive,Net 15,825435.0,John Thomas,CON00111,Cloud,Enterprise Cloud,20.0,2083.0,31800.0,15.0,18.0,Yearly,24.0,Bronze,3.0,2026.0,1590.0,1590.0,1863.0,1574.0,31800.0,2026-06-03,2026-07-03,USD,Sent,Overdue,1.0,5724.0,3597.5843842101654,15.0,4770.0,30627.58,1,0,0,0,0,0,0,0,Missing GST,2126.42,1,15.0,669,1.8316221765913758,0.0,1.0,1172.4199999999983,0.9631314465408806,2126.4156157898346,0.628508802272915,0.0,0,20.0,19.262628930817613,0.7373710691823874,0.7633221315410466,0.0,1.1716981132075472,0.989937106918239,2026,6,3,2,2,2026,7,3,0.9982,99.82,1,Revenue Leakage Detected,HIGH,1172.4199999999983
TEST000970,CUST00414,Bailey-Rios,Enterprise,Finance,North,USA,West David,hmendoza@jones.info,001-353-274-5843x845,2024-07-17,Active,Net 45,299430.0,Priya Nair,CON00023,Voice,Voice Basic,5.0,2072.0,6815.0,0.0,18.0,Yearly,12.0,Bronze,4.0,2026.0,1363.0,1363.0,1472.0,1287.0,6815.0,2025-08-13,2025-09-12,USD,Sent,Overdue,2.0,1226.7,1226.7,0.0,0.0,8041.7,0,0,0,0,0,0,0,0,,0.0,0,45.0,758,2.0752908966461328,0.0,1.0,-1226.6999999999998,1.18,0.0,1.0,0.0,0,5.0,5.8999999999999995,-0.8999999999999995,0.6578185328185329,0.0,1.0799706529713866,0.9442406456346295,2025,8,13,2,3,2025,9,12,0.0379,3.79,0,No Revenue Leakage,LOW,0.0
TEST000971,CUST00149,Waller-Chavez,Enterprise,Education,West,UK,East Robert,megan85@doyle.com,+1-845-622-8851x587,2025-03-10,Active,Net 15,572244.0,John Thomas,CON00043,Cloud,Business Cloud,20.0,2765.0,45680.0,0.0,18.0,Monthly,36.0,Platinum,11.0,2026.0,2284.0,2284.0,2421.0,2204.0,45680.0,2025-09-15,2025-10-15,USD,Sent,Pending,3.0,8222.4,8222.4,0.0,0.0,53902.4,0,0,0,0,0,0,0,0,,0.0,0,15.0,522,1.429158110882957,0.0,1.0,-8222.400000000001,1.18,0.0,1.0,0.0,0,20.0,23.6,-3.6000000000000014,0.8260397830018084,0.0,1.0599824868651488,0.9649737302977233,2025,9,15,0,3,2025,10,15,0.0554,5.54,0,No Revenue Leakage,LOW,0.0
TEST000972,CUST00024,Hunter LLC,SMB,Telecom,West,Singapore,Port Robertfort,hamiltonmichael@zimmerman-graham.net,+1-949-587-7694x5314,2025-07-19,Inactive,Net 30,202906.0,Priya Nair,CON00128,Voice,Voice Basic,5.0,549.0,2885.0,15.0,18.0,Monthly,24.0,Gold,4.0,2026.0,577.0,577.0,761.0,510.0,2885.0,2025-10-08,2025-11-07,USD,Paid,Pending,3.0,519.3,519.3,15.0,432.75,2971.55,0,0,0,0,0,0,0,0,,0.0,0,30.0,391,1.0704996577686516,0.0,1.0,-86.55000000000018,1.03,0.0,1.0,0.0,0,5.0,5.15,-0.15000000000000036,1.0510018214936248,0.0,1.318890814558059,0.8838821490467937,2025,10,8,2,4,2025,11,7,0.0272,2.72,0,No Revenue Leakage,LOW,0.0
TEST000973,CUST00025,"Bishop, Gray and Johnson",Government,Telecom,North,India,Hunterborough,lauren54@haynes.com,236-378-3777,2024-02-06,Active,Net 15,504589.0,Rahul Sharma,CON00191,Internet,Fiber 300,10.0,2732.0,15320.0,15.0,18.0,Yearly,24.0,Platinum,5.0,2026.0,1532.0,1532.0,1652.0,1445.0,15320.0,2025-12-15,2026-01-14,INR,Generated,Pending,1.0,2757.6,2757.6,15.0,2298.0,11936.67,0,0,0,1,0,0,0,0,Wrong Pricing,3842.93,1,15.0,920,2.518822724161533,0.0,1.0,3383.33,0.7791560052219321,0.0,1.0,0.0,0,10.0,7.791560052219321,2.208439947780679,0.5607613469985359,0.0,1.0783289817232375,0.9432114882506527,2025,12,15,0,4,2026,1,14,0.9976,99.76,1,Revenue Leakage Detected,HIGH,3383.33
TEST000974,CUST00269,"Harvey, Turner and Foster",Government,Logistics,East,Singapore,Davidside,carpenterjorge@vasquez.com,686-624-1502x74564,2025-12-29,Inactive,Net 30,656229.0,Priya Nair,CON00117,Cloud,Enterprise Cloud,20.0,1599.0,48680.0,15.0,18.0,Yearly,12.0,Bronze,4.0,2026.0,2434.0,2434.0,2546.0,2283.0,48680.0,2025-11-02,2025-12-02,USD,Sent,Overdue,2.0,8762.4,8762.4,15.0,7302.0,50140.4,0,0,0,0,0,0,0,0,,0.0,0,30.0,228,0.6242299794661191,0.0,1.0,-1460.4000000000015,1.03,0.0,1.0,0.0,0,20.0,20.6,-0.6000000000000014,1.5222013758599124,0.0,1.0460147904683648,0.937962202136401,2025,11,2,6,4,2025,12,2,0.0194,1.94,0,No Revenue Leakage,LOW,0.0
TEST000975,CUST00274,Austin-Hamilton,Retail,IT,East,UK,Davishaven,teresa32@rose-holland.com,276-317-4224x3864,2021-12-24,Inactive,Net 45,275314.0,Sneha Patel,CON00193,SaaS,ERP,25.0,1031.0,21675.0,15.0,18.0,Monthly,36.0,Gold,1.0,2026.0,867.0,867.0,1011.0,795.0,21675.0,2026-02-04,2026-03-06,USD,Generated,Paid,3.0,3901.5,3901.5,15.0,3251.25,22325.25,0,0,0,0,0,0,0,0,,0.0,0,45.0,1694,4.63791923340178,0.0,1.0,-650.25,1.03,0.0,1.0,0.0,0,25.0,25.75,-0.75,0.8409311348205626,0.0,1.166089965397924,0.916955017301038,2026,2,4,2,1,2026,3,6,0.0543,5.43,0,No Revenue Leakage,LOW,0.0
TEST000976,CUST00289,Armstrong-Williams,Government,Manufacturing,West,USA,North Nathan,kevin70@thomas.biz,7443327018,2021-12-22,Inactive,Net 30,771864.0,Sneha Patel,CON00077,Security,Firewall,15.0,2878.0,28590.0,0.0,18.0,Quarterly,12.0,Gold,1.0,2026.0,1906.0,1906.0,1920.0,1861.0,28590.0,2025-10-28,2025-11-27,USD,Sent,Paid,2.0,5146.2,5146.2,0.0,0.0,33736.2,0,0,0,0,0,0,0,0,,0.0,0,30.0,1696,4.643394934976044,0.0,1.0,-5146.199999999997,1.18,0.0,1.0,0.0,0,15.0,17.7,-2.6999999999999993,0.6622654621264767,0.0,1.0073452256033577,0.9763903462749213,2025,10,28,1,4,2025,11,27,0.07,7.0,0,No Revenue Leakage,LOW,0.0
TEST000977,CUST00241,Gould LLC,Retail,Logistics,South,Australia,North Tara,deborah47@montes-webster.org,+1-529-975-1702x81406,2024-08-20,Inactive,Net 45,178232.0,Rahul Sharma,CON00086,Security,SOC,15.0,2718.0,31335.0,0.0,18.0,Quarterly,36.0,Platinum,6.0,2026.0,2089.0,2089.0,2141.0,1952.0,31335.0,2026-04-01,2026-05-01,EUR,Paid,Pending,2.0,5640.3,5640.3,0.0,0.0,36975.3,0,0,0,0,0,0,0,0,,0.0,0,45.0,724,1.9822039698836413,0.0,1.0,-5640.300000000003,1.1800000000000002,0.0,1.0,0.0,0,15.0,17.700000000000003,-2.700000000000003,0.768579838116262,0.0,1.0248922929631403,0.9344183820009574,2026,4,1,2,2,2026,5,1,0.0776,7.76,0,No Revenue Leakage,LOW,0.0
TEST000978,CUST00394,"Reyes, Reilly and Lee",Government,Logistics,West,Australia,South Gregory,alyssa78@rodriguez-williams.com,331-600-9431,2023-07-10,Inactive,Net 45,721447.0,Sneha Patel,CON00150,Security,Firewall,15.0,868.0,21255.0,0.0,18.0,Yearly,36.0,Gold,3.0,2026.0,1417.0,1417.0,1512.0,1267.0,21255.0,2026-04-27,2026-05-27,EUR,Paid,Pending,1.0,3825.9,3825.9,0.0,0.0,25080.9,0,0,0,0,0,0,0,1,Late Billing,4153.0,1,45.0,1131,3.0965092402464065,0.0,1.0,-3825.9000000000015,1.1800000000000002,0.0,1.0,0.0,0,15.0,17.7,-2.6999999999999993,1.6324884792626728,0.0,1.067043048694425,0.8941425546930134,2026,4,27,0,2,2026,5,27,0.1582,15.82,0,No Revenue Leakage,LOW,0.0
TEST000979,CUST00205,"Brown, Duncan and Krause",Government,IT,North,India,South Jenniferport,ulynch@fox-carney.com,(599)678-7729,2023-03-30,Inactive,Net 15,930438.0,Rahul Sharma,CON00086,Security,SOC,15.0,2718.0,37635.0,0.0,18.0,Quarterly,36.0,Platinum,11.0,2026.0,2509.0,2509.0,2799.0,2387.0,37635.0,2025-10-14,2025-11-13,USD,Generated,Overdue,1.0,6774.3,6774.3,0.0,0.0,44409.3,0,0,0,0,0,0,0,0,,0.0,0,15.0,1233,3.375770020533881,0.0,1.0,-6774.300000000003,1.1800000000000002,0.0,1.0,0.0,0,15.0,17.700000000000003,-2.700000000000003,0.9231052244297278,0.0,1.1155838979673176,0.9513750498206457,2025,10,14,1,4,2025,11,13,0.0866,8.66,0,No Revenue Leakage,LOW,0.0
TEST000980,CUST00195,"Landry, Jones and Guerrero",Enterprise,Logistics,South,Australia,Michelletown,michelle63@romero-mckinney.com,698.712.3878x0038,2025-10-06,Active,Net 30,413476.0,Arjun Kumar,CON00157,SaaS,ERP,25.0,794.0,56875.0,0.0,18.0,Monthly,36.0,Silver,10.0,2026.0,2275.0,2275.0,2558.0,2271.0,56875.0,2026-05-09,2026-06-08,INR,Sent,Pending,1.0,10237.5,10237.5,0.0,0.0,67112.5,0,0,0,0,0,1,0,0,Duplicate Invoice,67112.5,1,30.0,312,0.8542094455852156,0.0,1.0,-10237.5,1.18,0.0,1.0,0.0,0,25.0,29.5,-4.5,2.8652392947103276,0.0,1.1243956043956045,0.9982417582417582,2026,5,9,5,2,2026,6,8,0.0276,2.76,0,No Revenue Leakage,LOW,0.0
TEST000981,CUST00063,Allison Ltd,Retail,Finance,East,USA,Johnsonland,kimberlydiaz@herring-johnson.com,+1-375-257-1928x56543,2023-03-07,Active,Net 30,58308.0,Rahul Sharma,CON00017,Cloud,Basic Cloud,20.0,1339.0,15440.0,10.0,18.0,Yearly,12.0,Silver,1.0,2026.0,772.0,772.0,869.0,669.0,15440.0,2025-12-07,2026-01-06,USD,Paid,Paid,2.0,2779.2,2779.2,10.0,1544.0,16675.2,0,0,0,0,0,0,0,0,,0.0,0,30.0,1256,3.4387405886379194,0.0,1.0,-1235.2000000000007,1.08,0.0,1.0,0.0,0,20.0,21.6,-1.6000000000000014,0.5765496639283048,0.0,1.1256476683937824,0.866580310880829,2025,12,7,6,4,2026,1,6,0.1951,19.51,0,No Revenue Leakage,LOW,0.0
TEST000982,CUST00032,Bailey-Cook,SMB,Education,West,Singapore,Port Eugenechester,zroberts@johnson.com,001-268-508-7603x85977,2023-11-13,Suspended,Net 45,159751.0,John Thomas,CON00109,SaaS,ERP,25.0,2491.0,68200.0,0.0,18.0,Yearly,12.0,Gold,10.0,2026.0,2728.0,2728.0,2789.0,2606.0,68200.0,2025-09-10,2025-10-10,INR,Generated,Pending,2.0,12276.0,12276.0,0.0,0.0,80476.0,0,0,0,0,0,0,0,0,,0.0,0,45.0,1005,2.751540041067762,0.0,1.0,-12276.0,1.18,0.0,1.0,0.0,0,25.0,29.5,-4.5,1.0951425130469692,0.0,1.0223607038123168,0.9552785923753666,2025,9,10,2,3,2025,10,10,0.0758,7.58,0,No Revenue Leakage,LOW,0.0
TEST000983,CUST00308,Wright-Soto,SMB,Telecom,North,Australia,Moniquehaven,fclark@gibbs-mendez.com,668.857.8725x58777,2026-07-25,Inactive,Net 15,344923.0,Sneha Patel,CON00125,Voice,Voice Premium,5.0,1094.0,10830.0,10.0,18.0,Quarterly,36.0,Platinum,12.0,2026.0,2166.0,2166.0,2418.0,2045.0,10830.0,2026-03-17,2026-04-16,USD,Generated,Pending,1.0,1949.4,1949.4,10.0,1083.0,11696.4,0,0,0,0,0,0,0,1,Late Billing,779.0,1,15.0,20,0.05475701574264202,0.0,1.0,-866.3999999999996,1.08,0.0,1.0,0.0,0,5.0,5.3999999999999995,-0.39999999999999947,1.9798903107861061,0.0,1.1163434903047091,0.9441366574330563,2026,3,17,1,1,2026,4,16,0.0395,3.95,0,No Revenue Leakage,LOW,0.0
TEST000984,CUST00466,Cobb-Lyons,SMB,Telecom,South,USA,Brookeberg,aimeejohnson@elliott-reeves.com,001-829-647-7422x294,2023-07-15,Suspended,Net 45,899256.0,Rahul Sharma,CON00164,SaaS,CRM,25.0,2532.0,27125.0,5.0,18.0,Monthly,12.0,Silver,6.0,2026.0,1085.0,1085.0,1200.0,980.0,27125.0,2026-01-17,2026-02-16,EUR,Paid,Paid,3.0,4882.5,4882.5,5.0,1356.25,30651.25,0,0,0,0,0,0,0,0,,0.0,0,45.0,1126,3.082819986310746,0.0,1.0,-3526.25,1.13,0.0,1.0,0.0,0,25.0,28.25,-3.25,0.42851500789889413,0.0,1.1059907834101383,0.9032258064516129,2026,1,17,5,1,2026,2,16,0.0752,7.52,0,No Revenue Leakage,LOW,0.0
TEST000985,CUST00033,"Anderson, Roberts and Gilmore",Enterprise,Logistics,South,Australia,Martinezbury,lancesmith@davis-gay.com,412.874.8467x737,2023-03-21,Inactive,Net 30,663333.0,John Thomas,CON00079,Voice,Voice Premium,5.0,1855.0,4795.0,10.0,18.0,Monthly,24.0,Bronze,11.0,2026.0,959.0,959.0,1155.0,765.0,4795.0,2026-05-12,2026-06-11,EUR,Sent,Paid,1.0,863.1,863.1,10.0,479.5,5178.6,0,0,0,0,0,0,0,0,,0.0,0,30.0,1242,3.40041067761807,0.0,1.0,-383.60000000000036,1.08,0.0,1.0,0.0,0,5.0,5.4,-0.40000000000000036,0.5169811320754717,0.0,1.2043795620437956,0.7977059436913452,2026,5,12,1,2,2026,6,11,0.0462,4.62,0,No Revenue Leakage,LOW,0.0
TEST000986,CUST00062,"Adams, Miller and Coleman",SMB,Telecom,South,UK,Morrisonburgh,manuel15@phillips.com,001-775-470-5964x016,2021-11-10,Active,Net 60,394894.0,John Thomas,CON00166,SaaS,CRM,25.0,2859.0,66325.0,5.0,18.0,Yearly,36.0,Bronze,7.0,2026.0,2653.0,2653.0,2698.0,2547.0,66325.0,2026-02-27,2026-03-29,EUR,Generated,Pending,1.0,11938.5,11938.5,5.0,3316.25,74947.25,0,0,0,0,0,0,0,0,,0.0,0,60.0,1738,4.758384668035592,0.0,1.0,-8622.25,1.13,0.0,1.0,0.0,0,25.0,28.25,-3.25,0.9279468345575376,0.0,1.0169619298906898,0.9600452318130418,2026,2,27,4,1,2026,3,29,0.1194,11.94,0,No Revenue Leakage,LOW,0.0
TEST000987,CUST00114,Murphy-Tran,Enterprise,IT,West,Australia,West Jamesshire,jodi37@vargas-snyder.com,001-883-620-6038x5050,2022-06-24,Active,Net 30,535450.0,John Thomas,CON00072,Internet,Fiber 100,10.0,2552.0,29840.0,15.0,18.0,Monthly,24.0,Gold,7.0,2026.0,2984.0,2984.0,3253.0,2866.0,29840.0,2026-04-30,2026-05-30,INR,Sent,Overdue,3.0,5371.2,4710.841951265505,15.0,4476.0,30074.84,1,0,0,0,0,0,0,0,Missing GST,660.36,1,30.0,1512,4.139630390143737,0.0,1.0,-234.84000000000015,1.0078699731903484,660.3580487344952,0.8770557698960204,0.0,0,10.0,10.078699731903486,-0.07869973190348567,1.1692789968652038,0.0,1.09014745308311,0.960455764075067,2026,4,30,3,2,2026,5,30,0.9957,99.57,1,Revenue Leakage Detected,HIGH,0.0
TEST000988,CUST00089,Miller-Chung,Enterprise,Manufacturing,South,UK,Cunninghambury,gabriella10@sullivan.net,500.921.7659x1803,2023-11-26,Active,Net 15,288067.0,Rahul Sharma,CON00161,Voice,Voice Premium,5.0,1728.0,9970.0,15.0,18.0,Quarterly,12.0,Platinum,9.0,2026.0,1994.0,1994.0,2185.0,1982.0,9970.0,2026-03-25,2026-04-24,USD,Generated,Overdue,3.0,1794.6,1794.6,15.0,1495.5,10269.1,0,0,0,0,0,0,0,0,,0.0,0,15.0,992,2.7159479808350446,0.0,1.0,-299.10000000000036,1.03,0.0,1.0,0.0,0,5.0,5.15,-0.15000000000000036,1.1539351851851851,0.0,1.0957873620862588,0.9939819458375125,2026,3,25,2,1,2026,4,24,0.0363,3.63,0,No Revenue Leakage,LOW,0.0
TEST000989,CUST00040,Coffey-Phillips,Government,IT,North,UK,Lindamouth,taylortammy@ramsey.net,(716)304-8175x496,2023-08-02,Suspended,Net 60,640978.0,Arjun Kumar,CON00015,Internet,Fiber 1000,10.0,2546.0,9490.0,10.0,18.0,Yearly,36.0,Bronze,7.0,2026.0,949.0,949.0,1022.0,857.0,9490.0,2026-03-14,2026-04-13,INR,Generated,Paid,1.0,1708.2,1708.2,20.0,1898.0,9300.2,0,0,1,0,0,0,0,0,Extra Discount,949.0,1,60.0,1108,3.033538672142368,0.0,1.0,189.79999999999927,0.9800000000000001,0.0,1.0,-10.0,1,10.0,9.8,0.1999999999999993,0.3727415553809898,0.0,1.0769230769230769,0.9030558482613277,2026,3,14,5,1,2026,4,13,0.9994,99.94,1,Revenue Leakage Detected,HIGH,189.79999999999927
TEST000990,CUST00292,Atkins-Johnson,SMB,Telecom,North,USA,Whitetown,patrick11@weaver.com,(741)424-6209,2021-10-29,Suspended,Net 45,246733.0,Priya Nair,CON00191,Internet,Fiber 300,10.0,2732.0,18450.0,15.0,18.0,Yearly,24.0,Platinum,4.0,2026.0,1845.0,1636.0,1937.0,1745.0,18450.0,2025-09-29,2025-10-29,EUR,Sent,Pending,2.0,3321.0,3321.0,15.0,2767.5,16913.5,0,1,0,0,0,0,0,0,Usage Mismatch,2090.0,1,45.0,1750,4.791238877481177,209.0,0.886720867208672,1536.5,0.9167208672086721,0.0,1.0,0.0,0,10.0,10.338325183374083,-0.33832518337408324,0.6753294289897511,0.0,1.0498644986449865,0.94579945799458,2025,9,29,0,3,2025,10,29,0.9986,99.86,1,Revenue Leakage Detected,HIGH,1536.5
TEST000991,CUST00334,"Martinez, Taylor and Nichols",Retail,Telecom,West,Singapore,Davismouth,sarahmiranda@brown.biz,+1-586-333-4141x1159,2026-06-20,Suspended,Net 60,917869.0,Sneha Patel,CON00116,SaaS,ERP,25.0,1863.0,50500.0,15.0,18.0,Monthly,24.0,Gold,4.0,2026.0,2020.0,2020.0,2073.0,1930.0,50500.0,2025-09-19,2025-10-19,USD,Paid,Paid,2.0,9090.0,9090.0,25.0,12625.0,46965.0,0,0,1,0,0,0,0,0,Extra Discount,5050.0,1,60.0,55,0.15058179329226556,0.0,1.0,3535.0,0.93,0.0,1.0,-10.0,1,25.0,23.25,1.75,1.084272678475577,0.0,1.0262376237623763,0.9554455445544554,2025,9,19,4,3,2025,10,19,0.9987,99.87,1,Revenue Leakage Detected,HIGH,3535.0
TEST000992,CUST00054,Shelton-Williams,Government,Healthcare,South,USA,Cameronville,umitchell@brandt.com,001-825-746-2914,2022-09-07,Inactive,Net 15,208823.0,Rahul Sharma,CON00156,Voice,Voice Premium,5.0,993.0,12780.0,5.0,18.0,Monthly,36.0,Bronze,12.0,2026.0,2556.0,2556.0,2712.0,2475.0,12780.0,2025-08-19,2025-09-18,EUR,Sent,Paid,1.0,2300.4,2300.4,5.0,639.0,14441.4,0,0,0,0,0,0,0,0,,0.0,0,15.0,1437,3.9342915811088295,0.0,1.0,-1661.3999999999996,1.13,0.0,1.0,0.0,0,5.0,5.6499999999999995,-0.6499999999999995,2.5740181268882174,0.0,1.0610328638497653,0.9683098591549296,2025,8,19,1,3,2025,9,18,0.12,12.0,0,No Revenue Leakage,LOW,0.0
TEST000993,CUST00496,Shaffer-Huang,SMB,Education,East,UK,East Marcus,lopezlance@graves.net,(669)413-1196,2024-06-27,Inactive,Net 45,731777.0,John Thomas,CON00175,Cloud,Business Cloud,20.0,1137.0,45180.0,10.0,18.0,Quarterly,12.0,Gold,5.0,2026.0,2259.0,2013.0,2525.0,2129.0,45180.0,2025-11-22,2025-12-22,USD,Paid,Paid,3.0,8132.4,8132.4,10.0,4518.0,43874.4,0,1,0,0,0,0,0,0,Usage Mismatch,4920.0,1,45.0,778,2.130047912388775,246.0,0.8911022576361222,1305.5999999999985,0.9711022576361222,0.0,1.0,0.0,0,20.0,21.795529061102833,-1.7955290611028332,1.9868073878627968,0.0,1.117751217352811,0.9424524125719345,2025,11,22,5,4,2025,12,22,0.9995,99.95,1,Revenue Leakage Detected,HIGH,1305.5999999999985
TEST000994,CUST00032,Bailey-Cook,SMB,Education,West,Singapore,Port Eugenechester,zroberts@johnson.com,001-268-508-7603x85977,2023-11-13,Suspended,Net 45,159751.0,John Thomas,CON00088,Internet,Fiber 100,10.0,1166.0,19750.0,5.0,18.0,Yearly,24.0,Bronze,12.0,2026.0,1975.0,1975.0,2235.0,1783.0,19750.0,2026-08-08,2026-09-07,INR,Paid,Overdue,2.0,3555.0,3555.0,5.0,987.5,22317.5,0,0,0,0,0,0,0,0,,0.0,0,45.0,1005,2.751540041067762,0.0,1.0,-2567.5,1.13,0.0,1.0,0.0,0,10.0,11.3,-1.3000000000000007,1.6938250428816466,0.0,1.1316455696202532,0.9027848101265823,2026,8,8,5,3,2026,9,7,0.0558,5.58,0,No Revenue Leakage,LOW,0.0
TEST000995,CUST00380,Hernandez LLC,SMB,Education,West,Singapore,Matthewshire,zallen@jensen.com,001-862-562-6582,2022-06-11,Suspended,Net 60,501157.0,John Thomas,CON00166,SaaS,CRM,25.0,2859.0,38100.0,5.0,18.0,Yearly,36.0,Bronze,2.0,2026.0,1524.0,1524.0,1633.0,1332.0,38100.0,2026-01-18,2026-02-17,INR,Generated,Overdue,2.0,6858.0,6858.0,5.0,1905.0,43053.0,0,0,0,0,0,0,0,0,,0.0,0,60.0,1525,4.175222450376454,0.0,1.0,-4953.0,1.13,0.0,1.0,0.0,0,25.0,28.25,-3.25,0.5330535152151101,0.0,1.071522309711286,0.8740157480314961,2026,1,18,6,1,2026,2,17,0.0191,1.91,0,No Revenue Leakage,LOW,0.0
TEST000996,CUST00008,Jones-Young,SMB,IT,South,Australia,Lewisberg,esanchez@lee-davis.biz,(566)970-1065x133,2022-10-15,Inactive,Net 60,301995.0,Arjun Kumar,CON00004,Voice,Voice Basic,5.0,2127.0,2920.0,10.0,18.0,Monthly,36.0,Gold,8.0,2026.0,584.0,584.0,610.0,531.0,2920.0,2025-08-26,2025-09-25,INR,Generated,Paid,1.0,525.6,525.6,10.0,292.0,3153.6,0,0,0,0,0,0,0,0,,0.0,0,60.0,1399,3.8302532511978096,0.0,1.0,-233.5999999999999,1.08,0.0,1.0,0.0,0,5.0,5.3999999999999995,-0.39999999999999947,0.2745651151857076,0.0,1.0445205479452055,0.9092465753424658,2025,8,26,1,3,2025,9,25,0.0177,1.77,0,No Revenue Leakage,LOW,0.0
TEST000997,CUST00430,Walters Inc,Government,Logistics,West,USA,North Ryan,ngrant@thompson.biz,+1-793-957-8243x4776,2024-02-09,Inactive,Net 60,472355.0,Arjun Kumar,CON00118,Cloud,Basic Cloud,20.0,1997.0,52620.0,10.0,18.0,Quarterly,36.0,Bronze,10.0,2026.0,2631.0,2631.0,2796.0,2449.0,52620.0,2025-10-19,2025-11-18,INR,Sent,Pending,2.0,9471.6,9471.6,10.0,5262.0,56829.6,0,0,0,0,0,1,0,0,Duplicate Invoice,56829.6,1,60.0,917,2.510609171800137,0.0,1.0,-4209.5999999999985,1.08,0.0,1.0,0.0,0,20.0,21.599999999999998,-1.5999999999999979,1.3174762143214822,0.0,1.0627137970353477,0.9308247814519194,2025,10,19,6,4,2025,11,18,0.0628,6.28,0,No Revenue Leakage,LOW,0.0
TEST000998,CUST00287,Black-Lee,Retail,IT,North,Singapore,Shawnberg,fpoole@brown.info,871.658.6988,2026-07-26,Active,Net 45,367348.0,Sneha Patel,CON00085,SaaS,ERP,25.0,2968.0,54775.0,5.0,18.0,Monthly,12.0,Platinum,12.0,2026.0,2191.0,2191.0,2339.0,2186.0,54775.0,2026-03-10,2026-04-09,INR,Generated,Overdue,1.0,9859.5,9859.5,5.0,2738.75,61895.75,0,0,0,0,0,0,0,0,,0.0,0,45.0,19,0.05201916495550993,0.0,1.0,-7120.75,1.13,0.0,1.0,0.0,0,25.0,28.25,-3.25,0.7382075471698113,0.0,1.067549064354176,0.9977179370150616,2026,3,10,1,1,2026,4,9,0.3392,33.92,0,No Revenue Leakage,LOW,0.0
TEST000999,CUST00126,Dunlap-Martin,Enterprise,Healthcare,North,USA,Mooreville,jamie36@spencer.com,331-606-9872x0506,2025-09-06,Active,Net 45,972744.0,John Thomas,CON00058,Internet,Fiber 300,10.0,618.0,18600.0,15.0,18.0,Yearly,12.0,Bronze,8.0,2026.0,1860.0,1860.0,2043.0,1856.0,18600.0,2026-05-21,2026-06-20,EUR,Paid,Pending,2.0,3348.0,3348.0,15.0,2790.0,19158.0,0,0,0,0,0,0,0,0,,0.0,0,45.0,342,0.9363449691991786,0.0,1.0,-558.0,1.03,0.0,1.0,0.0,0,10.0,10.3,-0.3000000000000007,3.0097087378640777,0.0,1.0983870967741935,0.9978494623655914,2026,5,21,3,2,2026,6,20,0.0302,3.02,0,No Revenue Leakage,LOW,0.0
TEST001000,CUST00369,Davila PLC,Government,Telecom,East,UK,New Valeriefort,williamschristopher@smith-kelly.com,(483)256-5215x6818,2026-08-04,Suspended,Net 45,638315.0,John Thomas,CON00049,Security,Firewall,15.0,1536.0,12630.0,5.0,18.0,Monthly,36.0,Bronze,5.0,2026.0,842.0,842.0,958.0,751.0,12630.0,2026-02-24,2026-03-26,INR,Sent,Paid,3.0,2273.4,2273.4,5.0,631.5,14271.9,0,0,0,0,0,0,0,0,,0.0,0,45.0,10,0.02737850787132101,0.0,1.0,-1641.8999999999996,1.13,0.0,1.0,0.0,0,15.0,16.95,-1.9499999999999993,0.5481770833333334,0.0,1.1377672209026128,0.8919239904988123,2026,2,24,1,1,2026,3,26,0.196,19.6,0,No Revenue Leakage,LOW,0.0
