Invoice_ID,Prediction,ML_Anomaly_Score,Business_Evidence_Score,Risk_Level,Expected_Amount,Billed_Amount,Potential_Leakage,Risk_Factors
TEST000001,No Revenue Leakage,4.84,0,LOW,19410.0,19992.3,0.0,Billed amount exceeds expected amount; No major revenue-loss evidence detected
TEST000002,Revenue Leakage Detected,99.97,50,HIGH,23265.0,21892.05,1372.95,"Billed amount is ₹1,372.95 lower than expected"
TEST000003,No Revenue Leakage,3.72,0,LOW,45720.0,51663.6,0.0,Billed amount exceeds expected amount; No major revenue-loss evidence detected
TEST000004,No Revenue Leakage,5.53,0,LOW,8845.0,9552.6,0.0,Billed amount exceeds expected amount; No major revenue-loss evidence detected
TEST000005,No Revenue Leakage,6.52,0,LOW,9175.0,10826.5,0.0,Billed amount exceeds expected amount; No major revenue-loss evidence detected
TEST000006,No Revenue Leakage,4.02,0,LOW,3195.0,3290.85,0.0,Billed amount exceeds expected amount; No major revenue-loss evidence detected
TEST000007,No Revenue Leakage,3.65,0,LOW,52280.0,61690.4,0.0,Billed amount exceeds expected amount; No major revenue-loss evidence detected
TEST000008,No Revenue Leakage,2.41,0,LOW,7715.0,8332.2,0.0,Billed amount exceeds expected amount; No major revenue-loss evidence detected
TEST000009,Revenue Leakage Detected,99.98,50,HIGH,10935.0,10137.27,797.73,Billed amount is ₹797.73 lower than expected
TEST000010,No Revenue Leakage,3.64,0,LOW,24285.0,28656.3,0.0,Billed amount exceeds expected amount; No major revenue-loss evidence detected
TEST000011,Revenue Leakage Detected,99.99,65,HIGH,46300.0,45374.0,926.0,Billed amount is ₹926.00 lower than expected; Applied discount exceeds allowed discount
TEST000012,No Revenue Leakage,23.43,0,LOW,13325.0,13724.75,0.0,Billed amount exceeds expected amount; No major revenue-loss evidence detected
TEST000013,No Revenue Leakage,23.04,0,LOW,23850.0,28143.0,0.0,Billed amount exceeds expected amount; No major revenue-loss evidence detected
TEST000014,No Revenue Leakage,3.25,0,LOW,62075.0,70144.75,0.0,Billed amount exceeds expected amount; No major revenue-loss evidence detected
TEST000015,Revenue Leakage Detected,99.95,50,HIGH,19175.0,15550.47,3624.53,"Billed amount is ₹3,624.53 lower than expected"
TEST000016,No Revenue Leakage,5.51,0,LOW,13570.0,15334.1,0.0,Billed amount exceeds expected amount; No major revenue-loss evidence detected
TEST000017,No Revenue Leakage,10.02,0,LOW,12490.0,13489.2,0.0,Billed amount exceeds expected amount; No major revenue-loss evidence detected
TEST000018,No Revenue Leakage,2.49,0,LOW,18275.0,18823.25,0.0,Billed amount exceeds expected amount; No major revenue-loss evidence detected
TEST000019,Revenue Leakage Detected,99.9,50,HIGH,13425.0,10789.42,2635.58,"Billed amount is ₹2,635.58 lower than expected"
TEST000020,No Revenue Leakage,10.76,0,LOW,43700.0,45011.0,0.0,Billed amount exceeds expected amount; No major revenue-loss evidence detected
TEST000021,Potential Anomaly - Review,95.05,0,MEDIUM,9155.0,9985.09,0.0,"Billed amount exceeds expected amount; ML model detected an anomaly, but no direct revenue-loss evidence was found"
TEST000022,No Revenue Leakage,6.94,0,LOW,9325.0,11003.5,0.0,Billed amount exceeds expected amount; No major revenue-loss evidence detected
TEST000023,No Revenue Leakage,3.7,0,LOW,45300.0,48924.0,0.0,Billed amount exceeds expected amount; No major revenue-loss evidence detected
TEST000024,No Revenue Leakage,19.72,0,LOW,12620.0,13278.92,0.0,Billed amount exceeds expected amount; No major revenue-loss evidence detected
TEST000025,No Revenue Leakage,6.42,0,LOW,7310.0,7894.8,0.0,Billed amount exceeds expected amount; No major revenue-loss evidence detected
TEST000026,Revenue Leakage Detected,99.82,50,HIGH,10760.0,10582.63,177.37,Billed amount is ₹177.37 lower than expected
TEST000027,No Revenue Leakage,2.63,0,LOW,5820.0,6285.6,0.0,Billed amount exceeds expected amount; No major revenue-loss evidence detected
TEST000028,No Revenue Leakage,5.82,0,LOW,2965.0,3202.2,0.0,Billed amount exceeds expected amount; No major revenue-loss evidence detected
TEST000029,No Revenue Leakage,11.64,0,LOW,49100.0,50573.0,0.0,Billed amount exceeds expected amount; No major revenue-loss evidence detected
TEST000030,No Revenue Leakage,3.85,0,LOW,23080.0,24926.4,0.0,Billed amount exceeds expected amount; No major revenue-loss evidence detected
TEST000031,No Revenue Leakage,7.26,0,LOW,11540.0,13040.2,0.0,Billed amount exceeds expected amount; No major revenue-loss evidence detected
TEST000032,No Revenue Leakage,2.29,0,LOW,14495.0,16379.35,0.0,Billed amount exceeds expected amount; No major revenue-loss evidence detected
TEST000033,No Revenue Leakage,6.65,0,LOW,19290.0,22762.2,0.0,Billed amount exceeds expected amount; No major revenue-loss evidence detected
TEST000034,No Revenue Leakage,12.15,0,LOW,12800.0,15104.0,0.0,Billed amount exceeds expected amount; No major revenue-loss evidence detected
TEST000035,No Revenue Leakage,8.29,0,LOW,56550.0,63901.5,0.0,Billed amount exceeds expected amount; No major revenue-loss evidence detected
TEST000036,No Revenue Leakage,4.32,0,LOW,26700.0,27501.0,0.0,Billed amount exceeds expected amount; No major revenue-loss evidence detected
TEST000037,Potential Anomaly - Review,99.89,15,LOW,60575.0,65421.0,0.0,Billed amount exceeds expected amount; Applied discount exceeds allowed discount
TEST000038,Revenue Leakage Detected,99.96,50,HIGH,11220.0,9851.3,1368.7,"Billed amount is ₹1,368.70 lower than expected"
TEST000039,No Revenue Leakage,13.0,0,LOW,12755.0,13775.4,0.0,Billed amount exceeds expected amount; No major revenue-loss evidence detected
TEST000040,No Revenue Leakage,8.12,0,LOW,24930.0,29417.4,0.0,Billed amount exceeds expected amount; No major revenue-loss evidence detected
TEST000041,Potential Anomaly - Review,92.87,0,MEDIUM,26145.0,29022.12,0.0,"Billed amount exceeds expected amount; ML model detected an anomaly, but no direct revenue-loss evidence was found"
TEST000042,No Revenue Leakage,6.3,0,LOW,18045.0,20390.85,0.0,Billed amount exceeds expected amount; No major revenue-loss evidence detected
TEST000043,No Revenue Leakage,4.24,0,LOW,11510.0,12430.8,0.0,Billed amount exceeds expected amount; No major revenue-loss evidence detected
TEST000044,No Revenue Leakage,4.64,0,LOW,6140.0,6631.2,0.0,Billed amount exceeds expected amount; No major revenue-loss evidence detected
TEST000045,Revenue Leakage Detected,99.94,50,HIGH,70700.0,67212.34,3487.66,"Billed amount is ₹3,487.66 lower than expected"
TEST000046,Revenue Leakage Detected,99.94,50,HIGH,60975.0,60166.03,808.97,Billed amount is ₹808.97 lower than expected
TEST000047,No Revenue Leakage,4.69,0,LOW,2990.0,3079.7,0.0,Billed amount exceeds expected amount; No major revenue-loss evidence detected
TEST000048,No Revenue Leakage,2.63,0,LOW,67200.0,79296.0,0.0,Billed amount exceeds expected amount; No major revenue-loss evidence detected
TEST000049,No Revenue Leakage,3.41,0,LOW,67575.0,79738.5,0.0,Billed amount exceeds expected amount; No major revenue-loss evidence detected
TEST000050,No Revenue Leakage,9.28,0,LOW,26820.0,30306.6,0.0,Billed amount exceeds expected amount; No major revenue-loss evidence detected
TEST000051,Revenue Leakage Detected,99.94,50,HIGH,13160.0,12859.83,300.17,Billed amount is ₹300.17 lower than expected
TEST000052,No Revenue Leakage,13.0,0,LOW,5610.0,6619.8,0.0,Billed amount exceeds expected amount; No major revenue-loss evidence detected
TEST000053,No Revenue Leakage,9.41,0,LOW,12505.0,13505.4,0.0,Billed amount exceeds expected amount; No major revenue-loss evidence detected
TEST000054,Revenue Leakage Detected,99.99,65,HIGH,13450.0,12508.5,941.5,Billed amount is ₹941.50 lower than expected; Applied discount exceeds allowed discount
TEST000055,No Revenue Leakage,2.12,0,LOW,44760.0,46102.8,0.0,Billed amount exceeds expected amount; No major revenue-loss evidence detected
TEST000056,No Revenue Leakage,2.37,0,LOW,59000.0,69620.0,0.0,Billed amount exceeds expected amount; No major revenue-loss evidence detected
TEST000057,No Revenue Leakage,19.49,0,LOW,40515.0,41730.45,0.0,Billed amount exceeds expected amount; No major revenue-loss evidence detected
TEST000058,No Revenue Leakage,1.43,0,LOW,44820.0,52887.6,0.0,Billed amount exceeds expected amount; No major revenue-loss evidence detected
TEST000059,Potential Anomaly - Review,87.81,0,MEDIUM,45680.0,48237.98,0.0,"Billed amount exceeds expected amount; ML model detected an anomaly, but no direct revenue-loss evidence was found"
TEST000060,No Revenue Leakage,3.05,0,LOW,36480.0,41222.4,0.0,Billed amount exceeds expected amount; No major revenue-loss evidence detected
TEST000061,No Revenue Leakage,7.83,0,LOW,52060.0,56224.8,0.0,Billed amount exceeds expected amount; No major revenue-loss evidence detected
TEST000062,No Revenue Leakage,3.34,0,LOW,7890.0,9310.2,0.0,Billed amount exceeds expected amount; No major revenue-loss evidence detected
TEST000063,Revenue Leakage Detected,99.93,50,HIGH,42810.0,33284.38,9525.62,"Billed amount is ₹9,525.62 lower than expected"
TEST000064,No Revenue Leakage,3.79,0,LOW,4685.0,5059.8,0.0,Billed amount exceeds expected amount; No major revenue-loss evidence detected
TEST000065,Revenue Leakage Detected,99.98,50,HIGH,36220.0,35320.18,899.82,Billed amount is ₹899.82 lower than expected
TEST000066,Revenue Leakage Detected,99.98,50,HIGH,14865.0,14423.76,441.24,Billed amount is ₹441.24 lower than expected
TEST000067,Potential Revenue Leakage,99.95,20,MEDIUM,12345.0,12410.35,0.0,Billed amount exceeds expected amount; Usage mismatch detected (61.00); ML model supports the anomaly
TEST000068,Potential Anomaly - Review,95.83,0,MEDIUM,68450.0,73249.16,0.0,"Billed amount exceeds expected amount; ML model detected an anomaly, but no direct revenue-loss evidence was found"
TEST000069,No Revenue Leakage,3.05,0,LOW,6525.0,7047.0,0.0,Billed amount exceeds expected amount; No major revenue-loss evidence detected
TEST000070,No Revenue Leakage,17.77,0,LOW,25040.0,28295.2,0.0,Billed amount exceeds expected amount; No major revenue-loss evidence detected
TEST000071,No Revenue Leakage,5.0,0,LOW,21720.0,22371.6,0.0,Billed amount exceeds expected amount; No major revenue-loss evidence detected
TEST000072,No Revenue Leakage,14.53,0,LOW,29425.0,33250.25,0.0,Billed amount exceeds expected amount; No major revenue-loss evidence detected
TEST000073,No Revenue Leakage,13.05,0,LOW,14580.0,16475.4,0.0,Billed amount exceeds expected amount; No major revenue-loss evidence detected
TEST000074,No Revenue Leakage,4.63,0,LOW,5520.0,5685.6,0.0,Billed amount exceeds expected amount; No major revenue-loss evidence detected
TEST000075,No Revenue Leakage,16.59,0,LOW,40980.0,46307.4,0.0,Billed amount exceeds expected amount; No major revenue-loss evidence detected
TEST000076,No Revenue Leakage,6.59,0,LOW,10550.0,11394.0,0.0,Billed amount exceeds expected amount; No major revenue-loss evidence detected
TEST000077,No Revenue Leakage,2.33,0,LOW,43035.0,48629.55,0.0,Billed amount exceeds expected amount; No major revenue-loss evidence detected
TEST000078,No Revenue Leakage,12.64,0,LOW,26730.0,31541.4,0.0,Billed amount exceeds expected amount; No major revenue-loss evidence detected
TEST000079,No Revenue Leakage,5.37,0,LOW,24040.0,28367.2,0.0,Billed amount exceeds expected amount; No major revenue-loss evidence detected
TEST000080,Revenue Leakage Detected,99.92,50,HIGH,17880.0,14523.49,3356.51,"Billed amount is ₹3,356.51 lower than expected"
TEST000081,No Revenue Leakage,5.74,0,LOW,19110.0,20638.8,0.0,Billed amount exceeds expected amount; No major revenue-loss evidence detected
TEST000082,No Revenue Leakage,2.96,0,LOW,14900.0,15347.0,0.0,Billed amount exceeds expected amount; No major revenue-loss evidence detected
TEST000083,No Revenue Leakage,1.36,0,LOW,24210.0,28567.8,0.0,Billed amount exceeds expected amount; No major revenue-loss evidence detected
TEST000084,Revenue Leakage Detected,99.98,50,HIGH,31980.0,29896.02,2083.98,"Billed amount is ₹2,083.98 lower than expected"
TEST000085,No Revenue Leakage,2.95,0,LOW,28975.0,31293.0,0.0,Billed amount exceeds expected amount; No major revenue-loss evidence detected
TEST000086,Potential Anomaly - Review,99.92,15,LOW,10705.0,11813.17,0.0,Billed amount exceeds expected amount; Tax underbilling detected (₹283.48)
TEST000087,No Revenue Leakage,1.29,0,LOW,8585.0,8842.55,0.0,Billed amount exceeds expected amount; No major revenue-loss evidence detected
TEST000088,No Revenue Leakage,3.61,0,LOW,59350.0,70033.0,0.0,Billed amount exceeds expected amount; No major revenue-loss evidence detected
TEST000089,Revenue Leakage Detected,99.94,70,HIGH,21990.0,21159.7,830.3,Billed amount is ₹830.30 lower than expected; Usage mismatch detected (149.00)
TEST000090,No Revenue Leakage,8.12,0,LOW,41060.0,46397.8,0.0,Billed amount exceeds expected amount; No major revenue-loss evidence detected
TEST000091,Potential Anomaly - Review,99.93,15,LOW,49880.0,57797.89,0.0,"Billed amount exceeds expected amount; Tax underbilling detected (₹1,060.51)"
TEST000092,No Revenue Leakage,1.9,0,LOW,34250.0,35277.5,0.0,Billed amount exceeds expected amount; No major revenue-loss evidence detected
TEST000093,No Revenue Leakage,4.72,0,LOW,57000.0,64410.0,0.0,Billed amount exceeds expected amount; No major revenue-loss evidence detected
TEST000094,No Revenue Leakage,2.61,0,LOW,9710.0,10001.3,0.0,Billed amount exceeds expected amount; No major revenue-loss evidence detected
TEST000095,No Revenue Leakage,15.38,0,LOW,50700.0,52221.0,0.0,Billed amount exceeds expected amount; No major revenue-loss evidence detected
TEST000096,No Revenue Leakage,1.42,0,LOW,31215.0,36833.7,0.0,Billed amount exceeds expected amount; No major revenue-loss evidence detected
TEST000097,No Revenue Leakage,4.88,0,LOW,71500.0,77220.0,0.0,Billed amount exceeds expected amount; No major revenue-loss evidence detected
TEST000098,No Revenue Leakage,3.03,0,LOW,5195.0,5350.85,0.0,Billed amount exceeds expected amount; No major revenue-loss evidence detected
TEST000099,No Revenue Leakage,8.28,0,LOW,23775.0,26865.75,0.0,Billed amount exceeds expected amount; No major revenue-loss evidence detected
TEST000100,No Revenue Leakage,2.54,0,LOW,33540.0,34546.2,0.0,Billed amount exceeds expected amount; No major revenue-loss evidence detected
TEST000101,Potential Anomaly - Review,99.87,0,MEDIUM,48100.0,49042.05,0.0,"Billed amount exceeds expected amount; ML model detected an anomaly, but no direct revenue-loss evidence was found"
TEST000102,No Revenue Leakage,11.61,0,LOW,18615.0,21034.95,0.0,Billed amount exceeds expected amount; No major revenue-loss evidence detected
TEST000103,No Revenue Leakage,7.93,0,LOW,23180.0,25034.4,0.0,Billed amount exceeds expected amount; No major revenue-loss evidence detected
TEST000104,Potential Revenue Leakage,99.97,20,MEDIUM,23620.0,27331.6,0.0,Billed amount exceeds expected amount; Usage mismatch detected (54.00); ML model supports the anomaly
TEST000105,No Revenue Leakage,3.61,0,LOW,23400.0,27612.0,0.0,Billed amount exceeds expected amount; No major revenue-loss evidence detected
TEST000106,No Revenue Leakage,11.57,0,LOW,34020.0,38442.6,0.0,Billed amount exceeds expected amount; No major revenue-loss evidence detected
TEST000107,No Revenue Leakage,5.23,0,LOW,18150.0,20509.5,0.0,Billed amount exceeds expected amount; No major revenue-loss evidence detected
TEST000108,Revenue Leakage Detected,99.99,50,HIGH,30195.0,29823.5,371.5,Billed amount is ₹371.50 lower than expected
TEST000109,No Revenue Leakage,13.04,0,LOW,25560.0,30160.8,0.0,Billed amount exceeds expected amount; No major revenue-loss evidence detected
TEST000110,Potential Anomaly - Review,99.92,15,LOW,5205.0,5894.85,0.0,Billed amount exceeds expected amount; Tax underbilling detected (₹247.05)
TEST000111,No Revenue Leakage,1.67,0,LOW,62100.0,73278.0,0.0,Billed amount exceeds expected amount; No major revenue-loss evidence detected
TEST000112,No Revenue Leakage,7.74,0,LOW,10260.0,11080.8,0.0,Billed amount exceeds expected amount; No major revenue-loss evidence detected
TEST000113,No Revenue Leakage,6.29,0,LOW,4570.0,5392.6,0.0,Billed amount exceeds expected amount; No major revenue-loss evidence detected
TEST000114,Revenue Leakage Detected,99.97,50,HIGH,52175.0,50608.89,1566.11,"Billed amount is ₹1,566.11 lower than expected"
TEST000115,Potential Anomaly - Review,99.9,15,LOW,20660.0,21279.8,0.0,Billed amount exceeds expected amount; Applied discount exceeds allowed discount
TEST000116,No Revenue Leakage,7.87,0,LOW,26350.0,27140.5,0.0,Billed amount exceeds expected amount; No major revenue-loss evidence detected
TEST000117,No Revenue Leakage,12.04,0,LOW,14075.0,15201.0,0.0,Billed amount exceeds expected amount; No major revenue-loss evidence detected
TEST000118,No Revenue Leakage,5.08,0,LOW,33740.0,34752.2,0.0,Billed amount exceeds expected amount; No major revenue-loss evidence detected
TEST000119,No Revenue Leakage,14.68,0,LOW,51260.0,55360.8,0.0,Billed amount exceeds expected amount; No major revenue-loss evidence detected
TEST000120,No Revenue Leakage,4.42,0,LOW,35970.0,42444.6,0.0,Billed amount exceeds expected amount; No major revenue-loss evidence detected
TEST000121,No Revenue Leakage,5.96,0,LOW,30675.0,36196.5,0.0,Billed amount exceeds expected amount; No major revenue-loss evidence detected
TEST000122,No Revenue Leakage,25.6,0,LOW,72350.0,85373.0,0.0,Billed amount exceeds expected amount; No major revenue-loss evidence detected
TEST000123,No Revenue Leakage,5.32,0,LOW,11525.0,12447.0,0.0,Billed amount exceeds expected amount; No major revenue-loss evidence detected
TEST000124,No Revenue Leakage,1.48,0,LOW,69600.0,78648.0,0.0,Billed amount exceeds expected amount; No major revenue-loss evidence detected
TEST000125,Revenue Leakage Detected,99.97,50,HIGH,20820.0,18864.95,1955.05,"Billed amount is ₹1,955.05 lower than expected"
TEST000126,No Revenue Leakage,3.22,0,LOW,11835.0,12781.8,0.0,Billed amount exceeds expected amount; No major revenue-loss evidence detected
TEST000127,No Revenue Leakage,5.36,0,LOW,37950.0,44781.0,0.0,Billed amount exceeds expected amount; No major revenue-loss evidence detected
TEST000128,No Revenue Leakage,5.43,0,LOW,9950.0,10746.0,0.0,Billed amount exceeds expected amount; No major revenue-loss evidence detected
TEST000129,No Revenue Leakage,6.08,0,LOW,20910.0,22582.8,0.0,Billed amount exceeds expected amount; No major revenue-loss evidence detected
TEST000130,No Revenue Leakage,2.34,0,LOW,18725.0,20223.0,0.0,Billed amount exceeds expected amount; No major revenue-loss evidence detected
TEST000131,Potential Anomaly - Review,99.79,15,LOW,71150.0,73284.5,0.0,Billed amount exceeds expected amount; Applied discount exceeds allowed discount
TEST000132,Revenue Leakage Detected,99.97,65,HIGH,12725.0,12234.39,490.61,Billed amount is ₹490.61 lower than expected; Tax underbilling detected (₹872.36)
TEST000133,No Revenue Leakage,3.7,0,LOW,14605.0,16503.65,0.0,Billed amount exceeds expected amount; No major revenue-loss evidence detected
TEST000134,No Revenue Leakage,6.43,0,LOW,13145.0,14196.6,0.0,Billed amount exceeds expected amount; No major revenue-loss evidence detected
TEST000135,Potential Revenue Leakage,99.87,20,MEDIUM,46675.0,49992.75,0.0,Billed amount exceeds expected amount; Usage mismatch detected (110.00); ML model supports the anomaly
TEST000136,No Revenue Leakage,1.99,0,LOW,55560.0,65560.8,0.0,Billed amount exceeds expected amount; No major revenue-loss evidence detected
TEST000137,No Revenue Leakage,4.96,0,LOW,7540.0,7766.2,0.0,Billed amount exceeds expected amount; No major revenue-loss evidence detected
TEST000138,No Revenue Leakage,6.75,0,LOW,12880.0,15198.4,0.0,Billed amount exceeds expected amount; No major revenue-loss evidence detected
TEST000139,No Revenue Leakage,4.46,0,LOW,23280.0,25142.4,0.0,Billed amount exceeds expected amount; No major revenue-loss evidence detected
TEST000140,Revenue Leakage Detected,99.94,50,HIGH,9670.0,8233.74,1436.26,"Billed amount is ₹1,436.26 lower than expected"
TEST000141,No Revenue Leakage,4.13,0,LOW,67000.0,75710.0,0.0,Billed amount exceeds expected amount; No major revenue-loss evidence detected
TEST000142,No Revenue Leakage,4.1,0,LOW,5165.0,6094.7,0.0,Billed amount exceeds expected amount; No major revenue-loss evidence detected
TEST000143,Potential Anomaly - Review,98.54,15,LOW,28920.0,29787.6,0.0,Billed amount exceeds expected amount; Applied discount exceeds allowed discount
TEST000144,No Revenue Leakage,7.62,0,LOW,26660.0,30125.8,0.0,Billed amount exceeds expected amount; No major revenue-loss evidence detected
TEST000145,No Revenue Leakage,4.06,0,LOW,20920.0,21547.6,0.0,Billed amount exceeds expected amount; No major revenue-loss evidence detected
TEST000146,No Revenue Leakage,13.1,0,LOW,34700.0,40946.0,0.0,Billed amount exceeds expected amount; No major revenue-loss evidence detected
TEST000147,No Revenue Leakage,14.52,0,LOW,24820.0,29287.6,0.0,Billed amount exceeds expected amount; No major revenue-loss evidence detected
TEST000148,No Revenue Leakage,3.72,0,LOW,27790.0,31402.7,0.0,Billed amount exceeds expected amount; No major revenue-loss evidence detected
TEST000149,No Revenue Leakage,5.78,0,LOW,35140.0,36194.2,0.0,Billed amount exceeds expected amount; No major revenue-loss evidence detected
TEST000150,Revenue Leakage Detected,99.93,50,HIGH,15875.0,15217.43,657.57,Billed amount is ₹657.57 lower than expected
TEST000151,No Revenue Leakage,6.31,0,LOW,50925.0,57545.25,0.0,Billed amount exceeds expected amount; No major revenue-loss evidence detected
TEST000152,No Revenue Leakage,3.89,0,LOW,23520.0,27753.6,0.0,Billed amount exceeds expected amount; No major revenue-loss evidence detected
TEST000153,Revenue Leakage Detected,99.87,50,HIGH,28400.0,27334.79,1065.21,"Billed amount is ₹1,065.21 lower than expected"
TEST000154,No Revenue Leakage,6.85,0,LOW,15020.0,16972.6,0.0,Billed amount exceeds expected amount; No major revenue-loss evidence detected
TEST000155,No Revenue Leakage,6.7,0,LOW,10470.0,11831.1,0.0,Billed amount exceeds expected amount; No major revenue-loss evidence detected
TEST000156,No Revenue Leakage,3.47,0,LOW,11745.0,12097.35,0.0,Billed amount exceeds expected amount; No major revenue-loss evidence detected
TEST000157,Potential Revenue Leakage,99.94,20,MEDIUM,51200.0,52606.0,0.0,Billed amount exceeds expected amount; Usage mismatch detected (210.00); ML model supports the anomaly
TEST000158,No Revenue Leakage,10.18,0,LOW,51240.0,52777.2,0.0,Billed amount exceeds expected amount; No major revenue-loss evidence detected
TEST000159,No Revenue Leakage,3.15,0,LOW,41400.0,46782.0,0.0,Billed amount exceeds expected amount; No major revenue-loss evidence detected
TEST000160,No Revenue Leakage,5.44,0,LOW,25250.0,26007.5,0.0,Billed amount exceeds expected amount; No major revenue-loss evidence detected
TEST000161,Revenue Leakage Detected,99.99,65,HIGH,27720.0,25779.6,1940.4,"Billed amount is ₹1,940.40 lower than expected; Applied discount exceeds allowed discount"
TEST000162,No Revenue Leakage,7.48,0,LOW,16600.0,17928.0,0.0,Billed amount exceeds expected amount; No major revenue-loss evidence detected
TEST000163,No Revenue Leakage,3.15,0,LOW,21790.0,22443.7,0.0,Billed amount exceeds expected amount; No major revenue-loss evidence detected
TEST000164,No Revenue Leakage,3.07,0,LOW,53760.0,60748.8,0.0,Billed amount exceeds expected amount; No major revenue-loss evidence detected
TEST000165,Revenue Leakage Detected,99.92,50,HIGH,34260.0,25246.66,9013.34,"Billed amount is ₹9,013.34 lower than expected"
TEST000166,No Revenue Leakage,7.22,0,LOW,13850.0,14958.0,0.0,Billed amount exceeds expected amount; No major revenue-loss evidence detected
TEST000167,No Revenue Leakage,11.01,0,LOW,13800.0,14904.0,0.0,Billed amount exceeds expected amount; No major revenue-loss evidence detected
TEST000168,No Revenue Leakage,13.46,0,LOW,15440.0,18219.2,0.0,Billed amount exceeds expected amount; No major revenue-loss evidence detected
TEST000169,No Revenue Leakage,7.87,0,LOW,5130.0,5796.9,0.0,Billed amount exceeds expected amount; No major revenue-loss evidence detected
TEST000170,No Revenue Leakage,3.73,0,LOW,56440.0,60955.2,0.0,Billed amount exceeds expected amount; No major revenue-loss evidence detected
TEST000171,Potential Anomaly - Review,99.93,15,LOW,11760.0,11783.3,0.0,Billed amount exceeds expected amount; Tax underbilling detected (₹329.50)
TEST000172,No Revenue Leakage,8.32,0,LOW,5860.0,6328.8,0.0,Billed amount exceeds expected amount; No major revenue-loss evidence detected
TEST000173,No Revenue Leakage,8.81,0,LOW,12155.0,12519.65,0.0,Billed amount exceeds expected amount; No major revenue-loss evidence detected
TEST000174,No Revenue Leakage,6.48,0,LOW,52380.0,56570.4,0.0,Billed amount exceeds expected amount; No major revenue-loss evidence detected
TEST000175,No Revenue Leakage,4.19,0,LOW,14985.0,16933.05,0.0,Billed amount exceeds expected amount; No major revenue-loss evidence detected
TEST000176,No Revenue Leakage,14.34,0,LOW,30465.0,34425.45,0.0,Billed amount exceeds expected amount; No major revenue-loss evidence detected
TEST000177,No Revenue Leakage,5.55,0,LOW,25100.0,29618.0,0.0,Billed amount exceeds expected amount; No major revenue-loss evidence detected
TEST000178,No Revenue Leakage,3.47,0,LOW,9970.0,11764.6,0.0,Billed amount exceeds expected amount; No major revenue-loss evidence detected
TEST000179,No Revenue Leakage,2.52,0,LOW,8265.0,9752.7,0.0,Billed amount exceeds expected amount; No major revenue-loss evidence detected
TEST000180,Potential Anomaly - Review,99.98,15,LOW,19450.0,21808.49,0.0,"Billed amount exceeds expected amount; Tax underbilling detected (₹1,142.51)"
TEST000181,No Revenue Leakage,2.88,0,LOW,55460.0,62669.8,0.0,Billed amount exceeds expected amount; No major revenue-loss evidence detected
TEST000182,No Revenue Leakage,5.0,0,LOW,44850.0,48438.0,0.0,Billed amount exceeds expected amount; No major revenue-loss evidence detected
TEST000183,No Revenue Leakage,3.5,0,LOW,5280.0,5702.4,0.0,Billed amount exceeds expected amount; No major revenue-loss evidence detected
TEST000184,No Revenue Leakage,11.36,0,LOW,6810.0,7695.3,0.0,Billed amount exceeds expected amount; No major revenue-loss evidence detected
TEST000185,Revenue Leakage Detected,99.96,65,HIGH,17070.0,16567.51,502.49,"Billed amount is ₹502.49 lower than expected; Tax underbilling detected (₹1,014.59)"
TEST000186,Revenue Leakage Detected,99.88,50,HIGH,38575.0,35632.82,2942.18,"Billed amount is ₹2,942.18 lower than expected"
TEST000187,No Revenue Leakage,4.86,0,LOW,25820.0,26594.6,0.0,Billed amount exceeds expected amount; No major revenue-loss evidence detected
TEST000188,No Revenue Leakage,5.69,0,LOW,40650.0,43902.0,0.0,Billed amount exceeds expected amount; No major revenue-loss evidence detected
TEST000189,No Revenue Leakage,5.77,0,LOW,19440.0,20995.2,0.0,Billed amount exceeds expected amount; No major revenue-loss evidence detected
TEST000190,No Revenue Leakage,11.8,0,LOW,55940.0,60415.2,0.0,Billed amount exceeds expected amount; No major revenue-loss evidence detected
TEST000191,No Revenue Leakage,2.11,0,LOW,21950.0,22608.5,0.0,Billed amount exceeds expected amount; No major revenue-loss evidence detected
TEST000192,No Revenue Leakage,7.85,0,LOW,41400.0,42642.0,0.0,Billed amount exceeds expected amount; No major revenue-loss evidence detected
TEST000193,Revenue Leakage Detected,99.88,50,HIGH,8010.0,6254.76,1755.24,"Billed amount is ₹1,755.24 lower than expected"
TEST000194,No Revenue Leakage,13.23,0,LOW,20740.0,24473.2,0.0,Billed amount exceeds expected amount; No major revenue-loss evidence detected
TEST000195,No Revenue Leakage,7.47,0,LOW,13045.0,14088.6,0.0,Billed amount exceeds expected amount; No major revenue-loss evidence detected
TEST000196,No Revenue Leakage,22.02,0,LOW,39585.0,40772.55,0.0,Billed amount exceeds expected amount; No major revenue-loss evidence detected
TEST000197,Revenue Leakage Detected,99.98,50,HIGH,72950.0,65927.23,7022.77,"Billed amount is ₹7,022.77 lower than expected"
TEST000198,No Revenue Leakage,1.58,0,LOW,3390.0,3661.2,0.0,Billed amount exceeds expected amount; No major revenue-loss evidence detected
TEST000199,Revenue Leakage Detected,99.89,50,HIGH,37400.0,27494.23,9905.77,"Billed amount is ₹9,905.77 lower than expected"
TEST000200,No Revenue Leakage,4.2,0,LOW,5130.0,5540.4,0.0,Billed amount exceeds expected amount; No major revenue-loss evidence detected
TEST000201,No Revenue Leakage,3.79,0,LOW,57675.0,68056.5,0.0,Billed amount exceeds expected amount; No major revenue-loss evidence detected
TEST000202,No Revenue Leakage,7.44,0,LOW,11660.0,13758.8,0.0,Billed amount exceeds expected amount; No major revenue-loss evidence detected
TEST000203,No Revenue Leakage,2.99,0,LOW,21800.0,23544.0,0.0,Billed amount exceeds expected amount; No major revenue-loss evidence detected
TEST000204,Revenue Leakage Detected,99.97,50,HIGH,42175.0,36182.19,5992.81,"Billed amount is ₹5,992.81 lower than expected"
TEST000205,No Revenue Leakage,4.1,0,LOW,22640.0,23319.2,0.0,Billed amount exceeds expected amount; No major revenue-loss evidence detected
TEST000206,No Revenue Leakage,1.19,0,LOW,20925.0,21552.75,0.0,Billed amount exceeds expected amount; No major revenue-loss evidence detected
TEST000207,Revenue Leakage Detected,99.98,70,HIGH,14685.0,14374.8,310.2,Billed amount is ₹310.20 lower than expected; Usage mismatch detected (99.00)
TEST000208,No Revenue Leakage,3.61,0,LOW,4950.0,5098.5,0.0,Billed amount exceeds expected amount; No major revenue-loss evidence detected
TEST000209,No Revenue Leakage,5.31,0,LOW,7920.0,9345.6,0.0,Billed amount exceeds expected amount; No major revenue-loss evidence detected
TEST000210,No Revenue Leakage,8.94,0,LOW,13625.0,15396.25,0.0,Billed amount exceeds expected amount; No major revenue-loss evidence detected
TEST000211,No Revenue Leakage,2.03,0,LOW,28785.0,33966.3,0.0,Billed amount exceeds expected amount; No major revenue-loss evidence detected
TEST000212,No Revenue Leakage,5.48,0,LOW,14700.0,15141.0,0.0,Billed amount exceeds expected amount; No major revenue-loss evidence detected
TEST000213,No Revenue Leakage,3.85,0,LOW,42660.0,50338.8,0.0,Billed amount exceeds expected amount; No major revenue-loss evidence detected
TEST000214,No Revenue Leakage,3.04,0,LOW,4925.0,5319.0,0.0,Billed amount exceeds expected amount; No major revenue-loss evidence detected
TEST000215,No Revenue Leakage,5.81,0,LOW,13720.0,15503.6,0.0,Billed amount exceeds expected amount; No major revenue-loss evidence detected
TEST000216,Revenue Leakage Detected,99.99,50,HIGH,34590.0,31210.29,3379.71,"Billed amount is ₹3,379.71 lower than expected"
TEST000217,No Revenue Leakage,3.78,0,LOW,8015.0,8255.45,0.0,Billed amount exceeds expected amount; No major revenue-loss evidence detected
TEST000218,No Revenue Leakage,7.71,0,LOW,14300.0,14729.0,0.0,Billed amount exceeds expected amount; No major revenue-loss evidence detected
TEST000219,Revenue Leakage Detected,99.98,65,HIGH,24930.0,21938.4,2991.6,"Billed amount is ₹2,991.60 lower than expected; Applied discount exceeds allowed discount"
TEST000220,Potential Anomaly - Review,99.64,15,LOW,35250.0,38119.69,0.0,"Billed amount exceeds expected amount; Tax underbilling detected (₹1,712.81)"
TEST000221,No Revenue Leakage,62.2,0,LOW,9270.0,10102.91,0.0,Billed amount exceeds expected amount; No major revenue-loss evidence detected
TEST000222,No Revenue Leakage,1.93,0,LOW,29980.0,32378.4,0.0,Billed amount exceeds expected amount; No major revenue-loss evidence detected
TEST000223,No Revenue Leakage,3.05,0,LOW,43350.0,46818.0,0.0,Billed amount exceeds expected amount; No major revenue-loss evidence detected
TEST000224,No Revenue Leakage,7.65,0,LOW,24980.0,26978.4,0.0,Billed amount exceeds expected amount; No major revenue-loss evidence detected
TEST000225,No Revenue Leakage,8.1,0,LOW,25270.0,27291.6,0.0,Billed amount exceeds expected amount; No major revenue-loss evidence detected
TEST000226,No Revenue Leakage,3.48,0,LOW,18050.0,19494.0,0.0,Billed amount exceeds expected amount; No major revenue-loss evidence detected
TEST000227,No Revenue Leakage,25.28,0,LOW,72450.0,74623.5,0.0,Billed amount exceeds expected amount; No major revenue-loss evidence detected
TEST000228,No Revenue Leakage,2.82,0,LOW,2830.0,3056.4,0.0,Billed amount exceeds expected amount; No major revenue-loss evidence detected
TEST000229,No Revenue Leakage,1.24,0,LOW,53700.0,63366.0,0.0,Billed amount exceeds expected amount; No major revenue-loss evidence detected
TEST000230,Potential Revenue Leakage,99.94,20,MEDIUM,12395.0,13496.35,0.0,Billed amount exceeds expected amount; Usage mismatch detected (102.00); ML model supports the anomaly
TEST000231,No Revenue Leakage,3.19,0,LOW,24660.0,25399.8,0.0,Billed amount exceeds expected amount; No major revenue-loss evidence detected
TEST000232,No Revenue Leakage,7.66,0,LOW,4160.0,4492.8,0.0,Billed amount exceeds expected amount; No major revenue-loss evidence detected
TEST000233,No Revenue Leakage,6.83,0,LOW,27735.0,32727.3,0.0,Billed amount exceeds expected amount; No major revenue-loss evidence detected
TEST000234,Revenue Leakage Detected,99.96,50,HIGH,63750.0,58606.93,5143.07,"Billed amount is ₹5,143.07 lower than expected"
TEST000235,No Revenue Leakage,15.87,0,LOW,26250.0,29662.5,0.0,Billed amount exceeds expected amount; No major revenue-loss evidence detected
TEST000236,No Revenue Leakage,5.06,0,LOW,52300.0,53869.0,0.0,Billed amount exceeds expected amount; No major revenue-loss evidence detected
TEST000237,No Revenue Leakage,13.32,0,LOW,22395.0,24186.6,0.0,Billed amount exceeds expected amount; No major revenue-loss evidence detected
TEST000238,No Revenue Leakage,11.6,0,LOW,18680.0,22042.4,0.0,Billed amount exceeds expected amount; No major revenue-loss evidence detected
TEST000239,Revenue Leakage Detected,100.0,50,HIGH,21680.0,20449.88,1230.12,"Billed amount is ₹1,230.12 lower than expected"
TEST000240,No Revenue Leakage,3.61,0,LOW,23600.0,24308.0,0.0,Billed amount exceeds expected amount; No major revenue-loss evidence detected
TEST000241,No Revenue Leakage,1.92,0,LOW,64750.0,76405.0,0.0,Billed amount exceeds expected amount; No major revenue-loss evidence detected
TEST000242,No Revenue Leakage,5.17,0,LOW,18120.0,20475.6,0.0,Billed amount exceeds expected amount; No major revenue-loss evidence detected
TEST000243,No Revenue Leakage,9.57,0,LOW,10895.0,12311.35,0.0,Billed amount exceeds expected amount; No major revenue-loss evidence detected
TEST000244,No Revenue Leakage,8.48,0,LOW,58800.0,69384.0,0.0,Billed amount exceeds expected amount; No major revenue-loss evidence detected
TEST000245,No Revenue Leakage,2.75,0,LOW,16420.0,16912.6,0.0,Billed amount exceeds expected amount; No major revenue-loss evidence detected
TEST000246,No Revenue Leakage,8.16,0,LOW,50450.0,54486.0,0.0,Billed amount exceeds expected amount; No major revenue-loss evidence detected
TEST000247,Revenue Leakage Detected,99.95,70,HIGH,5520.0,4493.6,1026.4,"Billed amount is ₹1,026.40 lower than expected; Usage mismatch detected (202.00)"
TEST000248,No Revenue Leakage,6.64,0,LOW,16930.0,19977.4,0.0,Billed amount exceeds expected amount; No major revenue-loss evidence detected
TEST000249,No Revenue Leakage,2.8,0,LOW,20265.0,23912.7,0.0,Billed amount exceeds expected amount; No major revenue-loss evidence detected
TEST000250,No Revenue Leakage,3.35,0,LOW,14645.0,16548.85,0.0,Billed amount exceeds expected amount; No major revenue-loss evidence detected
TEST000251,No Revenue Leakage,6.53,0,LOW,13785.0,14887.8,0.0,Billed amount exceeds expected amount; No major revenue-loss evidence detected
TEST000252,No Revenue Leakage,6.17,0,LOW,8520.0,9627.6,0.0,Billed amount exceeds expected amount; No major revenue-loss evidence detected
TEST000253,No Revenue Leakage,7.67,0,LOW,16400.0,16892.0,0.0,Billed amount exceeds expected amount; No major revenue-loss evidence detected
TEST000254,No Revenue Leakage,4.17,0,LOW,5470.0,5907.6,0.0,Billed amount exceeds expected amount; No major revenue-loss evidence detected
TEST000255,No Revenue Leakage,4.67,0,LOW,23385.0,27594.3,0.0,Billed amount exceeds expected amount; No major revenue-loss evidence detected
TEST000256,Revenue Leakage Detected,99.98,50,HIGH,38240.0,31254.66,6985.34,"Billed amount is ₹6,985.34 lower than expected"
TEST000257,Revenue Leakage Detected,99.97,70,HIGH,7875.0,7218.75,656.25,Billed amount is ₹656.25 lower than expected; Usage mismatch detected (112.00)
TEST000258,No Revenue Leakage,6.33,0,LOW,18360.0,18910.8,0.0,Billed amount exceeds expected amount; No major revenue-loss evidence detected
TEST000259,No Revenue Leakage,3.64,0,LOW,24920.0,29405.6,0.0,Billed amount exceeds expected amount; No major revenue-loss evidence detected
TEST000260,No Revenue Leakage,3.73,0,LOW,3135.0,3385.8,0.0,Billed amount exceeds expected amount; No major revenue-loss evidence detected
TEST000261,Potential Revenue Leakage,99.84,20,MEDIUM,30160.0,30720.8,0.0,Billed amount exceeds expected amount; Usage mismatch detected (168.00); ML model supports the anomaly
TEST000262,No Revenue Leakage,10.61,0,LOW,9650.0,10422.0,0.0,Billed amount exceeds expected amount; No major revenue-loss evidence detected
TEST000263,No Revenue Leakage,8.72,0,LOW,21680.0,23414.4,0.0,Billed amount exceeds expected amount; No major revenue-loss evidence detected
TEST000264,No Revenue Leakage,7.01,0,LOW,27300.0,29484.0,0.0,Billed amount exceeds expected amount; No major revenue-loss evidence detected
TEST000265,No Revenue Leakage,12.86,0,LOW,25890.0,29255.7,0.0,Billed amount exceeds expected amount; No major revenue-loss evidence detected
TEST000266,No Revenue Leakage,9.74,0,LOW,12875.0,14548.75,0.0,Billed amount exceeds expected amount; No major revenue-loss evidence detected
TEST000267,No Revenue Leakage,6.53,0,LOW,21380.0,23090.4,0.0,Billed amount exceeds expected amount; No major revenue-loss evidence detected
TEST000268,Potential Anomaly - Review,99.01,0,MEDIUM,28950.0,29563.04,0.0,"Billed amount exceeds expected amount; ML model detected an anomaly, but no direct revenue-loss evidence was found"
TEST000269,Potential Anomaly - Review,89.37,0,MEDIUM,34545.0,37524.92,0.0,"Billed amount exceeds expected amount; ML model detected an anomaly, but no direct revenue-loss evidence was found"
TEST000270,No Revenue Leakage,7.1,0,LOW,6330.0,6836.4,0.0,Billed amount exceeds expected amount; No major revenue-loss evidence detected
TEST000271,No Revenue Leakage,4.62,0,LOW,45920.0,49593.6,0.0,Billed amount exceeds expected amount; No major revenue-loss evidence detected
TEST000272,No Revenue Leakage,10.67,0,LOW,13800.0,14904.0,0.0,Billed amount exceeds expected amount; No major revenue-loss evidence detected
TEST000273,No Revenue Leakage,9.68,0,LOW,32835.0,37103.55,0.0,Billed amount exceeds expected amount; No major revenue-loss evidence detected
TEST000274,No Revenue Leakage,11.85,0,LOW,24135.0,26065.8,0.0,Billed amount exceeds expected amount; No major revenue-loss evidence detected
TEST000275,No Revenue Leakage,6.88,0,LOW,58500.0,60255.0,0.0,Billed amount exceeds expected amount; No major revenue-loss evidence detected
TEST000276,No Revenue Leakage,14.05,0,LOW,30640.0,36155.2,0.0,Billed amount exceeds expected amount; No major revenue-loss evidence detected
TEST000277,No Revenue Leakage,1.69,0,LOW,17990.0,18529.7,0.0,Billed amount exceeds expected amount; No major revenue-loss evidence detected
TEST000278,No Revenue Leakage,18.96,0,LOW,58580.0,60337.4,0.0,Billed amount exceeds expected amount; No major revenue-loss evidence detected
TEST000279,No Revenue Leakage,5.51,0,LOW,30195.0,35630.1,0.0,Billed amount exceeds expected amount; No major revenue-loss evidence detected
TEST000280,No Revenue Leakage,5.42,0,LOW,15310.0,16534.8,0.0,Billed amount exceeds expected amount; No major revenue-loss evidence detected
TEST000281,No Revenue Leakage,5.32,0,LOW,12705.0,14991.9,0.0,Billed amount exceeds expected amount; No major revenue-loss evidence detected
TEST000282,Potential Anomaly - Review,99.97,15,LOW,28005.0,29996.59,0.0,"Billed amount exceeds expected amount; Tax underbilling detected (₹1,649.06)"
TEST000283,No Revenue Leakage,2.31,0,LOW,4960.0,5852.8,0.0,Billed amount exceeds expected amount; No major revenue-loss evidence detected
TEST000284,Revenue Leakage Detected,99.9,50,HIGH,8865.0,6443.82,2421.18,"Billed amount is ₹2,421.18 lower than expected"
TEST000285,No Revenue Leakage,1.72,0,LOW,59125.0,66811.25,0.0,Billed amount exceeds expected amount; No major revenue-loss evidence detected
TEST000286,No Revenue Leakage,8.53,0,LOW,22380.0,25289.4,0.0,Billed amount exceeds expected amount; No major revenue-loss evidence detected
TEST000287,No Revenue Leakage,5.21,0,LOW,41775.0,47205.75,0.0,Billed amount exceeds expected amount; No major revenue-loss evidence detected
TEST000288,No Revenue Leakage,3.04,0,LOW,13750.0,16225.0,0.0,Billed amount exceeds expected amount; No major revenue-loss evidence detected
TEST000289,Revenue Leakage Detected,99.98,65,HIGH,13660.0,13192.41,467.59,Billed amount is ₹467.59 lower than expected; Tax underbilling detected (₹877.39)
TEST000290,No Revenue Leakage,2.91,0,LOW,12870.0,15186.6,0.0,Billed amount exceeds expected amount; No major revenue-loss evidence detected
TEST000291,No Revenue Leakage,3.8,0,LOW,27920.0,30153.6,0.0,Billed amount exceeds expected amount; No major revenue-loss evidence detected
TEST000292,No Revenue Leakage,5.47,0,LOW,16840.0,19871.2,0.0,Billed amount exceeds expected amount; No major revenue-loss evidence detected
TEST000293,Revenue Leakage Detected,99.86,50,HIGH,4450.0,3921.74,528.26,Billed amount is ₹528.26 lower than expected
TEST000294,Revenue Leakage Detected,99.99,50,HIGH,66250.0,66014.07,235.93,Billed amount is ₹235.93 lower than expected
TEST000295,Revenue Leakage Detected,99.94,50,HIGH,28830.0,25235.5,3594.5,"Billed amount is ₹3,594.50 lower than expected"
TEST000296,No Revenue Leakage,4.46,0,LOW,12380.0,13370.4,0.0,Billed amount exceeds expected amount; No major revenue-loss evidence detected
TEST000297,No Revenue Leakage,0.9,0,LOW,40335.0,47595.3,0.0,Billed amount exceeds expected amount; No major revenue-loss evidence detected
TEST000298,No Revenue Leakage,5.36,0,LOW,34100.0,36828.0,0.0,Billed amount exceeds expected amount; No major revenue-loss evidence detected
TEST000299,No Revenue Leakage,8.47,0,LOW,53075.0,59974.75,0.0,Billed amount exceeds expected amount; No major revenue-loss evidence detected
TEST000300,No Revenue Leakage,2.87,0,LOW,20340.0,20950.2,0.0,Billed amount exceeds expected amount; No major revenue-loss evidence detected
TEST000301,No Revenue Leakage,3.39,0,LOW,19040.0,21515.2,0.0,Billed amount exceeds expected amount; No major revenue-loss evidence detected
TEST000302,Potential Anomaly - Review,95.48,0,MEDIUM,9850.0,10558.4,0.0,"Billed amount exceeds expected amount; ML model detected an anomaly, but no direct revenue-loss evidence was found"
TEST000303,Revenue Leakage Detected,99.99,50,HIGH,59500.0,53949.23,5550.77,"Billed amount is ₹5,550.77 lower than expected"
TEST000304,Potential Anomaly - Review,99.99,15,LOW,12990.0,13379.7,0.0,Billed amount exceeds expected amount; Applied discount exceeds allowed discount
TEST000305,No Revenue Leakage,4.85,0,LOW,9240.0,9979.2,0.0,Billed amount exceeds expected amount; No major revenue-loss evidence detected
TEST000306,No Revenue Leakage,4.28,0,LOW,46200.0,54516.0,0.0,Billed amount exceeds expected amount; No major revenue-loss evidence detected
TEST000307,No Revenue Leakage,5.31,0,LOW,8170.0,9232.1,0.0,Billed amount exceeds expected amount; No major revenue-loss evidence detected
TEST000308,No Revenue Leakage,5.45,0,LOW,17210.0,20307.8,0.0,Billed amount exceeds expected amount; No major revenue-loss evidence detected
TEST000309,No Revenue Leakage,13.79,0,LOW,10095.0,10902.6,0.0,Billed amount exceeds expected amount; No major revenue-loss evidence detected
TEST000310,No Revenue Leakage,8.78,0,LOW,10355.0,12218.9,0.0,Billed amount exceeds expected amount; No major revenue-loss evidence detected
TEST000311,No Revenue Leakage,5.72,0,LOW,60550.0,71449.0,0.0,Billed amount exceeds expected amount; No major revenue-loss evidence detected
TEST000312,Revenue Leakage Detected,100.0,50,HIGH,48150.0,43343.77,4806.23,"Billed amount is ₹4,806.23 lower than expected"
TEST000313,No Revenue Leakage,10.66,0,LOW,52520.0,54095.6,0.0,Billed amount exceeds expected amount; No major revenue-loss evidence detected
TEST000314,No Revenue Leakage,6.77,0,LOW,11265.0,12166.2,0.0,Billed amount exceeds expected amount; No major revenue-loss evidence detected
TEST000315,Revenue Leakage Detected,99.86,50,HIGH,10895.0,8913.08,1981.92,"Billed amount is ₹1,981.92 lower than expected"
TEST000316,No Revenue Leakage,1.96,0,LOW,40410.0,47683.8,0.0,Billed amount exceeds expected amount; No major revenue-loss evidence detected
TEST000317,No Revenue Leakage,6.77,0,LOW,63500.0,65405.0,0.0,Billed amount exceeds expected amount; No major revenue-loss evidence detected
TEST000318,No Revenue Leakage,3.75,0,LOW,13170.0,15540.6,0.0,Billed amount exceeds expected amount; No major revenue-loss evidence detected
TEST000319,No Revenue Leakage,9.84,0,LOW,28100.0,33158.0,0.0,Billed amount exceeds expected amount; No major revenue-loss evidence detected
TEST000320,No Revenue Leakage,4.36,0,LOW,10105.0,11923.9,0.0,Billed amount exceeds expected amount; No major revenue-loss evidence detected
TEST000321,No Revenue Leakage,5.58,0,LOW,33945.0,36660.6,0.0,Billed amount exceeds expected amount; No major revenue-loss evidence detected
TEST000322,No Revenue Leakage,5.46,0,LOW,21915.0,24763.95,0.0,Billed amount exceeds expected amount; No major revenue-loss evidence detected
TEST000323,No Revenue Leakage,2.2,0,LOW,11790.0,13912.2,0.0,Billed amount exceeds expected amount; No major revenue-loss evidence detected
TEST000324,No Revenue Leakage,5.82,0,LOW,11480.0,11824.4,0.0,Billed amount exceeds expected amount; No major revenue-loss evidence detected
TEST000325,Potential Revenue Leakage,99.96,20,MEDIUM,5925.0,5986.5,0.0,Billed amount exceeds expected amount; Usage mismatch detected (201.00); ML model supports the anomaly
TEST000326,Revenue Leakage Detected,99.95,50,HIGH,23650.0,22501.7,1148.3,"Billed amount is ₹1,148.30 lower than expected"
TEST000327,Potential Anomaly - Review,99.72,0,MEDIUM,5155.0,5300.92,0.0,"Billed amount exceeds expected amount; ML model detected an anomaly, but no direct revenue-loss evidence was found"
TEST000328,Revenue Leakage Detected,99.95,50,HIGH,22260.0,18826.23,3433.77,"Billed amount is ₹3,433.77 lower than expected"
TEST000329,No Revenue Leakage,12.73,0,LOW,21700.0,24521.0,0.0,Billed amount exceeds expected amount; No major revenue-loss evidence detected
TEST000330,Potential Anomaly - Review,99.94,15,LOW,23340.0,27002.03,0.0,Billed amount exceeds expected amount; Tax underbilling detected (₹539.17)
TEST000331,No Revenue Leakage,4.96,0,LOW,59350.0,64098.0,0.0,Billed amount exceeds expected amount; No major revenue-loss evidence detected
TEST000332,No Revenue Leakage,2.14,0,LOW,53980.0,58298.4,0.0,Billed amount exceeds expected amount; No major revenue-loss evidence detected
TEST000333,No Revenue Leakage,5.75,0,LOW,55400.0,57062.0,0.0,Billed amount exceeds expected amount; No major revenue-loss evidence detected
TEST000334,No Revenue Leakage,7.35,0,LOW,20850.0,23560.5,0.0,Billed amount exceeds expected amount; No major revenue-loss evidence detected
TEST000335,No Revenue Leakage,37.55,0,LOW,24925.0,28165.25,0.0,Billed amount exceeds expected amount; No major revenue-loss evidence detected
TEST000336,No Revenue Leakage,5.62,0,LOW,19140.0,19714.2,0.0,Billed amount exceeds expected amount; No major revenue-loss evidence detected
TEST000337,No Revenue Leakage,9.46,0,LOW,11035.0,12469.55,0.0,Billed amount exceeds expected amount; No major revenue-loss evidence detected
TEST000338,No Revenue Leakage,11.75,0,LOW,39945.0,45137.85,0.0,Billed amount exceeds expected amount; No major revenue-loss evidence detected
TEST000339,Revenue Leakage Detected,99.89,50,HIGH,13790.0,11343.93,2446.07,"Billed amount is ₹2,446.07 lower than expected"
TEST000340,Revenue Leakage Detected,99.99,65,HIGH,44700.0,39336.0,5364.0,"Billed amount is ₹5,364.00 lower than expected; Applied discount exceeds allowed discount"
TEST000341,No Revenue Leakage,1.28,0,LOW,21255.0,25080.9,0.0,Billed amount exceeds expected amount; No major revenue-loss evidence detected
TEST000342,No Revenue Leakage,2.4,0,LOW,32940.0,33928.2,0.0,Billed amount exceeds expected amount; No major revenue-loss evidence detected
TEST000343,No Revenue Leakage,1.72,0,LOW,4075.0,4401.0,0.0,Billed amount exceeds expected amount; No major revenue-loss evidence detected
TEST000344,No Revenue Leakage,4.63,0,LOW,30000.0,30900.0,0.0,Billed amount exceeds expected amount; No major revenue-loss evidence detected
TEST000345,Revenue Leakage Detected,99.92,50,HIGH,29220.0,25495.7,3724.3,"Billed amount is ₹3,724.30 lower than expected"
TEST000346,No Revenue Leakage,11.07,0,LOW,28650.0,32374.5,0.0,Billed amount exceeds expected amount; No major revenue-loss evidence detected
TEST000347,No Revenue Leakage,7.05,0,LOW,9585.0,10831.05,0.0,Billed amount exceeds expected amount; No major revenue-loss evidence detected
TEST000348,Revenue Leakage Detected,99.91,70,HIGH,2685.0,2293.3,391.7,Billed amount is ₹391.70 lower than expected; Usage mismatch detected (175.00)
TEST000349,No Revenue Leakage,3.21,0,LOW,41440.0,48899.2,0.0,Billed amount exceeds expected amount; No major revenue-loss evidence detected
TEST000350,No Revenue Leakage,3.99,0,LOW,11020.0,11901.6,0.0,Billed amount exceeds expected amount; No major revenue-loss evidence detected
TEST000351,No Revenue Leakage,2.08,0,LOW,14475.0,15633.0,0.0,Billed amount exceeds expected amount; No major revenue-loss evidence detected
TEST000352,No Revenue Leakage,5.16,0,LOW,57360.0,61948.8,0.0,Billed amount exceeds expected amount; No major revenue-loss evidence detected
TEST000353,No Revenue Leakage,9.13,0,LOW,52320.0,56505.6,0.0,Billed amount exceeds expected amount; No major revenue-loss evidence detected
TEST000354,No Revenue Leakage,6.34,0,LOW,11150.0,12042.0,0.0,Billed amount exceeds expected amount; No major revenue-loss evidence detected
TEST000355,No Revenue Leakage,7.62,0,LOW,20940.0,24709.2,0.0,Billed amount exceeds expected amount; No major revenue-loss evidence detected
TEST000356,No Revenue Leakage,7.43,0,LOW,39645.0,46781.1,0.0,Billed amount exceeds expected amount; No major revenue-loss evidence detected
TEST000357,No Revenue Leakage,12.59,0,LOW,14450.0,17051.0,0.0,Billed amount exceeds expected amount; No major revenue-loss evidence detected
TEST000358,No Revenue Leakage,1.94,0,LOW,41100.0,48498.0,0.0,Billed amount exceeds expected amount; No major revenue-loss evidence detected
TEST000359,No Revenue Leakage,1.07,0,LOW,41060.0,48450.8,0.0,Billed amount exceeds expected amount; No major revenue-loss evidence detected
TEST000360,No Revenue Leakage,5.32,0,LOW,7385.0,7975.8,0.0,Billed amount exceeds expected amount; No major revenue-loss evidence detected
TEST000361,No Revenue Leakage,7.88,0,LOW,12945.0,13980.6,0.0,Billed amount exceeds expected amount; No major revenue-loss evidence detected
TEST000362,No Revenue Leakage,10.37,0,LOW,12580.0,13586.4,0.0,Billed amount exceeds expected amount; No major revenue-loss evidence detected
TEST000363,No Revenue Leakage,3.89,0,LOW,13670.0,16130.6,0.0,Billed amount exceeds expected amount; No major revenue-loss evidence detected
TEST000364,No Revenue Leakage,7.1,0,LOW,13360.0,15096.8,0.0,Billed amount exceeds expected amount; No major revenue-loss evidence detected
TEST000365,No Revenue Leakage,4.45,0,LOW,7045.0,7608.6,0.0,Billed amount exceeds expected amount; No major revenue-loss evidence detected
TEST000366,No Revenue Leakage,1.99,0,LOW,7915.0,8548.2,0.0,Billed amount exceeds expected amount; No major revenue-loss evidence detected
TEST000367,No Revenue Leakage,12.21,0,LOW,6095.0,6277.85,0.0,Billed amount exceeds expected amount; No major revenue-loss evidence detected
TEST000368,No Revenue Leakage,2.11,0,LOW,48420.0,57135.6,0.0,Billed amount exceeds expected amount; No major revenue-loss evidence detected
TEST000369,No Revenue Leakage,11.38,0,LOW,7150.0,7364.5,0.0,Billed amount exceeds expected amount; No major revenue-loss evidence detected
TEST000370,Revenue Leakage Detected,99.93,65,HIGH,38160.0,37298.81,861.19,"Billed amount is ₹861.19 lower than expected; Tax underbilling detected (₹2,005.99)"
TEST000371,No Revenue Leakage,5.11,0,LOW,28410.0,30682.8,0.0,Billed amount exceeds expected amount; No major revenue-loss evidence detected
TEST000372,No Revenue Leakage,3.18,0,LOW,22080.0,22742.4,0.0,Billed amount exceeds expected amount; No major revenue-loss evidence detected
TEST000373,No Revenue Leakage,7.66,0,LOW,14580.0,15746.4,0.0,Billed amount exceeds expected amount; No major revenue-loss evidence detected
TEST000374,Potential Anomaly - Review,99.96,15,LOW,49900.0,53428.32,0.0,"Billed amount exceeds expected amount; Tax underbilling detected (₹2,958.68)"
TEST000375,No Revenue Leakage,9.61,0,LOW,24750.0,26730.0,0.0,Billed amount exceeds expected amount; No major revenue-loss evidence detected
TEST000376,No Revenue Leakage,3.33,0,LOW,10540.0,12437.2,0.0,Billed amount exceeds expected amount; No major revenue-loss evidence detected
TEST000377,No Revenue Leakage,5.25,0,LOW,74875.0,84608.75,0.0,Billed amount exceeds expected amount; No major revenue-loss evidence detected
TEST000378,No Revenue Leakage,4.79,0,LOW,34340.0,37087.2,0.0,Billed amount exceeds expected amount; No major revenue-loss evidence detected
TEST000379,Revenue Leakage Detected,99.97,70,HIGH,16800.0,15944.0,856.0,Billed amount is ₹856.00 lower than expected; Usage mismatch detected (220.00)
TEST000380,No Revenue Leakage,5.28,0,LOW,42040.0,49607.2,0.0,Billed amount exceeds expected amount; No major revenue-loss evidence detected
TEST000381,No Revenue Leakage,5.65,0,LOW,3305.0,3404.15,0.0,Billed amount exceeds expected amount; No major revenue-loss evidence detected
TEST000382,No Revenue Leakage,6.92,0,LOW,25640.0,27691.2,0.0,Billed amount exceeds expected amount; No major revenue-loss evidence detected
TEST000383,No Revenue Leakage,2.85,0,LOW,7750.0,8370.0,0.0,Billed amount exceeds expected amount; No major revenue-loss evidence detected
TEST000384,No Revenue Leakage,1.62,0,LOW,32800.0,38704.0,0.0,Billed amount exceeds expected amount; No major revenue-loss evidence detected
TEST000385,Revenue Leakage Detected,99.85,50,HIGH,31170.0,29673.27,1496.73,"Billed amount is ₹1,496.73 lower than expected"
TEST000386,No Revenue Leakage,2.84,0,LOW,5110.0,5263.3,0.0,Billed amount exceeds expected amount; No major revenue-loss evidence detected
TEST000387,No Revenue Leakage,7.32,0,LOW,19290.0,20833.2,0.0,Billed amount exceeds expected amount; No major revenue-loss evidence detected
TEST000388,Revenue Leakage Detected,99.92,50,HIGH,10880.0,3349.27,7530.73,"Billed amount is ₹7,530.73 lower than expected"
TEST000389,Revenue Leakage Detected,99.95,50,HIGH,36495.0,31575.85,4919.15,"Billed amount is ₹4,919.15 lower than expected"
TEST000390,No Revenue Leakage,6.26,0,LOW,6790.0,7333.2,0.0,Billed amount exceeds expected amount; No major revenue-loss evidence detected
TEST000391,No Revenue Leakage,8.35,0,LOW,14970.0,16167.6,0.0,Billed amount exceeds expected amount; No major revenue-loss evidence detected
TEST000392,No Revenue Leakage,2.65,0,LOW,45300.0,51189.0,0.0,Billed amount exceeds expected amount; No major revenue-loss evidence detected
TEST000393,No Revenue Leakage,3.7,0,LOW,19350.0,21865.5,0.0,Billed amount exceeds expected amount; No major revenue-loss evidence detected
TEST000394,Revenue Leakage Detected,99.99,65,HIGH,68550.0,68400.53,149.47,"Billed amount is ₹149.47 lower than expected; Tax underbilling detected (₹2,205.97)"
TEST000395,Potential Anomaly - Review,99.65,0,MEDIUM,51440.0,52944.35,0.0,"Billed amount exceeds expected amount; ML model detected an anomaly, but no direct revenue-loss evidence was found"
TEST000396,No Revenue Leakage,3.18,0,LOW,8955.0,10566.9,0.0,Billed amount exceeds expected amount; No major revenue-loss evidence detected
TEST000397,Potential Anomaly - Review,99.94,15,LOW,33500.0,34505.0,0.0,Billed amount exceeds expected amount; Applied discount exceeds allowed discount
TEST000398,No Revenue Leakage,5.64,0,LOW,14100.0,15228.0,0.0,Billed amount exceeds expected amount; No major revenue-loss evidence detected
TEST000399,No Revenue Leakage,1.0,0,LOW,21625.0,22273.75,0.0,Billed amount exceeds expected amount; No major revenue-loss evidence detected
TEST000400,No Revenue Leakage,3.28,0,LOW,10940.0,12909.2,0.0,Billed amount exceeds expected amount; No major revenue-loss evidence detected
TEST000401,No Revenue Leakage,7.71,0,LOW,35280.0,39866.4,0.0,Billed amount exceeds expected amount; No major revenue-loss evidence detected
TEST000402,No Revenue Leakage,5.6,0,LOW,8655.0,8914.65,0.0,Billed amount exceeds expected amount; No major revenue-loss evidence detected
TEST000403,Revenue Leakage Detected,99.95,70,HIGH,32040.0,30031.2,2008.8,"Billed amount is ₹2,008.80 lower than expected; Usage mismatch detected (198.00)"
TEST000404,No Revenue Leakage,4.85,0,LOW,21060.0,24850.8,0.0,Billed amount exceeds expected amount; No major revenue-loss evidence detected
TEST000405,No Revenue Leakage,5.31,0,LOW,12960.0,13348.8,0.0,Billed amount exceeds expected amount; No major revenue-loss evidence detected
TEST000406,No Revenue Leakage,25.26,0,LOW,15660.0,18478.8,0.0,Billed amount exceeds expected amount; No major revenue-loss evidence detected
TEST000407,No Revenue Leakage,7.35,0,LOW,15600.0,16068.0,0.0,Billed amount exceeds expected amount; No major revenue-loss evidence detected
TEST000408,Revenue Leakage Detected,99.9,50,HIGH,8685.0,6584.16,2100.84,"Billed amount is ₹2,100.84 lower than expected"
TEST000409,No Revenue Leakage,3.33,0,LOW,30850.0,34860.5,0.0,Billed amount exceeds expected amount; No major revenue-loss evidence detected
TEST000410,No Revenue Leakage,3.02,0,LOW,26350.0,27140.5,0.0,Billed amount exceeds expected amount; No major revenue-loss evidence detected
TEST000411,No Revenue Leakage,4.44,0,LOW,36675.0,39609.0,0.0,Billed amount exceeds expected amount; No major revenue-loss evidence detected
TEST000412,No Revenue Leakage,4.23,0,LOW,39020.0,44092.6,0.0,Billed amount exceeds expected amount; No major revenue-loss evidence detected
TEST000413,No Revenue Leakage,6.52,0,LOW,9580.0,10825.4,0.0,Billed amount exceeds expected amount; No major revenue-loss evidence detected
TEST000414,No Revenue Leakage,3.24,0,LOW,30030.0,30930.9,0.0,Billed amount exceeds expected amount; No major revenue-loss evidence detected
TEST000415,No Revenue Leakage,5.11,0,LOW,18720.0,20217.6,0.0,Billed amount exceeds expected amount; No major revenue-loss evidence detected
TEST000416,No Revenue Leakage,3.34,0,LOW,2620.0,2698.6,0.0,Billed amount exceeds expected amount; No major revenue-loss evidence detected
TEST000417,No Revenue Leakage,7.54,0,LOW,23710.0,25606.8,0.0,Billed amount exceeds expected amount; No major revenue-loss evidence detected
TEST000418,No Revenue Leakage,2.52,0,LOW,16410.0,16902.3,0.0,Billed amount exceeds expected amount; No major revenue-loss evidence detected
TEST000419,No Revenue Leakage,7.12,0,LOW,23300.0,26329.0,0.0,Billed amount exceeds expected amount; No major revenue-loss evidence detected
TEST000420,Revenue Leakage Detected,99.93,65,HIGH,10810.0,10360.38,449.62,Billed amount is ₹449.62 lower than expected; Tax underbilling detected (₹773.92)
TEST000421,Revenue Leakage Detected,99.98,65,HIGH,39520.0,36753.6,2766.4,"Billed amount is ₹2,766.40 lower than expected; Applied discount exceeds allowed discount"
TEST000422,No Revenue Leakage,3.7,0,LOW,8000.0,9440.0,0.0,Billed amount exceeds expected amount; No major revenue-loss evidence detected
TEST000423,No Revenue Leakage,2.84,0,LOW,59650.0,64422.0,0.0,Billed amount exceeds expected amount; No major revenue-loss evidence detected
TEST000424,No Revenue Leakage,6.44,0,LOW,12190.0,12555.7,0.0,Billed amount exceeds expected amount; No major revenue-loss evidence detected
TEST000425,No Revenue Leakage,3.43,0,LOW,10330.0,12189.4,0.0,Billed amount exceeds expected amount; No major revenue-loss evidence detected
TEST000426,No Revenue Leakage,1.87,0,LOW,39990.0,47188.2,0.0,Billed amount exceeds expected amount; No major revenue-loss evidence detected
TEST000427,No Revenue Leakage,2.58,0,LOW,34925.0,35972.75,0.0,Billed amount exceeds expected amount; No major revenue-loss evidence detected
TEST000428,No Revenue Leakage,6.87,0,LOW,25500.0,26265.0,0.0,Billed amount exceeds expected amount; No major revenue-loss evidence detected
TEST000429,Revenue Leakage Detected,99.97,50,HIGH,34575.0,29317.94,5257.06,"Billed amount is ₹5,257.06 lower than expected"
TEST000430,No Revenue Leakage,5.64,0,LOW,8810.0,10395.8,0.0,Billed amount exceeds expected amount; No major revenue-loss evidence detected
TEST000431,No Revenue Leakage,3.56,0,LOW,24500.0,25235.0,0.0,Billed amount exceeds expected amount; No major revenue-loss evidence detected
TEST000432,No Revenue Leakage,1.98,0,LOW,4030.0,4352.4,0.0,Billed amount exceeds expected amount; No major revenue-loss evidence detected
TEST000433,No Revenue Leakage,6.7,0,LOW,54700.0,59076.0,0.0,Billed amount exceeds expected amount; No major revenue-loss evidence detected
TEST000434,No Revenue Leakage,3.57,0,LOW,14650.0,15822.0,0.0,Billed amount exceeds expected amount; No major revenue-loss evidence detected
TEST000435,No Revenue Leakage,5.14,0,LOW,8660.0,10218.8,0.0,Billed amount exceeds expected amount; No major revenue-loss evidence detected
TEST000436,No Revenue Leakage,4.14,0,LOW,58740.0,63439.2,0.0,Billed amount exceeds expected amount; No major revenue-loss evidence detected
TEST000437,Revenue Leakage Detected,99.96,50,HIGH,3595.0,3504.08,90.92,Billed amount is ₹90.92 lower than expected
TEST000438,No Revenue Leakage,4.52,0,LOW,46675.0,55076.5,0.0,Billed amount exceeds expected amount; No major revenue-loss evidence detected
TEST000439,No Revenue Leakage,4.12,0,LOW,16190.0,19104.2,0.0,Billed amount exceeds expected amount; No major revenue-loss evidence detected
TEST000440,No Revenue Leakage,2.93,0,LOW,8825.0,9089.75,0.0,Billed amount exceeds expected amount; No major revenue-loss evidence detected
TEST000441,No Revenue Leakage,2.21,0,LOW,67325.0,79443.5,0.0,Billed amount exceeds expected amount; No major revenue-loss evidence detected
TEST000442,No Revenue Leakage,24.84,0,LOW,20525.0,23193.25,0.0,Billed amount exceeds expected amount; No major revenue-loss evidence detected
TEST000443,Revenue Leakage Detected,99.98,65,HIGH,8900.0,8722.0,178.0,Billed amount is ₹178.00 lower than expected; Applied discount exceeds allowed discount
TEST000444,No Revenue Leakage,1.52,0,LOW,14845.0,17517.1,0.0,Billed amount exceeds expected amount; No major revenue-loss evidence detected
TEST000445,No Revenue Leakage,4.26,0,LOW,23200.0,25056.0,0.0,Billed amount exceeds expected amount; No major revenue-loss evidence detected
TEST000446,No Revenue Leakage,6.13,0,LOW,15060.0,17017.8,0.0,Billed amount exceeds expected amount; No major revenue-loss evidence detected
TEST000447,No Revenue Leakage,5.04,0,LOW,11885.0,12835.8,0.0,Billed amount exceeds expected amount; No major revenue-loss evidence detected
TEST000448,No Revenue Leakage,11.12,0,LOW,12705.0,13721.4,0.0,Billed amount exceeds expected amount; No major revenue-loss evidence detected
TEST000449,No Revenue Leakage,1.3,0,LOW,14785.0,15967.8,0.0,Billed amount exceeds expected amount; No major revenue-loss evidence detected
TEST000450,Potential Anomaly - Review,99.55,15,LOW,9585.0,9872.55,0.0,Billed amount exceeds expected amount; Applied discount exceeds allowed discount
TEST000451,No Revenue Leakage,6.21,0,LOW,44940.0,48694.98,0.0,Billed amount exceeds expected amount; No major revenue-loss evidence detected
TEST000452,No Revenue Leakage,6.47,0,LOW,54860.0,61991.8,0.0,Billed amount exceeds expected amount; No major revenue-loss evidence detected
TEST000453,No Revenue Leakage,1.93,0,LOW,11220.0,13239.6,0.0,Billed amount exceeds expected amount; No major revenue-loss evidence detected
TEST000454,No Revenue Leakage,13.35,0,LOW,16170.0,17463.6,0.0,Billed amount exceeds expected amount; No major revenue-loss evidence detected
TEST000455,Revenue Leakage Detected,99.99,50,HIGH,34785.0,31068.03,3716.97,"Billed amount is ₹3,716.97 lower than expected"
TEST000456,Revenue Leakage Detected,99.98,70,HIGH,49700.0,46211.0,3489.0,"Billed amount is ₹3,489.00 lower than expected; Usage mismatch detected (249.00)"
TEST000457,No Revenue Leakage,4.62,0,LOW,28550.0,30834.0,0.0,Billed amount exceeds expected amount; No major revenue-loss evidence detected
TEST000458,No Revenue Leakage,1.62,0,LOW,16570.0,17067.1,0.0,Billed amount exceeds expected amount; No major revenue-loss evidence detected
TEST000459,No Revenue Leakage,8.92,0,LOW,4335.0,4898.55,0.0,Billed amount exceeds expected amount; No major revenue-loss evidence detected
TEST000460,Revenue Leakage Detected,99.99,65,HIGH,49150.0,48038.64,1111.36,"Billed amount is ₹1,111.36 lower than expected; Tax underbilling detected (₹2,585.86)"
TEST000461,Potential Anomaly - Review,99.63,15,LOW,28600.0,30366.87,0.0,Billed amount exceeds expected amount; Tax underbilling detected (₹521.13)
TEST000462,No Revenue Leakage,3.21,0,LOW,35385.0,41754.3,0.0,Billed amount exceeds expected amount; No major revenue-loss evidence detected
TEST000463,Revenue Leakage Detected,99.97,50,HIGH,27650.0,26659.62,990.38,Billed amount is ₹990.38 lower than expected
TEST000464,No Revenue Leakage,2.24,0,LOW,31660.0,32609.8,0.0,Billed amount exceeds expected amount; No major revenue-loss evidence detected
TEST000465,No Revenue Leakage,13.86,0,LOW,14115.0,14538.45,0.0,Billed amount exceeds expected amount; No major revenue-loss evidence detected
TEST000466,Revenue Leakage Detected,99.96,50,HIGH,68200.0,50702.01,17497.99,"Billed amount is ₹17,497.99 lower than expected"
TEST000467,Revenue Leakage Detected,99.99,65,HIGH,43100.0,40083.0,3017.0,"Billed amount is ₹3,017.00 lower than expected; Applied discount exceeds allowed discount"
TEST000468,No Revenue Leakage,3.72,0,LOW,30240.0,35683.2,0.0,Billed amount exceeds expected amount; No major revenue-loss evidence detected
TEST000469,No Revenue Leakage,4.57,0,LOW,38910.0,42022.8,0.0,Billed amount exceeds expected amount; No major revenue-loss evidence detected
TEST000470,No Revenue Leakage,26.32,0,LOW,3270.0,3395.8,0.0,Billed amount exceeds expected amount; No major revenue-loss evidence detected
TEST000471,No Revenue Leakage,6.58,0,LOW,27650.0,29862.0,0.0,Billed amount exceeds expected amount; No major revenue-loss evidence detected
TEST000472,Revenue Leakage Detected,99.99,50,HIGH,57500.0,53569.82,3930.18,"Billed amount is ₹3,930.18 lower than expected"
TEST000473,No Revenue Leakage,8.2,0,LOW,65550.0,77349.0,0.0,Billed amount exceeds expected amount; No major revenue-loss evidence detected
TEST000474,No Revenue Leakage,6.15,0,LOW,3685.0,4164.05,0.0,Billed amount exceeds expected amount; No major revenue-loss evidence detected
TEST000475,No Revenue Leakage,10.45,0,LOW,15740.0,17786.2,0.0,Billed amount exceeds expected amount; No major revenue-loss evidence detected
TEST000476,Potential Revenue Leakage,99.99,20,MEDIUM,12810.0,13970.8,0.0,Billed amount exceeds expected amount; Usage mismatch detected (229.00); ML model supports the anomaly
TEST000477,No Revenue Leakage,9.2,0,LOW,36735.0,43347.3,0.0,Billed amount exceeds expected amount; No major revenue-loss evidence detected
TEST000478,No Revenue Leakage,3.65,0,LOW,21930.0,22587.9,0.0,Billed amount exceeds expected amount; No major revenue-loss evidence detected
TEST000479,No Revenue Leakage,3.38,0,LOW,28350.0,30618.0,0.0,Billed amount exceeds expected amount; No major revenue-loss evidence detected
TEST000480,Potential Anomaly - Review,99.96,15,LOW,20340.0,23073.32,0.0,Billed amount exceeds expected amount; Tax underbilling detected (₹927.88)
TEST000481,No Revenue Leakage,3.05,0,LOW,42675.0,43955.25,0.0,Billed amount exceeds expected amount; No major revenue-loss evidence detected
TEST000482,No Revenue Leakage,2.71,0,LOW,6965.0,8218.7,0.0,Billed amount exceeds expected amount; No major revenue-loss evidence detected
TEST000483,Potential Anomaly - Review,99.7,15,LOW,16725.0,18063.0,0.0,Billed amount exceeds expected amount; Applied discount exceeds allowed discount
TEST000484,No Revenue Leakage,5.72,0,LOW,8485.0,9588.05,0.0,Billed amount exceeds expected amount; No major revenue-loss evidence detected
TEST000485,No Revenue Leakage,5.08,0,LOW,18580.0,20995.4,0.0,Billed amount exceeds expected amount; No major revenue-loss evidence detected
TEST000486,No Revenue Leakage,9.53,0,LOW,28815.0,32560.95,0.0,Billed amount exceeds expected amount; No major revenue-loss evidence detected
TEST000487,No Revenue Leakage,6.78,0,LOW,69375.0,81862.5,0.0,Billed amount exceeds expected amount; No major revenue-loss evidence detected
TEST000488,No Revenue Leakage,6.33,0,LOW,13860.0,15661.8,0.0,Billed amount exceeds expected amount; No major revenue-loss evidence detected
TEST000489,Potential Anomaly - Review,99.85,15,LOW,17610.0,18471.35,0.0,Billed amount exceeds expected amount; Tax underbilling detected (₹547.45)
TEST000490,No Revenue Leakage,13.23,0,LOW,18585.0,21001.05,0.0,Billed amount exceeds expected amount; No major revenue-loss evidence detected
TEST000491,Revenue Leakage Detected,99.87,50,HIGH,22910.0,21416.77,1493.23,"Billed amount is ₹1,493.23 lower than expected"
TEST000492,No Revenue Leakage,7.04,0,LOW,7160.0,7374.8,0.0,Billed amount exceeds expected amount; No major revenue-loss evidence detected
TEST000493,No Revenue Leakage,3.03,0,LOW,34275.0,35303.25,0.0,Billed amount exceeds expected amount; No major revenue-loss evidence detected
TEST000494,No Revenue Leakage,6.25,0,LOW,7030.0,7240.9,0.0,Billed amount exceeds expected amount; No major revenue-loss evidence detected
TEST000495,Potential Anomaly - Review,99.95,15,LOW,22170.0,25270.66,0.0,Billed amount exceeds expected amount; Tax underbilling detected (₹889.94)
TEST000496,Revenue Leakage Detected,99.92,50,HIGH,14435.0,11550.79,2884.21,"Billed amount is ₹2,884.21 lower than expected"
TEST000497,No Revenue Leakage,8.34,0,LOW,18435.0,19909.8,0.0,Billed amount exceeds expected amount; No major revenue-loss evidence detected
TEST000498,No Revenue Leakage,2.76,0,LOW,8345.0,9012.6,0.0,Billed amount exceeds expected amount; No major revenue-loss evidence detected
TEST000499,Potential Revenue Leakage,99.88,20,MEDIUM,8510.0,8821.8,0.0,Billed amount exceeds expected amount; Usage mismatch detected (122.00); ML model supports the anomaly
TEST000500,No Revenue Leakage,12.24,0,LOW,65100.0,70308.0,0.0,Billed amount exceeds expected amount; No major revenue-loss evidence detected
TEST000501,Revenue Leakage Detected,99.95,70,HIGH,7760.0,7370.8,389.2,Billed amount is ₹389.20 lower than expected; Usage mismatch detected (101.00)
TEST000502,No Revenue Leakage,4.29,0,LOW,9410.0,11103.8,0.0,Billed amount exceeds expected amount; No major revenue-loss evidence detected
TEST000503,No Revenue Leakage,3.23,0,LOW,44175.0,52126.5,0.0,Billed amount exceeds expected amount; No major revenue-loss evidence detected
TEST000504,No Revenue Leakage,11.08,0,LOW,14720.0,17369.6,0.0,Billed amount exceeds expected amount; No major revenue-loss evidence detected
TEST000505,No Revenue Leakage,79.37,0,LOW,30660.0,32951.33,0.0,Billed amount exceeds expected amount; No major revenue-loss evidence detected
TEST000506,No Revenue Leakage,10.49,0,LOW,57050.0,58761.5,0.0,Billed amount exceeds expected amount; No major revenue-loss evidence detected
TEST000507,Potential Anomaly - Review,99.94,15,LOW,47580.0,52646.02,0.0,"Billed amount exceeds expected amount; Tax underbilling detected (₹1,119.38)"
TEST000508,Revenue Leakage Detected,99.91,50,HIGH,38865.0,37445.2,1419.8,"Billed amount is ₹1,419.80 lower than expected"
TEST000509,No Revenue Leakage,4.42,0,LOW,30520.0,36013.6,0.0,Billed amount exceeds expected amount; No major revenue-loss evidence detected
TEST000510,No Revenue Leakage,6.81,0,LOW,24240.0,24967.2,0.0,Billed amount exceeds expected amount; No major revenue-loss evidence detected
TEST000511,No Revenue Leakage,12.04,0,LOW,36750.0,41527.5,0.0,Billed amount exceeds expected amount; No major revenue-loss evidence detected
TEST000512,No Revenue Leakage,3.08,0,LOW,21690.0,25594.2,0.0,Billed amount exceeds expected amount; No major revenue-loss evidence detected
TEST000513,No Revenue Leakage,8.0,0,LOW,22650.0,25594.5,0.0,Billed amount exceeds expected amount; No major revenue-loss evidence detected
TEST000514,No Revenue Leakage,7.2,0,LOW,40860.0,42085.8,0.0,Billed amount exceeds expected amount; No major revenue-loss evidence detected
TEST000515,Potential Anomaly - Review,99.96,15,LOW,69700.0,73839.36,0.0,"Billed amount exceeds expected amount; Tax underbilling detected (₹4,921.64)"
TEST000516,No Revenue Leakage,7.36,0,LOW,5100.0,5253.0,0.0,Billed amount exceeds expected amount; No major revenue-loss evidence detected
TEST000517,No Revenue Leakage,6.86,0,LOW,14560.0,17180.8,0.0,Billed amount exceeds expected amount; No major revenue-loss evidence detected
TEST000518,No Revenue Leakage,6.66,0,LOW,6490.0,7333.7,0.0,Billed amount exceeds expected amount; No major revenue-loss evidence detected
TEST000519,Revenue Leakage Detected,99.93,50,HIGH,38940.0,32733.83,6206.17,"Billed amount is ₹6,206.17 lower than expected"
TEST000520,No Revenue Leakage,4.03,0,LOW,27110.0,27923.3,0.0,Billed amount exceeds expected amount; No major revenue-loss evidence detected
TEST000521,No Revenue Leakage,6.96,0,LOW,41875.0,43131.25,0.0,Billed amount exceeds expected amount; No major revenue-loss evidence detected
TEST000522,Revenue Leakage Detected,99.88,50,HIGH,7545.0,3597.66,3947.34,"Billed amount is ₹3,947.34 lower than expected"
TEST000523,No Revenue Leakage,7.15,0,LOW,34825.0,41093.5,0.0,Billed amount exceeds expected amount; No major revenue-loss evidence detected
TEST000524,No Revenue Leakage,2.03,0,LOW,32295.0,33263.85,0.0,Billed amount exceeds expected amount; No major revenue-loss evidence detected
TEST000525,No Revenue Leakage,3.16,0,LOW,56680.0,64048.4,0.0,Billed amount exceeds expected amount; No major revenue-loss evidence detected
TEST000526,No Revenue Leakage,9.96,0,LOW,31140.0,35188.2,0.0,Billed amount exceeds expected amount; No major revenue-loss evidence detected
TEST000527,No Revenue Leakage,4.84,0,LOW,31950.0,37701.0,0.0,Billed amount exceeds expected amount; No major revenue-loss evidence detected
TEST000528,No Revenue Leakage,9.95,0,LOW,62375.0,67365.0,0.0,Billed amount exceeds expected amount; No major revenue-loss evidence detected
TEST000529,No Revenue Leakage,27.37,0,LOW,31620.0,35006.69,0.0,Billed amount exceeds expected amount; No major revenue-loss evidence detected
TEST000530,No Revenue Leakage,14.13,0,LOW,73975.0,87290.5,0.0,Billed amount exceeds expected amount; No major revenue-loss evidence detected
TEST000531,No Revenue Leakage,2.02,0,LOW,49725.0,58675.5,0.0,Billed amount exceeds expected amount; No major revenue-loss evidence detected
TEST000532,Potential Revenue Leakage,99.93,20,MEDIUM,13020.0,13326.6,0.0,Billed amount exceeds expected amount; Usage mismatch detected (147.00); ML model supports the anomaly
TEST000533,No Revenue Leakage,7.5,0,LOW,15000.0,15450.0,0.0,Billed amount exceeds expected amount; No major revenue-loss evidence detected
TEST000534,No Revenue Leakage,2.68,0,LOW,47875.0,56492.5,0.0,Billed amount exceeds expected amount; No major revenue-loss evidence detected
TEST000535,No Revenue Leakage,6.51,0,LOW,16540.0,17863.2,0.0,Billed amount exceeds expected amount; No major revenue-loss evidence detected
TEST000536,No Revenue Leakage,12.24,0,LOW,4375.0,4506.25,0.0,Billed amount exceeds expected amount; No major revenue-loss evidence detected
TEST000537,No Revenue Leakage,7.67,0,LOW,42000.0,47460.0,0.0,Billed amount exceeds expected amount; No major revenue-loss evidence detected
TEST000538,No Revenue Leakage,4.6,0,LOW,18370.0,18921.1,0.0,Billed amount exceeds expected amount; No major revenue-loss evidence detected
TEST000539,No Revenue Leakage,3.74,0,LOW,31830.0,35967.9,0.0,Billed amount exceeds expected amount; No major revenue-loss evidence detected
TEST000540,No Revenue Leakage,4.34,0,LOW,18585.0,20071.8,0.0,Billed amount exceeds expected amount; No major revenue-loss evidence detected
TEST000541,No Revenue Leakage,7.89,0,LOW,9735.0,10027.05,0.0,Billed amount exceeds expected amount; No major revenue-loss evidence detected
TEST000542,Potential Anomaly - Review,99.63,15,LOW,12195.0,13170.6,0.0,Billed amount exceeds expected amount; Applied discount exceeds allowed discount
TEST000543,No Revenue Leakage,5.15,0,LOW,6390.0,6901.2,0.0,Billed amount exceeds expected amount; No major revenue-loss evidence detected
TEST000544,Potential Anomaly - Review,99.89,15,LOW,44580.0,51024.7,0.0,"Billed amount exceeds expected amount; Tax underbilling detected (₹1,579.70)"
TEST000545,No Revenue Leakage,11.83,0,LOW,12830.0,13856.4,0.0,Billed amount exceeds expected amount; No major revenue-loss evidence detected
TEST000546,No Revenue Leakage,1.91,0,LOW,32525.0,38379.5,0.0,Billed amount exceeds expected amount; No major revenue-loss evidence detected
TEST000547,No Revenue Leakage,4.69,0,LOW,15530.0,15995.9,0.0,Billed amount exceeds expected amount; No major revenue-loss evidence detected
TEST000548,Revenue Leakage Detected,99.99,65,HIGH,47440.0,46491.2,948.8,Billed amount is ₹948.80 lower than expected; Applied discount exceeds allowed discount
TEST000549,Potential Anomaly - Review,99.97,15,LOW,11880.0,13219.58,0.0,Billed amount exceeds expected amount; Tax underbilling detected (₹798.82)
TEST000550,No Revenue Leakage,8.19,0,LOW,25900.0,27972.0,0.0,Billed amount exceeds expected amount; No major revenue-loss evidence detected
TEST000551,No Revenue Leakage,7.38,0,LOW,26510.0,27305.3,0.0,Billed amount exceeds expected amount; No major revenue-loss evidence detected
TEST000552,No Revenue Leakage,3.48,0,LOW,7675.0,8672.75,0.0,Billed amount exceeds expected amount; No major revenue-loss evidence detected
TEST000553,No Revenue Leakage,71.12,0,LOW,38175.0,40008.83,0.0,Billed amount exceeds expected amount; No major revenue-loss evidence detected
TEST000554,No Revenue Leakage,5.4,0,LOW,20950.0,22626.0,0.0,Billed amount exceeds expected amount; No major revenue-loss evidence detected
TEST000555,No Revenue Leakage,4.42,0,LOW,10640.0,11491.2,0.0,Billed amount exceeds expected amount; No major revenue-loss evidence detected
TEST000556,No Revenue Leakage,2.58,0,LOW,30900.0,33372.0,0.0,Billed amount exceeds expected amount; No major revenue-loss evidence detected
TEST000557,No Revenue Leakage,14.81,0,LOW,32760.0,35380.8,0.0,Billed amount exceeds expected amount; No major revenue-loss evidence detected
TEST000558,No Revenue Leakage,2.14,0,LOW,3830.0,4519.4,0.0,Billed amount exceeds expected amount; No major revenue-loss evidence detected
TEST000559,Revenue Leakage Detected,99.95,70,HIGH,21945.0,21673.35,271.65,Billed amount is ₹271.65 lower than expected; Usage mismatch detected (62.00)
TEST000560,No Revenue Leakage,6.65,0,LOW,9810.0,11575.8,0.0,Billed amount exceeds expected amount; No major revenue-loss evidence detected
TEST000561,No Revenue Leakage,4.19,0,LOW,58280.0,68770.4,0.0,Billed amount exceeds expected amount; No major revenue-loss evidence detected
TEST000562,No Revenue Leakage,1.51,0,LOW,8380.0,9050.4,0.0,Billed amount exceeds expected amount; No major revenue-loss evidence detected
TEST000563,No Revenue Leakage,2.95,0,LOW,4655.0,5492.9,0.0,Billed amount exceeds expected amount; No major revenue-loss evidence detected
TEST000564,No Revenue Leakage,9.04,0,LOW,56660.0,61192.8,0.0,Billed amount exceeds expected amount; No major revenue-loss evidence detected
TEST000565,No Revenue Leakage,5.05,0,LOW,14300.0,16159.0,0.0,Billed amount exceeds expected amount; No major revenue-loss evidence detected
TEST000566,No Revenue Leakage,22.98,0,LOW,57420.0,59142.6,0.0,Billed amount exceeds expected amount; No major revenue-loss evidence detected
TEST000567,No Revenue Leakage,4.67,0,LOW,12425.0,13419.0,0.0,Billed amount exceeds expected amount; No major revenue-loss evidence detected
TEST000568,No Revenue Leakage,1.54,0,LOW,14900.0,17582.0,0.0,Billed amount exceeds expected amount; No major revenue-loss evidence detected
TEST000569,No Revenue Leakage,9.95,0,LOW,26670.0,30137.1,0.0,Billed amount exceeds expected amount; No major revenue-loss evidence detected
TEST000570,No Revenue Leakage,8.0,0,LOW,36015.0,40696.95,0.0,Billed amount exceeds expected amount; No major revenue-loss evidence detected
TEST000571,No Revenue Leakage,10.0,0,LOW,12285.0,12653.55,0.0,Billed amount exceeds expected amount; No major revenue-loss evidence detected
TEST000572,No Revenue Leakage,6.54,0,LOW,3140.0,3548.2,0.0,Billed amount exceeds expected amount; No major revenue-loss evidence detected
TEST000573,Revenue Leakage Detected,99.96,50,HIGH,28215.0,25959.82,2255.18,"Billed amount is ₹2,255.18 lower than expected"
TEST000574,Revenue Leakage Detected,99.95,50,HIGH,8340.0,7686.1,653.9,Billed amount is ₹653.90 lower than expected
TEST000575,Revenue Leakage Detected,99.99,65,HIGH,14295.0,14009.1,285.9,Billed amount is ₹285.90 lower than expected; Applied discount exceeds allowed discount
TEST000576,No Revenue Leakage,2.12,0,LOW,31875.0,37612.5,0.0,Billed amount exceeds expected amount; No major revenue-loss evidence detected
TEST000577,Revenue Leakage Detected,99.91,65,HIGH,8045.0,7809.48,235.52,Billed amount is ₹235.52 lower than expected; Tax underbilling detected (₹476.87)
TEST000578,Revenue Leakage Detected,99.97,65,HIGH,8010.0,7849.8,160.2,Billed amount is ₹160.20 lower than expected; Applied discount exceeds allowed discount
TEST000579,No Revenue Leakage,13.38,0,LOW,70675.0,72795.25,0.0,Billed amount exceeds expected amount; No major revenue-loss evidence detected
TEST000580,No Revenue Leakage,3.32,0,LOW,55140.0,65065.2,0.0,Billed amount exceeds expected amount; No major revenue-loss evidence detected
TEST000581,Potential Anomaly - Review,99.87,15,LOW,5045.0,5196.35,0.0,Billed amount exceeds expected amount; Applied discount exceeds allowed discount
TEST000582,No Revenue Leakage,7.25,0,LOW,13630.0,14038.9,0.0,Billed amount exceeds expected amount; No major revenue-loss evidence detected
TEST000583,No Revenue Leakage,8.81,0,LOW,30570.0,33015.6,0.0,Billed amount exceeds expected amount; No major revenue-loss evidence detected
TEST000584,No Revenue Leakage,6.35,0,LOW,24510.0,26470.8,0.0,Billed amount exceeds expected amount; No major revenue-loss evidence detected
TEST000585,No Revenue Leakage,5.13,0,LOW,25540.0,27583.2,0.0,Billed amount exceeds expected amount; No major revenue-loss evidence detected
TEST000586,No Revenue Leakage,10.29,0,LOW,4395.0,4966.35,0.0,Billed amount exceeds expected amount; No major revenue-loss evidence detected
TEST000587,Revenue Leakage Detected,99.98,65,HIGH,31400.0,29202.0,2198.0,"Billed amount is ₹2,198.00 lower than expected; Applied discount exceeds allowed discount"
TEST000588,No Revenue Leakage,4.74,0,LOW,32325.0,38143.5,0.0,Billed amount exceeds expected amount; No major revenue-loss evidence detected
TEST000589,No Revenue Leakage,7.24,0,LOW,28175.0,31837.75,0.0,Billed amount exceeds expected amount; No major revenue-loss evidence detected
TEST000590,Revenue Leakage Detected,99.98,50,HIGH,44150.0,38197.22,5952.78,"Billed amount is ₹5,952.78 lower than expected"
TEST000591,No Revenue Leakage,3.65,0,LOW,12100.0,12463.0,0.0,Billed amount exceeds expected amount; No major revenue-loss evidence detected
TEST000592,Revenue Leakage Detected,99.98,50,HIGH,69000.0,65664.3,3335.7,"Billed amount is ₹3,335.70 lower than expected"
TEST000593,No Revenue Leakage,9.32,0,LOW,6025.0,6808.25,0.0,Billed amount exceeds expected amount; No major revenue-loss evidence detected
TEST000594,No Revenue Leakage,14.04,0,LOW,12820.0,13845.6,0.0,Billed amount exceeds expected amount; No major revenue-loss evidence detected
TEST000595,Potential Anomaly - Review,99.87,15,LOW,4455.0,4831.51,0.0,Billed amount exceeds expected amount; Tax underbilling detected (₹202.64)
TEST000596,No Revenue Leakage,2.82,0,LOW,36725.0,37826.75,0.0,Billed amount exceeds expected amount; No major revenue-loss evidence detected
TEST000597,No Revenue Leakage,3.02,0,LOW,43675.0,51536.5,0.0,Billed amount exceeds expected amount; No major revenue-loss evidence detected
TEST000598,No Revenue Leakage,4.23,0,LOW,20820.0,21444.6,0.0,Billed amount exceeds expected amount; No major revenue-loss evidence detected
TEST000599,Revenue Leakage Detected,99.94,50,HIGH,9020.0,7891.48,1128.52,"Billed amount is ₹1,128.52 lower than expected"
TEST000600,No Revenue Leakage,7.01,0,LOW,19530.0,20115.9,0.0,Billed amount exceeds expected amount; No major revenue-loss evidence detected
TEST000601,Revenue Leakage Detected,99.97,70,HIGH,55250.0,54607.5,642.5,Billed amount is ₹642.50 lower than expected; Usage mismatch detected (92.00)
TEST000602,No Revenue Leakage,15.52,0,LOW,7010.0,7220.3,0.0,Billed amount exceeds expected amount; No major revenue-loss evidence detected
TEST000603,No Revenue Leakage,12.76,0,LOW,25840.0,27907.2,0.0,Billed amount exceeds expected amount; No major revenue-loss evidence detected
TEST000604,No Revenue Leakage,10.0,0,LOW,12500.0,14125.0,0.0,Billed amount exceeds expected amount; No major revenue-loss evidence detected
TEST000605,No Revenue Leakage,3.7,0,LOW,16950.0,19153.5,0.0,Billed amount exceeds expected amount; No major revenue-loss evidence detected
TEST000606,No Revenue Leakage,6.31,0,LOW,17900.0,18437.0,0.0,Billed amount exceeds expected amount; No major revenue-loss evidence detected
TEST000607,No Revenue Leakage,3.17,0,LOW,46200.0,49896.0,0.0,Billed amount exceeds expected amount; No major revenue-loss evidence detected
TEST000608,No Revenue Leakage,2.88,0,LOW,51850.0,61183.0,0.0,Billed amount exceeds expected amount; No major revenue-loss evidence detected
TEST000609,Revenue Leakage Detected,99.95,65,HIGH,16725.0,16141.54,583.46,"Billed amount is ₹583.46 lower than expected; Tax underbilling detected (₹1,085.21)"
TEST000610,No Revenue Leakage,4.62,0,LOW,11040.0,13027.2,0.0,Billed amount exceeds expected amount; No major revenue-loss evidence detected
TEST000611,Potential Anomaly - Review,99.89,15,LOW,14965.0,16105.09,0.0,Billed amount exceeds expected amount; Tax underbilling detected (₹805.36)
TEST000612,No Revenue Leakage,6.38,0,LOW,24780.0,29240.4,0.0,Billed amount exceeds expected amount; No major revenue-loss evidence detected
TEST000613,No Revenue Leakage,8.9,0,LOW,5580.0,5747.4,0.0,Billed amount exceeds expected amount; No major revenue-loss evidence detected
TEST000614,No Revenue Leakage,5.87,0,LOW,26325.0,31063.5,0.0,Billed amount exceeds expected amount; No major revenue-loss evidence detected
TEST000615,No Revenue Leakage,5.74,0,LOW,12280.0,12648.4,0.0,Billed amount exceeds expected amount; No major revenue-loss evidence detected
TEST000616,No Revenue Leakage,2.52,0,LOW,9890.0,10186.7,0.0,Billed amount exceeds expected amount; No major revenue-loss evidence detected
TEST000617,No Revenue Leakage,3.81,0,LOW,15870.0,18726.6,0.0,Billed amount exceeds expected amount; No major revenue-loss evidence detected
TEST000618,No Revenue Leakage,4.32,0,LOW,8670.0,9363.6,0.0,Billed amount exceeds expected amount; No major revenue-loss evidence detected
TEST000619,No Revenue Leakage,6.82,0,LOW,27900.0,31527.0,0.0,Billed amount exceeds expected amount; No major revenue-loss evidence detected
TEST000620,Revenue Leakage Detected,99.95,50,HIGH,14080.0,13030.22,1049.78,"Billed amount is ₹1,049.78 lower than expected"
TEST000621,Potential Anomaly - Review,99.6,15,LOW,64600.0,71802.96,0.0,"Billed amount exceeds expected amount; Tax underbilling detected (₹1,195.04)"
TEST000622,No Revenue Leakage,7.64,0,LOW,9180.0,9914.4,0.0,Billed amount exceeds expected amount; No major revenue-loss evidence detected
TEST000623,No Revenue Leakage,7.6,0,LOW,5520.0,6513.6,0.0,Billed amount exceeds expected amount; No major revenue-loss evidence detected
TEST000624,No Revenue Leakage,2.5,0,LOW,21120.0,24921.6,0.0,Billed amount exceeds expected amount; No major revenue-loss evidence detected
TEST000625,Revenue Leakage Detected,99.97,50,HIGH,26940.0,26315.72,624.28,Billed amount is ₹624.28 lower than expected
TEST000626,No Revenue Leakage,1.86,0,LOW,21380.0,22021.4,0.0,Billed amount exceeds expected amount; No major revenue-loss evidence detected
TEST000627,No Revenue Leakage,7.52,0,LOW,17120.0,19345.6,0.0,Billed amount exceeds expected amount; No major revenue-loss evidence detected
TEST000628,No Revenue Leakage,6.15,0,LOW,39320.0,46397.6,0.0,Billed amount exceeds expected amount; No major revenue-loss evidence detected
TEST000629,No Revenue Leakage,2.53,0,LOW,9440.0,11139.2,0.0,Billed amount exceeds expected amount; No major revenue-loss evidence detected
TEST000630,No Revenue Leakage,6.22,0,LOW,4320.0,4881.6,0.0,Billed amount exceeds expected amount; No major revenue-loss evidence detected
TEST000631,No Revenue Leakage,2.67,0,LOW,41265.0,48692.7,0.0,Billed amount exceeds expected amount; No major revenue-loss evidence detected
TEST000632,Potential Anomaly - Review,99.39,15,LOW,36400.0,37760.64,0.0,"Billed amount exceeds expected amount; Tax underbilling detected (₹1,551.36)"
TEST000633,No Revenue Leakage,8.68,0,LOW,20360.0,23006.8,0.0,Billed amount exceeds expected amount; No major revenue-loss evidence detected
TEST000634,No Revenue Leakage,2.92,0,LOW,4865.0,5010.95,0.0,Billed amount exceeds expected amount; No major revenue-loss evidence detected
TEST000635,No Revenue Leakage,8.63,0,LOW,12360.0,12730.8,0.0,Billed amount exceeds expected amount; No major revenue-loss evidence detected
TEST000636,No Revenue Leakage,8.86,0,LOW,27090.0,29257.2,0.0,Billed amount exceeds expected amount; No major revenue-loss evidence detected
TEST000637,No Revenue Leakage,4.2,0,LOW,41835.0,47273.55,0.0,Billed amount exceeds expected amount; No major revenue-loss evidence detected
TEST000638,No Revenue Leakage,15.17,0,LOW,35520.0,40137.6,0.0,Billed amount exceeds expected amount; No major revenue-loss evidence detected
TEST000639,No Revenue Leakage,7.46,0,LOW,52420.0,56613.6,0.0,Billed amount exceeds expected amount; No major revenue-loss evidence detected
TEST000640,Potential Anomaly - Review,86.24,0,MEDIUM,33760.0,37376.53,0.0,"Billed amount exceeds expected amount; ML model detected an anomaly, but no direct revenue-loss evidence was found"
TEST000641,No Revenue Leakage,1.39,0,LOW,33320.0,39317.6,0.0,Billed amount exceeds expected amount; No major revenue-loss evidence detected
TEST000642,Potential Anomaly - Review,82.2,0,MEDIUM,59850.0,65457.49,0.0,"Billed amount exceeds expected amount; ML model detected an anomaly, but no direct revenue-loss evidence was found"
TEST000643,No Revenue Leakage,8.93,0,LOW,33435.0,37781.55,0.0,Billed amount exceeds expected amount; No major revenue-loss evidence detected
TEST000644,No Revenue Leakage,5.62,0,LOW,23715.0,26797.95,0.0,Billed amount exceeds expected amount; No major revenue-loss evidence detected
TEST000645,No Revenue Leakage,2.76,0,LOW,28050.0,28891.5,0.0,Billed amount exceeds expected amount; No major revenue-loss evidence detected
TEST000646,Revenue Leakage Detected,99.98,50,HIGH,19680.0,17225.59,2454.41,"Billed amount is ₹2,454.41 lower than expected"
TEST000647,No Revenue Leakage,8.17,0,LOW,5260.0,5417.8,0.0,Billed amount exceeds expected amount; No major revenue-loss evidence detected
TEST000648,No Revenue Leakage,5.78,0,LOW,13960.0,14378.8,0.0,Billed amount exceeds expected amount; No major revenue-loss evidence detected
TEST000649,No Revenue Leakage,2.2,0,LOW,52450.0,61891.0,0.0,Billed amount exceeds expected amount; No major revenue-loss evidence detected
TEST000650,No Revenue Leakage,2.23,0,LOW,29445.0,30328.35,0.0,Billed amount exceeds expected amount; No major revenue-loss evidence detected
TEST000651,Revenue Leakage Detected,99.97,65,HIGH,22260.0,20701.8,1558.2,"Billed amount is ₹1,558.20 lower than expected; Applied discount exceeds allowed discount"
TEST000652,No Revenue Leakage,5.74,0,LOW,19380.0,22868.4,0.0,Billed amount exceeds expected amount; No major revenue-loss evidence detected
TEST000653,No Revenue Leakage,2.61,0,LOW,22960.0,23648.8,0.0,Billed amount exceeds expected amount; No major revenue-loss evidence detected
TEST000654,No Revenue Leakage,20.34,0,LOW,36300.0,41019.0,0.0,Billed amount exceeds expected amount; No major revenue-loss evidence detected
TEST000655,No Revenue Leakage,5.89,0,LOW,25260.0,26017.8,0.0,Billed amount exceeds expected amount; No major revenue-loss evidence detected
TEST000656,No Revenue Leakage,8.21,0,LOW,27740.0,32733.2,0.0,Billed amount exceeds expected amount; No major revenue-loss evidence detected
TEST000657,No Revenue Leakage,4.96,0,LOW,16640.0,17139.2,0.0,Billed amount exceeds expected amount; No major revenue-loss evidence detected
TEST000658,Revenue Leakage Detected,99.96,50,HIGH,58740.0,57166.35,1573.65,"Billed amount is ₹1,573.65 lower than expected"
TEST000659,No Revenue Leakage,7.54,0,LOW,7110.0,7678.8,0.0,Billed amount exceeds expected amount; No major revenue-loss evidence detected
TEST000660,No Revenue Leakage,16.69,0,LOW,70575.0,72692.25,0.0,Billed amount exceeds expected amount; No major revenue-loss evidence detected
TEST000661,Revenue Leakage Detected,99.86,50,HIGH,14550.0,10798.22,3751.78,"Billed amount is ₹3,751.78 lower than expected"
TEST000662,No Revenue Leakage,12.11,0,LOW,15560.0,18360.8,0.0,Billed amount exceeds expected amount; No major revenue-loss evidence detected
TEST000663,No Revenue Leakage,5.68,0,LOW,22005.0,24865.65,0.0,Billed amount exceeds expected amount; No major revenue-loss evidence detected
TEST000664,No Revenue Leakage,1.0,0,LOW,8320.0,9817.6,0.0,Billed amount exceeds expected amount; No major revenue-loss evidence detected
TEST000665,No Revenue Leakage,6.9,0,LOW,20775.0,22437.0,0.0,Billed amount exceeds expected amount; No major revenue-loss evidence detected
TEST000666,No Revenue Leakage,2.54,0,LOW,22900.0,24732.0,0.0,Billed amount exceeds expected amount; No major revenue-loss evidence detected
TEST000667,No Revenue Leakage,3.25,0,LOW,41000.0,42230.0,0.0,Billed amount exceeds expected amount; No major revenue-loss evidence detected
TEST000668,No Revenue Leakage,4.08,0,LOW,3530.0,3812.4,0.0,Billed amount exceeds expected amount; No major revenue-loss evidence detected
TEST000669,No Revenue Leakage,3.08,0,LOW,7585.0,8950.3,0.0,Billed amount exceeds expected amount; No major revenue-loss evidence detected
TEST000670,No Revenue Leakage,6.71,0,LOW,25760.0,26532.8,0.0,Billed amount exceeds expected amount; No major revenue-loss evidence detected
TEST000671,Potential Anomaly - Review,83.53,0,MEDIUM,37780.0,41813.65,0.0,"Billed amount exceeds expected amount; ML model detected an anomaly, but no direct revenue-loss evidence was found"
TEST000672,No Revenue Leakage,11.07,0,LOW,9325.0,10537.25,0.0,Billed amount exceeds expected amount; No major revenue-loss evidence detected
TEST000673,No Revenue Leakage,10.01,0,LOW,51500.0,53045.0,0.0,Billed amount exceeds expected amount; No major revenue-loss evidence detected
TEST000674,No Revenue Leakage,18.28,0,LOW,24250.0,28615.0,0.0,Billed amount exceeds expected amount; No major revenue-loss evidence detected
TEST000675,No Revenue Leakage,22.05,0,LOW,40300.0,41509.0,0.0,Billed amount exceeds expected amount; No major revenue-loss evidence detected
TEST000676,No Revenue Leakage,20.44,0,LOW,13290.0,13688.7,0.0,Billed amount exceeds expected amount; No major revenue-loss evidence detected
TEST000677,Revenue Leakage Detected,99.96,50,HIGH,7565.0,7350.26,214.74,Billed amount is ₹214.74 lower than expected
TEST000678,No Revenue Leakage,4.05,0,LOW,6705.0,7241.4,0.0,Billed amount exceeds expected amount; No major revenue-loss evidence detected
TEST000679,Revenue Leakage Detected,99.98,65,HIGH,12460.0,12210.8,249.2,Billed amount is ₹249.20 lower than expected; Applied discount exceeds allowed discount
TEST000680,No Revenue Leakage,13.62,0,LOW,36225.0,40934.25,0.0,Billed amount exceeds expected amount; No major revenue-loss evidence detected
TEST000681,No Revenue Leakage,2.8,0,LOW,34580.0,40804.4,0.0,Billed amount exceeds expected amount; No major revenue-loss evidence detected
TEST000682,No Revenue Leakage,10.43,0,LOW,5760.0,6508.8,0.0,Billed amount exceeds expected amount; No major revenue-loss evidence detected
TEST000683,Revenue Leakage Detected,99.9,65,HIGH,36250.0,35460.51,789.49,"Billed amount is ₹789.49 lower than expected; Tax underbilling detected (₹1,876.99)"
TEST000684,Revenue Leakage Detected,99.93,50,HIGH,6865.0,6254.51,610.49,Billed amount is ₹610.49 lower than expected
TEST000685,No Revenue Leakage,3.38,0,LOW,31480.0,37146.4,0.0,Billed amount exceeds expected amount; No major revenue-loss evidence detected
TEST000686,No Revenue Leakage,8.38,0,LOW,16240.0,19163.2,0.0,Billed amount exceeds expected amount; No major revenue-loss evidence detected
TEST000687,No Revenue Leakage,3.78,0,LOW,55900.0,65962.0,0.0,Billed amount exceeds expected amount; No major revenue-loss evidence detected
TEST000688,Potential Anomaly - Review,97.25,0,MEDIUM,10780.0,11630.33,0.0,"Billed amount exceeds expected amount; ML model detected an anomaly, but no direct revenue-loss evidence was found"
TEST000689,No Revenue Leakage,7.8,0,LOW,30575.0,34549.75,0.0,Billed amount exceeds expected amount; No major revenue-loss evidence detected
TEST000690,No Revenue Leakage,10.33,0,LOW,27230.0,32131.4,0.0,Billed amount exceeds expected amount; No major revenue-loss evidence detected
TEST000691,No Revenue Leakage,2.63,0,LOW,14715.0,15892.2,0.0,Billed amount exceeds expected amount; No major revenue-loss evidence detected
TEST000692,No Revenue Leakage,23.21,0,LOW,14960.0,17652.8,0.0,Billed amount exceeds expected amount; No major revenue-loss evidence detected
TEST000693,No Revenue Leakage,7.27,0,LOW,53600.0,63248.0,0.0,Billed amount exceeds expected amount; No major revenue-loss evidence detected
TEST000694,No Revenue Leakage,3.94,0,LOW,10950.0,12921.0,0.0,Billed amount exceeds expected amount; No major revenue-loss evidence detected
TEST000695,No Revenue Leakage,4.59,0,LOW,27615.0,29824.2,0.0,Billed amount exceeds expected amount; No major revenue-loss evidence detected
TEST000696,Potential Anomaly - Review,99.66,15,LOW,34995.0,36249.68,0.0,"Billed amount exceeds expected amount; Tax underbilling detected (₹1,544.92)"
TEST000697,No Revenue Leakage,14.45,0,LOW,28470.0,29600.8,0.0,Billed amount exceeds expected amount; No major revenue-loss evidence detected
TEST000698,No Revenue Leakage,3.59,0,LOW,10055.0,11864.9,0.0,Billed amount exceeds expected amount; No major revenue-loss evidence detected
TEST000699,No Revenue Leakage,2.4,0,LOW,26700.0,31506.0,0.0,Billed amount exceeds expected amount; No major revenue-loss evidence detected
TEST000700,No Revenue Leakage,3.12,0,LOW,27575.0,28402.25,0.0,Billed amount exceeds expected amount; No major revenue-loss evidence detected
TEST000701,No Revenue Leakage,2.91,0,LOW,22575.0,26638.5,0.0,Billed amount exceeds expected amount; No major revenue-loss evidence detected
TEST000702,No Revenue Leakage,4.37,0,LOW,39280.0,46350.4,0.0,Billed amount exceeds expected amount; No major revenue-loss evidence detected
TEST000703,No Revenue Leakage,2.26,0,LOW,20870.0,21496.1,0.0,Billed amount exceeds expected amount; No major revenue-loss evidence detected
TEST000704,No Revenue Leakage,12.23,0,LOW,21720.0,25629.6,0.0,Billed amount exceeds expected amount; No major revenue-loss evidence detected
TEST000705,No Revenue Leakage,5.65,0,LOW,25480.0,26244.4,0.0,Billed amount exceeds expected amount; No major revenue-loss evidence detected
TEST000706,No Revenue Leakage,2.53,0,LOW,56950.0,67201.0,0.0,Billed amount exceeds expected amount; No major revenue-loss evidence detected
TEST000707,No Revenue Leakage,15.51,0,LOW,22160.0,26148.8,0.0,Billed amount exceeds expected amount; No major revenue-loss evidence detected
TEST000708,No Revenue Leakage,10.74,0,LOW,55525.0,65519.5,0.0,Billed amount exceeds expected amount; No major revenue-loss evidence detected
TEST000709,No Revenue Leakage,4.37,0,LOW,33495.0,37849.35,0.0,Billed amount exceeds expected amount; No major revenue-loss evidence detected
TEST000710,No Revenue Leakage,34.39,0,LOW,71775.0,73928.25,0.0,Billed amount exceeds expected amount; No major revenue-loss evidence detected
TEST000711,No Revenue Leakage,6.48,0,LOW,4130.0,4253.9,0.0,Billed amount exceeds expected amount; No major revenue-loss evidence detected
TEST000712,No Revenue Leakage,3.38,0,LOW,13290.0,15682.2,0.0,Billed amount exceeds expected amount; No major revenue-loss evidence detected
TEST000713,No Revenue Leakage,7.46,0,LOW,37740.0,40759.2,0.0,Billed amount exceeds expected amount; No major revenue-loss evidence detected
TEST000714,No Revenue Leakage,14.14,0,LOW,12215.0,13802.95,0.0,Billed amount exceeds expected amount; No major revenue-loss evidence detected
TEST000715,Revenue Leakage Detected,99.92,50,HIGH,26740.0,25241.84,1498.16,"Billed amount is ₹1,498.16 lower than expected"
TEST000716,No Revenue Leakage,5.54,0,LOW,6115.0,6298.45,0.0,Billed amount exceeds expected amount; No major revenue-loss evidence detected
TEST000717,No Revenue Leakage,14.75,0,LOW,25275.0,29824.5,0.0,Billed amount exceeds expected amount; No major revenue-loss evidence detected
TEST000718,Revenue Leakage Detected,99.93,50,HIGH,31000.0,28551.9,2448.1,"Billed amount is ₹2,448.10 lower than expected"
TEST000719,Revenue Leakage Detected,99.91,70,HIGH,44610.0,44253.3,356.7,Billed amount is ₹356.70 lower than expected; Usage mismatch detected (113.00)
TEST000720,No Revenue Leakage,3.43,0,LOW,11870.0,14006.6,0.0,Billed amount exceeds expected amount; No major revenue-loss evidence detected
TEST000721,No Revenue Leakage,6.23,0,LOW,11155.0,11489.65,0.0,Billed amount exceeds expected amount; No major revenue-loss evidence detected
TEST000722,Revenue Leakage Detected,99.97,50,HIGH,5250.0,5174.09,75.91,Billed amount is ₹75.91 lower than expected
TEST000723,No Revenue Leakage,6.92,0,LOW,16350.0,17658.0,0.0,Billed amount exceeds expected amount; No major revenue-loss evidence detected
TEST000724,No Revenue Leakage,3.34,0,LOW,11805.0,13929.9,0.0,Billed amount exceeds expected amount; No major revenue-loss evidence detected
TEST000725,Revenue Leakage Detected,99.92,50,HIGH,9495.0,3480.15,6014.85,"Billed amount is ₹6,014.85 lower than expected"
TEST000726,No Revenue Leakage,2.05,0,LOW,18420.0,19893.6,0.0,Billed amount exceeds expected amount; No major revenue-loss evidence detected
TEST000727,No Revenue Leakage,3.8,0,LOW,30660.0,36178.8,0.0,Billed amount exceeds expected amount; No major revenue-loss evidence detected
TEST000728,No Revenue Leakage,2.01,0,LOW,58925.0,66585.25,0.0,Billed amount exceeds expected amount; No major revenue-loss evidence detected
TEST000729,No Revenue Leakage,65.17,0,LOW,17075.0,18723.38,0.0,Billed amount exceeds expected amount; No major revenue-loss evidence detected
TEST000730,No Revenue Leakage,2.88,0,LOW,43785.0,47287.8,0.0,Billed amount exceeds expected amount; No major revenue-loss evidence detected
TEST000731,No Revenue Leakage,12.59,0,LOW,12530.0,14158.9,0.0,Billed amount exceeds expected amount; No major revenue-loss evidence detected
TEST000732,No Revenue Leakage,2.16,0,LOW,45000.0,46350.0,0.0,Billed amount exceeds expected amount; No major revenue-loss evidence detected
TEST000733,No Revenue Leakage,10.33,0,LOW,25250.0,27270.0,0.0,Billed amount exceeds expected amount; No major revenue-loss evidence detected
TEST000734,No Revenue Leakage,4.13,0,LOW,13570.0,16012.6,0.0,Billed amount exceeds expected amount; No major revenue-loss evidence detected
TEST000735,No Revenue Leakage,7.14,0,LOW,24530.0,28945.4,0.0,Billed amount exceeds expected amount; No major revenue-loss evidence detected
TEST000736,Revenue Leakage Detected,99.99,50,HIGH,25605.0,21359.0,4246.0,"Billed amount is ₹4,246.00 lower than expected"
TEST000737,Revenue Leakage Detected,99.9,50,HIGH,13850.0,11345.38,2504.62,"Billed amount is ₹2,504.62 lower than expected"
TEST000738,No Revenue Leakage,1.92,0,LOW,14585.0,15751.8,0.0,Billed amount exceeds expected amount; No major revenue-loss evidence detected
TEST000739,Potential Anomaly - Review,99.96,15,LOW,5445.0,6022.16,0.0,Billed amount exceeds expected amount; Tax underbilling detected (₹130.69)
TEST000740,No Revenue Leakage,6.43,0,LOW,13725.0,14823.0,0.0,Billed amount exceeds expected amount; No major revenue-loss evidence detected
TEST000741,No Revenue Leakage,1.6,0,LOW,3045.0,3136.35,0.0,Billed amount exceeds expected amount; No major revenue-loss evidence detected
TEST000742,Revenue Leakage Detected,99.99,50,HIGH,24750.0,22703.99,2046.01,"Billed amount is ₹2,046.01 lower than expected"
TEST000743,No Revenue Leakage,1.55,0,LOW,34775.0,35818.25,0.0,Billed amount exceeds expected amount; No major revenue-loss evidence detected
TEST000744,No Revenue Leakage,7.13,0,LOW,34350.0,37098.0,0.0,Billed amount exceeds expected amount; No major revenue-loss evidence detected
TEST000745,Potential Anomaly - Review,99.84,15,LOW,17860.0,20181.8,0.0,Billed amount exceeds expected amount; Applied discount exceeds allowed discount
TEST000746,No Revenue Leakage,4.5,0,LOW,8535.0,10071.3,0.0,Billed amount exceeds expected amount; No major revenue-loss evidence detected
TEST000747,No Revenue Leakage,3.73,0,LOW,9810.0,10594.8,0.0,Billed amount exceeds expected amount; No major revenue-loss evidence detected
TEST000748,No Revenue Leakage,1.31,0,LOW,40140.0,47365.2,0.0,Billed amount exceeds expected amount; No major revenue-loss evidence detected
TEST000749,Revenue Leakage Detected,99.94,50,HIGH,27860.0,22640.43,5219.57,"Billed amount is ₹5,219.57 lower than expected"
TEST000750,No Revenue Leakage,1.13,0,LOW,29800.0,30694.0,0.0,Billed amount exceeds expected amount; No major revenue-loss evidence detected
TEST000751,No Revenue Leakage,3.23,0,LOW,5240.0,5659.2,0.0,Billed amount exceeds expected amount; No major revenue-loss evidence detected
TEST000752,Potential Revenue Leakage,99.94,20,MEDIUM,14865.0,16705.7,0.0,Billed amount exceeds expected amount; Usage mismatch detected (167.00); ML model supports the anomaly
TEST000753,No Revenue Leakage,13.33,0,LOW,29700.0,33561.0,0.0,Billed amount exceeds expected amount; No major revenue-loss evidence detected
TEST000754,No Revenue Leakage,4.58,0,LOW,45020.0,53123.6,0.0,Billed amount exceeds expected amount; No major revenue-loss evidence detected
TEST000755,No Revenue Leakage,4.78,0,LOW,51025.0,52555.75,0.0,Billed amount exceeds expected amount; No major revenue-loss evidence detected
TEST000756,Revenue Leakage Detected,99.96,50,HIGH,12570.0,11659.87,910.13,Billed amount is ₹910.13 lower than expected
TEST000757,Potential Anomaly - Review,99.54,0,MEDIUM,9120.0,9317.49,0.0,"Billed amount exceeds expected amount; ML model detected an anomaly, but no direct revenue-loss evidence was found"
TEST000758,No Revenue Leakage,9.93,0,LOW,45550.0,51471.5,0.0,Billed amount exceeds expected amount; No major revenue-loss evidence detected
TEST000759,No Revenue Leakage,5.58,0,LOW,10550.0,11394.0,0.0,Billed amount exceeds expected amount; No major revenue-loss evidence detected
TEST000760,Revenue Leakage Detected,99.92,50,HIGH,54260.0,41162.85,13097.15,"Billed amount is ₹13,097.15 lower than expected"
TEST000761,Revenue Leakage Detected,99.99,65,HIGH,14700.0,13671.0,1029.0,"Billed amount is ₹1,029.00 lower than expected; Applied discount exceeds allowed discount"
TEST000762,No Revenue Leakage,4.68,0,LOW,17575.0,20738.5,0.0,Billed amount exceeds expected amount; No major revenue-loss evidence detected
TEST000763,No Revenue Leakage,11.39,0,LOW,24550.0,26514.0,0.0,Billed amount exceeds expected amount; No major revenue-loss evidence detected
TEST000764,No Revenue Leakage,1.32,0,LOW,33960.0,34978.8,0.0,Billed amount exceeds expected amount; No major revenue-loss evidence detected
TEST000765,No Revenue Leakage,7.66,0,LOW,26475.0,31240.5,0.0,Billed amount exceeds expected amount; No major revenue-loss evidence detected
TEST000766,No Revenue Leakage,3.74,0,LOW,45780.0,49442.4,0.0,Billed amount exceeds expected amount; No major revenue-loss evidence detected
TEST000767,No Revenue Leakage,8.63,0,LOW,22845.0,24672.6,0.0,Billed amount exceeds expected amount; No major revenue-loss evidence detected
TEST000768,No Revenue Leakage,2.75,0,LOW,8005.0,8245.15,0.0,Billed amount exceeds expected amount; No major revenue-loss evidence detected
TEST000769,No Revenue Leakage,14.38,0,LOW,4220.0,4346.6,0.0,Billed amount exceeds expected amount; No major revenue-loss evidence detected
TEST000770,No Revenue Leakage,14.29,0,LOW,13000.0,13390.0,0.0,Billed amount exceeds expected amount; No major revenue-loss evidence detected
TEST000771,No Revenue Leakage,5.54,0,LOW,49960.0,53956.8,0.0,Billed amount exceeds expected amount; No major revenue-loss evidence detected
TEST000772,Revenue Leakage Detected,99.92,50,HIGH,7620.0,5215.83,2404.17,"Billed amount is ₹2,404.17 lower than expected"
TEST000773,No Revenue Leakage,5.12,0,LOW,11730.0,12081.9,0.0,Billed amount exceeds expected amount; No major revenue-loss evidence detected
TEST000774,No Revenue Leakage,11.65,0,LOW,49680.0,51170.4,0.0,Billed amount exceeds expected amount; No major revenue-loss evidence detected
TEST000775,No Revenue Leakage,2.41,0,LOW,22940.0,24775.2,0.0,Billed amount exceeds expected amount; No major revenue-loss evidence detected
TEST000776,No Revenue Leakage,11.61,0,LOW,25920.0,26697.6,0.0,Billed amount exceeds expected amount; No major revenue-loss evidence detected
TEST000777,No Revenue Leakage,3.78,0,LOW,58125.0,68587.5,0.0,Billed amount exceeds expected amount; No major revenue-loss evidence detected
TEST000778,No Revenue Leakage,7.82,0,LOW,15960.0,18034.8,0.0,Billed amount exceeds expected amount; No major revenue-loss evidence detected
TEST000779,Potential Anomaly - Review,99.88,15,LOW,19620.0,22170.6,0.0,Billed amount exceeds expected amount; Applied discount exceeds allowed discount
TEST000780,No Revenue Leakage,6.9,0,LOW,21840.0,24679.2,0.0,Billed amount exceeds expected amount; No major revenue-loss evidence detected
TEST000781,Revenue Leakage Detected,99.8,65,HIGH,3975.0,3857.96,117.04,Billed amount is ₹117.04 lower than expected; Tax underbilling detected (₹236.29)
TEST000782,Revenue Leakage Detected,99.99,50,HIGH,22300.0,16164.75,6135.25,"Billed amount is ₹6,135.25 lower than expected"
TEST000783,No Revenue Leakage,3.78,0,LOW,9315.0,10991.7,0.0,Billed amount exceeds expected amount; No major revenue-loss evidence detected
TEST000784,No Revenue Leakage,6.8,0,LOW,10050.0,10854.0,0.0,Billed amount exceeds expected amount; No major revenue-loss evidence detected
TEST000785,No Revenue Leakage,12.23,0,LOW,56320.0,58009.6,0.0,Billed amount exceeds expected amount; No major revenue-loss evidence detected
TEST000786,No Revenue Leakage,2.64,0,LOW,26745.0,31559.1,0.0,Billed amount exceeds expected amount; No major revenue-loss evidence detected
TEST000787,No Revenue Leakage,7.45,0,LOW,28600.0,30888.0,0.0,Billed amount exceeds expected amount; No major revenue-loss evidence detected
TEST000788,No Revenue Leakage,8.5,0,LOW,48325.0,54607.25,0.0,Billed amount exceeds expected amount; No major revenue-loss evidence detected
TEST000789,No Revenue Leakage,3.55,0,LOW,11855.0,12210.65,0.0,Billed amount exceeds expected amount; No major revenue-loss evidence detected
TEST000790,Potential Revenue Leakage,99.87,20,MEDIUM,3970.0,4081.1,0.0,Billed amount exceeds expected amount; Usage mismatch detected (81.00); ML model supports the anomaly
TEST000791,No Revenue Leakage,7.37,0,LOW,39680.0,42854.4,0.0,Billed amount exceeds expected amount; No major revenue-loss evidence detected
TEST000792,No Revenue Leakage,1.97,0,LOW,14575.0,15741.0,0.0,Billed amount exceeds expected amount; No major revenue-loss evidence detected
TEST000793,No Revenue Leakage,9.21,0,LOW,9795.0,10578.6,0.0,Billed amount exceeds expected amount; No major revenue-loss evidence detected
TEST000794,Revenue Leakage Detected,99.82,50,HIGH,37000.0,36443.27,556.73,Billed amount is ₹556.73 lower than expected
TEST000795,No Revenue Leakage,6.93,0,LOW,12505.0,12880.15,0.0,Billed amount exceeds expected amount; No major revenue-loss evidence detected
TEST000796,No Revenue Leakage,6.64,0,LOW,22120.0,23889.6,0.0,Billed amount exceeds expected amount; No major revenue-loss evidence detected
TEST000797,No Revenue Leakage,3.17,0,LOW,65075.0,76788.5,0.0,Billed amount exceeds expected amount; No major revenue-loss evidence detected
TEST000798,No Revenue Leakage,2.6,0,LOW,7440.0,8035.2,0.0,Billed amount exceeds expected amount; No major revenue-loss evidence detected
TEST000799,No Revenue Leakage,8.04,0,LOW,28810.0,33995.8,0.0,Billed amount exceeds expected amount; No major revenue-loss evidence detected
TEST000800,Revenue Leakage Detected,99.85,50,HIGH,34455.0,28957.63,5497.37,"Billed amount is ₹5,497.37 lower than expected"
TEST000801,No Revenue Leakage,4.71,0,LOW,10580.0,10897.4,0.0,Billed amount exceeds expected amount; No major revenue-loss evidence detected
TEST000802,No Revenue Leakage,8.21,0,LOW,21470.0,25334.6,0.0,Billed amount exceeds expected amount; No major revenue-loss evidence detected
TEST000803,No Revenue Leakage,4.54,0,LOW,40675.0,41895.25,0.0,Billed amount exceeds expected amount; No major revenue-loss evidence detected
TEST000804,No Revenue Leakage,7.06,0,LOW,25620.0,27669.6,0.0,Billed amount exceeds expected amount; No major revenue-loss evidence detected
TEST000805,No Revenue Leakage,17.9,0,LOW,20190.0,22814.7,0.0,Billed amount exceeds expected amount; No major revenue-loss evidence detected
TEST000806,No Revenue Leakage,3.37,0,LOW,28920.0,34125.6,0.0,Billed amount exceeds expected amount; No major revenue-loss evidence detected
TEST000807,No Revenue Leakage,4.44,0,LOW,19070.0,20595.6,0.0,Billed amount exceeds expected amount; No major revenue-loss evidence detected
TEST000808,No Revenue Leakage,4.24,0,LOW,13675.0,15452.75,0.0,Billed amount exceeds expected amount; No major revenue-loss evidence detected
TEST000809,No Revenue Leakage,18.67,0,LOW,25460.0,30042.8,0.0,Billed amount exceeds expected amount; No major revenue-loss evidence detected
TEST000810,No Revenue Leakage,5.77,0,LOW,47150.0,53279.5,0.0,Billed amount exceeds expected amount; No major revenue-loss evidence detected
TEST000811,Potential Anomaly - Review,99.11,15,LOW,2795.0,2878.85,0.0,Billed amount exceeds expected amount; Applied discount exceeds allowed discount
TEST000812,No Revenue Leakage,1.92,0,LOW,16700.0,18036.0,0.0,Billed amount exceeds expected amount; No major revenue-loss evidence detected
TEST000813,No Revenue Leakage,10.97,0,LOW,12650.0,14927.0,0.0,Billed amount exceeds expected amount; No major revenue-loss evidence detected
TEST000814,Revenue Leakage Detected,99.98,70,HIGH,10920.0,9975.6,944.4,Billed amount is ₹944.40 lower than expected; Usage mismatch detected (194.00)
TEST000815,Revenue Leakage Detected,99.96,50,HIGH,70850.0,68900.36,1949.64,"Billed amount is ₹1,949.64 lower than expected"
TEST000816,No Revenue Leakage,3.84,0,LOW,13950.0,15763.5,0.0,Billed amount exceeds expected amount; No major revenue-loss evidence detected
TEST000817,No Revenue Leakage,1.33,0,LOW,28930.0,29797.9,0.0,Billed amount exceeds expected amount; No major revenue-loss evidence detected
TEST000818,Potential Revenue Leakage,99.94,20,MEDIUM,9190.0,9215.2,0.0,Billed amount exceeds expected amount; Usage mismatch detected (142.00); ML model supports the anomaly
TEST000819,No Revenue Leakage,3.68,0,LOW,50760.0,57358.8,0.0,Billed amount exceeds expected amount; No major revenue-loss evidence detected
TEST000820,No Revenue Leakage,3.59,0,LOW,27900.0,28737.0,0.0,Billed amount exceeds expected amount; No major revenue-loss evidence detected
TEST000821,Revenue Leakage Detected,99.94,50,HIGH,7070.0,6483.45,586.55,Billed amount is ₹586.55 lower than expected
TEST000822,No Revenue Leakage,1.15,0,LOW,44460.0,52462.8,0.0,Billed amount exceeds expected amount; No major revenue-loss evidence detected
TEST000823,No Revenue Leakage,15.45,0,LOW,20650.0,23334.5,0.0,Billed amount exceeds expected amount; No major revenue-loss evidence detected
TEST000824,No Revenue Leakage,3.66,0,LOW,5170.0,6100.6,0.0,Billed amount exceeds expected amount; No major revenue-loss evidence detected
TEST000825,No Revenue Leakage,1.74,0,LOW,39225.0,46285.5,0.0,Billed amount exceeds expected amount; No major revenue-loss evidence detected
TEST000826,No Revenue Leakage,2.38,0,LOW,38275.0,45164.5,0.0,Billed amount exceeds expected amount; No major revenue-loss evidence detected
TEST000827,No Revenue Leakage,8.27,0,LOW,2710.0,2926.8,0.0,Billed amount exceeds expected amount; No major revenue-loss evidence detected
TEST000828,No Revenue Leakage,28.29,0,LOW,22560.0,26620.8,0.0,Billed amount exceeds expected amount; No major revenue-loss evidence detected
TEST000829,No Revenue Leakage,14.13,0,LOW,58660.0,69218.8,0.0,Billed amount exceeds expected amount; No major revenue-loss evidence detected
TEST000830,Revenue Leakage Detected,99.99,50,HIGH,72275.0,66467.2,5807.8,"Billed amount is ₹5,807.80 lower than expected"
TEST000831,No Revenue Leakage,8.02,0,LOW,27200.0,30736.0,0.0,Billed amount exceeds expected amount; No major revenue-loss evidence detected
TEST000832,No Revenue Leakage,7.47,0,LOW,21255.0,24018.15,0.0,Billed amount exceeds expected amount; No major revenue-loss evidence detected
TEST000833,No Revenue Leakage,2.22,0,LOW,35020.0,41323.6,0.0,Billed amount exceeds expected amount; No major revenue-loss evidence detected
TEST000834,No Revenue Leakage,7.84,0,LOW,25160.0,27172.8,0.0,Billed amount exceeds expected amount; No major revenue-loss evidence detected
TEST000835,Revenue Leakage Detected,99.95,50,HIGH,11880.0,11472.31,407.69,Billed amount is ₹407.69 lower than expected
TEST000836,No Revenue Leakage,1.47,0,LOW,44595.0,50392.35,0.0,Billed amount exceeds expected amount; No major revenue-loss evidence detected
TEST000837,No Revenue Leakage,32.92,0,LOW,25040.0,29547.2,0.0,Billed amount exceeds expected amount; No major revenue-loss evidence detected
TEST000838,No Revenue Leakage,14.08,0,LOW,68175.0,70220.25,0.0,Billed amount exceeds expected amount; No major revenue-loss evidence detected
TEST000839,No Revenue Leakage,2.12,0,LOW,58580.0,63266.4,0.0,Billed amount exceeds expected amount; No major revenue-loss evidence detected
TEST000840,No Revenue Leakage,1.37,0,LOW,39405.0,46497.9,0.0,Billed amount exceeds expected amount; No major revenue-loss evidence detected
TEST000841,No Revenue Leakage,3.92,0,LOW,19875.0,21465.0,0.0,Billed amount exceeds expected amount; No major revenue-loss evidence detected
TEST000842,No Revenue Leakage,5.47,0,LOW,27690.0,28520.7,0.0,Billed amount exceeds expected amount; No major revenue-loss evidence detected
TEST000843,Revenue Leakage Detected,99.98,65,HIGH,11875.0,11043.75,831.25,Billed amount is ₹831.25 lower than expected; Applied discount exceeds allowed discount
TEST000844,No Revenue Leakage,7.96,0,LOW,12570.0,13575.6,0.0,Billed amount exceeds expected amount; No major revenue-loss evidence detected
TEST000845,Potential Revenue Leakage,99.87,20,MEDIUM,14845.0,15272.6,0.0,Billed amount exceeds expected amount; Usage mismatch detected (152.00); ML model supports the anomaly
TEST000846,No Revenue Leakage,5.24,0,LOW,24240.0,28603.2,0.0,Billed amount exceeds expected amount; No major revenue-loss evidence detected
TEST000847,No Revenue Leakage,12.52,0,LOW,8890.0,10045.7,0.0,Billed amount exceeds expected amount; No major revenue-loss evidence detected
TEST000848,No Revenue Leakage,3.22,0,LOW,24765.0,29222.7,0.0,Billed amount exceeds expected amount; No major revenue-loss evidence detected
TEST000849,No Revenue Leakage,6.23,0,LOW,9630.0,10400.4,0.0,Billed amount exceeds expected amount; No major revenue-loss evidence detected
TEST000850,No Revenue Leakage,5.15,0,LOW,8580.0,9695.4,0.0,Billed amount exceeds expected amount; No major revenue-loss evidence detected
TEST000851,Revenue Leakage Detected,99.99,65,HIGH,30285.0,29679.3,605.7,Billed amount is ₹605.70 lower than expected; Applied discount exceeds allowed discount
TEST000852,Revenue Leakage Detected,99.99,65,HIGH,42870.0,42012.6,857.4,Billed amount is ₹857.40 lower than expected; Applied discount exceeds allowed discount
TEST000853,No Revenue Leakage,3.48,0,LOW,23600.0,25488.0,0.0,Billed amount exceeds expected amount; No major revenue-loss evidence detected
TEST000854,No Revenue Leakage,6.96,0,LOW,32625.0,35235.0,0.0,Billed amount exceeds expected amount; No major revenue-loss evidence detected
TEST000855,No Revenue Leakage,16.3,0,LOW,70425.0,76059.0,0.0,Billed amount exceeds expected amount; No major revenue-loss evidence detected
TEST000856,No Revenue Leakage,4.68,0,LOW,44160.0,47692.8,0.0,Billed amount exceeds expected amount; No major revenue-loss evidence detected
TEST000857,No Revenue Leakage,9.69,0,LOW,15075.0,17034.75,0.0,Billed amount exceeds expected amount; No major revenue-loss evidence detected
TEST000858,Revenue Leakage Detected,99.81,50,HIGH,33480.0,25691.32,7788.68,"Billed amount is ₹7,788.68 lower than expected"
TEST000859,No Revenue Leakage,12.27,0,LOW,40140.0,45358.2,0.0,Billed amount exceeds expected amount; No major revenue-loss evidence detected
TEST000860,No Revenue Leakage,3.71,0,LOW,30060.0,35470.8,0.0,Billed amount exceeds expected amount; No major revenue-loss evidence detected
TEST000861,No Revenue Leakage,22.58,0,LOW,25280.0,29830.4,0.0,Billed amount exceeds expected amount; No major revenue-loss evidence detected
TEST000862,No Revenue Leakage,3.12,0,LOW,5100.0,5508.0,0.0,Billed amount exceeds expected amount; No major revenue-loss evidence detected
TEST000863,No Revenue Leakage,4.87,0,LOW,15420.0,15882.6,0.0,Billed amount exceeds expected amount; No major revenue-loss evidence detected
TEST000864,No Revenue Leakage,8.53,0,LOW,49320.0,50799.6,0.0,Billed amount exceeds expected amount; No major revenue-loss evidence detected
TEST000865,No Revenue Leakage,4.53,0,LOW,28305.0,29154.15,0.0,Billed amount exceeds expected amount; No major revenue-loss evidence detected
TEST000866,No Revenue Leakage,5.81,0,LOW,30450.0,35931.0,0.0,Billed amount exceeds expected amount; No major revenue-loss evidence detected
TEST000867,No Revenue Leakage,3.3,0,LOW,8715.0,10283.7,0.0,Billed amount exceeds expected amount; No major revenue-loss evidence detected
TEST000868,No Revenue Leakage,12.22,0,LOW,12815.0,13840.2,0.0,Billed amount exceeds expected amount; No major revenue-loss evidence detected
TEST000869,No Revenue Leakage,5.94,0,LOW,18390.0,18941.7,0.0,Billed amount exceeds expected amount; No major revenue-loss evidence detected
TEST000870,No Revenue Leakage,11.5,0,LOW,42090.0,43352.7,0.0,Billed amount exceeds expected amount; No major revenue-loss evidence detected
TEST000871,No Revenue Leakage,6.92,0,LOW,41055.0,46392.15,0.0,Billed amount exceeds expected amount; No major revenue-loss evidence detected
TEST000872,No Revenue Leakage,1.35,0,LOW,29790.0,30683.7,0.0,Billed amount exceeds expected amount; No major revenue-loss evidence detected
TEST000873,Revenue Leakage Detected,99.91,50,HIGH,17730.0,16685.83,1044.17,"Billed amount is ₹1,044.17 lower than expected"
TEST000874,No Revenue Leakage,3.46,0,LOW,47150.0,48564.5,0.0,Billed amount exceeds expected amount; No major revenue-loss evidence detected
TEST000875,No Revenue Leakage,2.39,0,LOW,4465.0,4822.2,0.0,Billed amount exceeds expected amount; No major revenue-loss evidence detected
TEST000876,No Revenue Leakage,3.79,0,LOW,26020.0,30703.6,0.0,Billed amount exceeds expected amount; No major revenue-loss evidence detected
TEST000877,No Revenue Leakage,8.19,0,LOW,14715.0,15156.45,0.0,Billed amount exceeds expected amount; No major revenue-loss evidence detected
TEST000878,No Revenue Leakage,3.23,0,LOW,19270.0,21775.1,0.0,Billed amount exceeds expected amount; No major revenue-loss evidence detected
TEST000879,Potential Anomaly - Review,99.91,15,LOW,13660.0,14069.8,0.0,Billed amount exceeds expected amount; Applied discount exceeds allowed discount
TEST000880,No Revenue Leakage,7.33,0,LOW,3555.0,4017.15,0.0,Billed amount exceeds expected amount; No major revenue-loss evidence detected
TEST000881,No Revenue Leakage,2.0,0,LOW,7505.0,8105.4,0.0,Billed amount exceeds expected amount; No major revenue-loss evidence detected
TEST000882,Potential Revenue Leakage,99.98,20,MEDIUM,42860.0,45854.8,0.0,Billed amount exceeds expected amount; Usage mismatch detected (236.00); ML model supports the anomaly
TEST000883,No Revenue Leakage,2.37,0,LOW,5170.0,5583.6,0.0,Billed amount exceeds expected amount; No major revenue-loss evidence detected
TEST000884,No Revenue Leakage,4.89,0,LOW,30795.0,33258.6,0.0,Billed amount exceeds expected amount; No major revenue-loss evidence detected
TEST000885,Potential Anomaly - Review,99.95,15,LOW,5840.0,6015.2,0.0,Billed amount exceeds expected amount; Applied discount exceeds allowed discount
TEST000886,No Revenue Leakage,3.08,0,LOW,3880.0,4578.4,0.0,Billed amount exceeds expected amount; No major revenue-loss evidence detected
TEST000887,No Revenue Leakage,4.81,0,LOW,35800.0,36874.0,0.0,Billed amount exceeds expected amount; No major revenue-loss evidence detected
TEST000888,No Revenue Leakage,7.74,0,LOW,55340.0,65301.2,0.0,Billed amount exceeds expected amount; No major revenue-loss evidence detected
TEST000889,No Revenue Leakage,7.8,0,LOW,21010.0,23741.3,0.0,Billed amount exceeds expected amount; No major revenue-loss evidence detected
TEST000890,Potential Revenue Leakage,99.98,20,MEDIUM,6075.0,6753.5,0.0,Billed amount exceeds expected amount; Usage mismatch detected (83.00); ML model supports the anomaly
TEST000891,No Revenue Leakage,2.38,0,LOW,17295.0,20408.1,0.0,Billed amount exceeds expected amount; No major revenue-loss evidence detected
TEST000892,Revenue Leakage Detected,99.93,50,HIGH,10740.0,8392.71,2347.29,"Billed amount is ₹2,347.29 lower than expected"
TEST000893,No Revenue Leakage,9.23,0,LOW,11700.0,12636.0,0.0,Billed amount exceeds expected amount; No major revenue-loss evidence detected
TEST000894,No Revenue Leakage,7.51,0,LOW,10420.0,12295.6,0.0,Billed amount exceeds expected amount; No major revenue-loss evidence detected
TEST000895,No Revenue Leakage,6.37,0,LOW,6135.0,6319.05,0.0,Billed amount exceeds expected amount; No major revenue-loss evidence detected
TEST000896,No Revenue Leakage,2.64,0,LOW,39980.0,47176.4,0.0,Billed amount exceeds expected amount; No major revenue-loss evidence detected
TEST000897,Potential Anomaly - Review,99.86,15,LOW,36900.0,38007.0,0.0,Billed amount exceeds expected amount; Applied discount exceeds allowed discount
TEST000898,No Revenue Leakage,7.95,0,LOW,71775.0,81105.75,0.0,Billed amount exceeds expected amount; No major revenue-loss evidence detected
TEST000899,No Revenue Leakage,4.16,0,LOW,56120.0,60609.6,0.0,Billed amount exceeds expected amount; No major revenue-loss evidence detected
TEST000900,No Revenue Leakage,5.56,0,LOW,11370.0,11711.1,0.0,Billed amount exceeds expected amount; No major revenue-loss evidence detected
TEST000901,No Revenue Leakage,18.92,0,LOW,65325.0,70551.0,0.0,Billed amount exceeds expected amount; No major revenue-loss evidence detected
TEST000902,No Revenue Leakage,5.66,0,LOW,21840.0,22495.2,0.0,Billed amount exceeds expected amount; No major revenue-loss evidence detected
TEST000903,No Revenue Leakage,3.32,0,LOW,27960.0,30196.8,0.0,Billed amount exceeds expected amount; No major revenue-loss evidence detected
TEST000904,No Revenue Leakage,12.71,0,LOW,67675.0,69705.25,0.0,Billed amount exceeds expected amount; No major revenue-loss evidence detected
TEST000905,No Revenue Leakage,2.51,0,LOW,34515.0,35550.45,0.0,Billed amount exceeds expected amount; No major revenue-loss evidence detected
TEST000906,No Revenue Leakage,8.1,0,LOW,12285.0,13882.05,0.0,Billed amount exceeds expected amount; No major revenue-loss evidence detected
TEST000907,Revenue Leakage Detected,99.98,50,HIGH,10760.0,9524.32,1235.68,"Billed amount is ₹1,235.68 lower than expected"
TEST000908,No Revenue Leakage,1.94,0,LOW,7765.0,7997.95,0.0,Billed amount exceeds expected amount; No major revenue-loss evidence detected
TEST000909,Revenue Leakage Detected,99.98,65,HIGH,11820.0,11583.6,236.4,Billed amount is ₹236.40 lower than expected; Applied discount exceeds allowed discount
TEST000910,No Revenue Leakage,5.22,0,LOW,31965.0,36120.45,0.0,Billed amount exceeds expected amount; No major revenue-loss evidence detected
TEST000911,No Revenue Leakage,11.63,0,LOW,9240.0,10441.2,0.0,Billed amount exceeds expected amount; No major revenue-loss evidence detected
TEST000912,No Revenue Leakage,4.91,0,LOW,16590.0,17087.7,0.0,Billed amount exceeds expected amount; No major revenue-loss evidence detected
TEST000913,No Revenue Leakage,8.26,0,LOW,19225.0,21724.25,0.0,Billed amount exceeds expected amount; No major revenue-loss evidence detected
TEST000914,No Revenue Leakage,13.23,0,LOW,67425.0,72819.0,0.0,Billed amount exceeds expected amount; No major revenue-loss evidence detected
TEST000915,No Revenue Leakage,6.53,0,LOW,4845.0,5474.85,0.0,Billed amount exceeds expected amount; No major revenue-loss evidence detected
TEST000916,No Revenue Leakage,3.85,0,LOW,57425.0,67761.5,0.0,Billed amount exceeds expected amount; No major revenue-loss evidence detected
TEST000917,No Revenue Leakage,4.76,0,LOW,27700.0,29916.0,0.0,Billed amount exceeds expected amount; No major revenue-loss evidence detected
TEST000918,Revenue Leakage Detected,99.99,50,HIGH,57180.0,51212.0,5968.0,"Billed amount is ₹5,968.00 lower than expected"
TEST000919,No Revenue Leakage,7.71,0,LOW,15440.0,16675.2,0.0,Billed amount exceeds expected amount; No major revenue-loss evidence detected
TEST000920,No Revenue Leakage,2.6,0,LOW,16925.0,19125.25,0.0,Billed amount exceeds expected amount; No major revenue-loss evidence detected
TEST000921,Potential Revenue Leakage,99.93,20,MEDIUM,9095.0,9122.6,0.0,Billed amount exceeds expected amount; Usage mismatch detected (140.00); ML model supports the anomaly
TEST000922,No Revenue Leakage,4.98,0,LOW,2895.0,2981.85,0.0,Billed amount exceeds expected amount; No major revenue-loss evidence detected
TEST000923,Revenue Leakage Detected,99.98,50,HIGH,17085.0,15275.8,1809.2,"Billed amount is ₹1,809.20 lower than expected"
TEST000924,No Revenue Leakage,9.16,0,LOW,13420.0,14493.6,0.0,Billed amount exceeds expected amount; No major revenue-loss evidence detected
TEST000925,Revenue Leakage Detected,99.99,65,HIGH,40800.0,39984.0,816.0,Billed amount is ₹816.00 lower than expected; Applied discount exceeds allowed discount
TEST000926,Revenue Leakage Detected,99.96,50,HIGH,22900.0,21030.32,1869.68,"Billed amount is ₹1,869.68 lower than expected"
TEST000927,Revenue Leakage Detected,99.98,50,HIGH,53700.0,52700.75,999.25,Billed amount is ₹999.25 lower than expected
TEST000928,No Revenue Leakage,1.71,0,LOW,35050.0,36101.5,0.0,Billed amount exceeds expected amount; No major revenue-loss evidence detected
TEST000929,No Revenue Leakage,5.46,0,LOW,30780.0,34781.4,0.0,Billed amount exceeds expected amount; No major revenue-loss evidence detected
TEST000930,Potential Anomaly - Review,87.55,0,MEDIUM,21260.0,22743.43,0.0,"Billed amount exceeds expected amount; ML model detected an anomaly, but no direct revenue-loss evidence was found"
TEST000931,No Revenue Leakage,39.18,0,LOW,69950.0,72048.5,0.0,Billed amount exceeds expected amount; No major revenue-loss evidence detected
TEST000932,No Revenue Leakage,4.58,0,LOW,27060.0,27871.8,0.0,Billed amount exceeds expected amount; No major revenue-loss evidence detected
TEST000933,No Revenue Leakage,5.44,0,LOW,13430.0,14504.4,0.0,Billed amount exceeds expected amount; No major revenue-loss evidence detected
TEST000934,No Revenue Leakage,10.68,0,LOW,6470.0,6664.1,0.0,Billed amount exceeds expected amount; No major revenue-loss evidence detected
TEST000935,No Revenue Leakage,1.48,0,LOW,39510.0,46621.8,0.0,Billed amount exceeds expected amount; No major revenue-loss evidence detected
TEST000936,Revenue Leakage Detected,99.97,50,HIGH,26940.0,25764.56,1175.44,"Billed amount is ₹1,175.44 lower than expected"
TEST000937,Potential Anomaly - Review,99.96,15,LOW,6980.0,8022.22,0.0,Billed amount exceeds expected amount; Tax underbilling detected (₹214.18)
TEST000938,No Revenue Leakage,5.82,0,LOW,14535.0,16424.55,0.0,Billed amount exceeds expected amount; No major revenue-loss evidence detected
TEST000939,No Revenue Leakage,37.89,0,LOW,14505.0,14988.91,0.0,Billed amount exceeds expected amount; No major revenue-loss evidence detected
TEST000940,Revenue Leakage Detected,99.98,70,HIGH,12740.0,12724.2,15.8,Billed amount is ₹15.80 lower than expected; Usage mismatch detected (207.00)
TEST000941,No Revenue Leakage,4.57,0,LOW,12130.0,12493.9,0.0,Billed amount exceeds expected amount; No major revenue-loss evidence detected
TEST000942,No Revenue Leakage,4.98,0,LOW,8710.0,8971.3,0.0,Billed amount exceeds expected amount; No major revenue-loss evidence detected
TEST000943,No Revenue Leakage,6.02,0,LOW,18870.0,20379.6,0.0,Billed amount exceeds expected amount; No major revenue-loss evidence detected
TEST000944,No Revenue Leakage,12.23,0,LOW,34300.0,35329.0,0.0,Billed amount exceeds expected amount; No major revenue-loss evidence detected
TEST000945,No Revenue Leakage,6.69,0,LOW,5915.0,6092.45,0.0,Billed amount exceeds expected amount; No major revenue-loss evidence detected
TEST000946,No Revenue Leakage,3.33,0,LOW,24315.0,25044.45,0.0,Billed amount exceeds expected amount; No major revenue-loss evidence detected
TEST000947,No Revenue Leakage,11.95,0,LOW,29625.0,34957.5,0.0,Billed amount exceeds expected amount; No major revenue-loss evidence detected
TEST000948,No Revenue Leakage,4.11,0,LOW,9735.0,10513.8,0.0,Billed amount exceeds expected amount; No major revenue-loss evidence detected
TEST000949,Potential Revenue Leakage,99.98,20,MEDIUM,41355.0,46278.9,0.0,Billed amount exceeds expected amount; Usage mismatch detected (168.00); ML model supports the anomaly
TEST000950,No Revenue Leakage,2.29,0,LOW,10370.0,12236.6,0.0,Billed amount exceeds expected amount; No major revenue-loss evidence detected
TEST000951,No Revenue Leakage,7.22,0,LOW,22500.0,25425.0,0.0,Billed amount exceeds expected amount; No major revenue-loss evidence detected
TEST000952,No Revenue Leakage,1.02,0,LOW,12000.0,14160.0,0.0,Billed amount exceeds expected amount; No major revenue-loss evidence detected
TEST000953,No Revenue Leakage,8.86,0,LOW,13930.0,14347.9,0.0,Billed amount exceeds expected amount; No major revenue-loss evidence detected
TEST000954,Potential Revenue Leakage,99.91,20,MEDIUM,56200.0,58696.0,0.0,Billed amount exceeds expected amount; Usage mismatch detected (100.00); ML model supports the anomaly
TEST000955,No Revenue Leakage,4.08,0,LOW,9685.0,9975.55,0.0,Billed amount exceeds expected amount; No major revenue-loss evidence detected
TEST000956,No Revenue Leakage,11.25,0,LOW,25780.0,30420.4,0.0,Billed amount exceeds expected amount; No major revenue-loss evidence detected
TEST000957,No Revenue Leakage,11.05,0,LOW,40600.0,45878.0,0.0,Billed amount exceeds expected amount; No major revenue-loss evidence detected
TEST000958,Revenue Leakage Detected,99.99,50,HIGH,32820.0,30262.31,2557.69,"Billed amount is ₹2,557.69 lower than expected"
TEST000959,No Revenue Leakage,12.76,0,LOW,67400.0,76162.0,0.0,Billed amount exceeds expected amount; No major revenue-loss evidence detected
TEST000960,No Revenue Leakage,2.76,0,LOW,15260.0,15717.8,0.0,Billed amount exceeds expected amount; No major revenue-loss evidence detected
TEST000961,Potential Anomaly - Review,99.93,15,LOW,11145.0,12036.6,0.0,Billed amount exceeds expected amount; Applied discount exceeds allowed discount
TEST000962,No Revenue Leakage,3.4,0,LOW,47400.0,55932.0,0.0,Billed amount exceeds expected amount; No major revenue-loss evidence detected
TEST000963,No Revenue Leakage,3.34,0,LOW,3000.0,3240.0,0.0,Billed amount exceeds expected amount; No major revenue-loss evidence detected
TEST000964,No Revenue Leakage,1.21,0,LOW,20525.0,21140.75,0.0,Billed amount exceeds expected amount; No major revenue-loss evidence detected
TEST000965,No Revenue Leakage,4.09,0,LOW,8980.0,9249.4,0.0,Billed amount exceeds expected amount; No major revenue-loss evidence detected
TEST000966,No Revenue Leakage,8.61,0,LOW,10355.0,11701.15,0.0,Billed amount exceeds expected amount; No major revenue-loss evidence detected
TEST000967,Revenue Leakage Detected,99.96,65,HIGH,28395.0,27908.66,486.34,"Billed amount is ₹486.34 lower than expected; Tax underbilling detected (₹1,338.19)"
TEST000968,No Revenue Leakage,2.59,0,LOW,9325.0,9604.75,0.0,Billed amount exceeds expected amount; No major revenue-loss evidence detected
TEST000969,Revenue Leakage Detected,99.93,65,HIGH,31800.0,30627.58,1172.42,"Billed amount is ₹1,172.42 lower than expected; Tax underbilling detected (₹2,126.42)"
TEST000970,No Revenue Leakage,2.32,0,LOW,6815.0,8041.7,0.0,Billed amount exceeds expected amount; No major revenue-loss evidence detected
TEST000971,No Revenue Leakage,6.04,0,LOW,45680.0,53902.4,0.0,Billed amount exceeds expected amount; No major revenue-loss evidence detected
TEST000972,No Revenue Leakage,4.17,0,LOW,2885.0,2971.55,0.0,Billed amount exceeds expected amount; No major revenue-loss evidence detected
TEST000973,Revenue Leakage Detected,99.83,50,HIGH,15320.0,11936.67,3383.33,"Billed amount is ₹3,383.33 lower than expected"
TEST000974,No Revenue Leakage,6.86,0,LOW,48680.0,50140.4,0.0,Billed amount exceeds expected amount; No major revenue-loss evidence detected
TEST000975,No Revenue Leakage,3.61,0,LOW,21675.0,22325.25,0.0,Billed amount exceeds expected amount; No major revenue-loss evidence detected
TEST000976,No Revenue Leakage,3.67,0,LOW,28590.0,33736.2,0.0,Billed amount exceeds expected amount; No major revenue-loss evidence detected
TEST000977,No Revenue Leakage,8.19,0,LOW,31335.0,36975.3,0.0,Billed amount exceeds expected amount; No major revenue-loss evidence detected
TEST000978,No Revenue Leakage,6.25,0,LOW,21255.0,25080.9,0.0,Billed amount exceeds expected amount; No major revenue-loss evidence detected
TEST000979,No Revenue Leakage,8.12,0,LOW,37635.0,44409.3,0.0,Billed amount exceeds expected amount; No major revenue-loss evidence detected
TEST000980,No Revenue Leakage,2.47,0,LOW,56875.0,67112.5,0.0,Billed amount exceeds expected amount; No major revenue-loss evidence detected
TEST000981,No Revenue Leakage,10.33,0,LOW,15440.0,16675.2,0.0,Billed amount exceeds expected amount; No major revenue-loss evidence detected
TEST000982,No Revenue Leakage,1.55,0,LOW,68200.0,80476.0,0.0,Billed amount exceeds expected amount; No major revenue-loss evidence detected
TEST000983,No Revenue Leakage,4.5,0,LOW,10830.0,11696.4,0.0,Billed amount exceeds expected amount; No major revenue-loss evidence detected
TEST000984,No Revenue Leakage,8.58,0,LOW,27125.0,30651.25,0.0,Billed amount exceeds expected amount; No major revenue-loss evidence detected
TEST000985,No Revenue Leakage,1.65,0,LOW,4795.0,5178.6,0.0,Billed amount exceeds expected amount; No major revenue-loss evidence detected
TEST000986,No Revenue Leakage,6.54,0,LOW,66325.0,74947.25,0.0,Billed amount exceeds expected amount; No major revenue-loss evidence detected
TEST000987,Potential Anomaly - Review,99.7,15,LOW,29840.0,30074.84,0.0,Billed amount exceeds expected amount; Tax underbilling detected (₹660.36)
TEST000988,No Revenue Leakage,3.07,0,LOW,9970.0,10269.1,0.0,Billed amount exceeds expected amount; No major revenue-loss evidence detected
TEST000989,Revenue Leakage Detected,99.97,65,HIGH,9490.0,9300.2,189.8,Billed amount is ₹189.80 lower than expected; Applied discount exceeds allowed discount
TEST000990,Revenue Leakage Detected,99.94,70,HIGH,18450.0,16913.5,1536.5,"Billed amount is ₹1,536.50 lower than expected; Usage mismatch detected (209.00)"
TEST000991,Revenue Leakage Detected,99.99,65,HIGH,50500.0,46965.0,3535.0,"Billed amount is ₹3,535.00 lower than expected; Applied discount exceeds allowed discount"
TEST000992,No Revenue Leakage,16.61,0,LOW,12780.0,14441.4,0.0,Billed amount exceeds expected amount; No major revenue-loss evidence detected
TEST000993,Revenue Leakage Detected,99.98,70,HIGH,45180.0,43874.4,1305.6,"Billed amount is ₹1,305.60 lower than expected; Usage mismatch detected (246.00)"
TEST000994,No Revenue Leakage,5.71,0,LOW,19750.0,22317.5,0.0,Billed amount exceeds expected amount; No major revenue-loss evidence detected
TEST000995,No Revenue Leakage,10.82,0,LOW,38100.0,43053.0,0.0,Billed amount exceeds expected amount; No major revenue-loss evidence detected
TEST000996,No Revenue Leakage,3.52,0,LOW,2920.0,3153.6,0.0,Billed amount exceeds expected amount; No major revenue-loss evidence detected
TEST000997,No Revenue Leakage,3.95,0,LOW,52620.0,56829.6,0.0,Billed amount exceeds expected amount; No major revenue-loss evidence detected
TEST000998,No Revenue Leakage,28.69,0,LOW,54775.0,61895.75,0.0,Billed amount exceeds expected amount; No major revenue-loss evidence detected
TEST000999,No Revenue Leakage,4.78,0,LOW,18600.0,19158.0,0.0,Billed amount exceeds expected amount; No major revenue-loss evidence detected
TEST001000,No Revenue Leakage,13.46,0,LOW,12630.0,14271.9,0.0,Billed amount exceeds expected amount; No major revenue-loss evidence detected
